
--==========================  USERS  =====================--

-- DROP USER characterBuilder CASCADE;

-- CREATE USER characterBuilder
-- IDENTIFIED BY povertyrules
-- DEFAULT TABLESPACE users
-- TEMPORARY TABLESPACE temp;
--
-- GRANT connect to characterBuilder;
-- GRANT resource to characterBuilder;
-- GRANT CREATE SESSION TO characterBuilder;
-- GRANT CREATE TABLE TO characterBuilder;
-- GRANT CREATE VIEW TO characterBuilder;
-- GRANT CREATE MATERIALIZED VIEW TO characterBuilder;
-- GRANT create session to characterBuilder;
-- ALTER USER characterBuilder QUOTA 10m ON users;
--
-- conn characterBuilder/povertyrules


DROP USER characterBuilderTest CASCADE;

CREATE USER characterBuilderTest
IDENTIFIED BY povertyrules
DEFAULT TABLESPACE users
TEMPORARY TABLESPACE temp;

GRANT connect to characterBuilderTest;
GRANT resource to characterBuilderTest;
GRANT CREATE SESSION TO characterBuilderTest;
GRANT CREATE TABLE TO characterBuilderTest;
GRANT CREATE VIEW TO characterBuilderTest;
GRANT CREATE MATERIALIZED VIEW TO characterBuilderTest;
GRANT DEBUG CONNECT SESSION TO characterBuilderTest;
GRANT DEBUG ANY PROCEDURE TO characterBuilderTest;
GRANT create session to characterBuilderTest;
ALTER USER characterBuilderTest QUOTA 10m ON users;

conn characterBuilderTest/povertyrules

--==========================  SEQUENCES  =====================--

CREATE SEQUENCE PERMISSION_ID_SEQ START WITH 50;
CREATE SEQUENCE COORDINATE_ID_SEQ START WITH 110;
CREATE SEQUENCE LOCATION_ID_SEQ START WITH 2005;
CREATE SEQUENCE USER_ID_SEQ START WITH 1050;
CREATE SEQUENCE EVENT_ID_SEQ START WITH 50;
CREATE SEQUENCE EVENT_IMAGE_ID_SEQ START WITH 50;
CREATE SEQUENCE SKILL_MAP_ID_SEQ START WITH 5000;
CREATE SEQUENCE SKILL_DESCRIPTION_ID_SEQ START WITH 5000;
CREATE SEQUENCE EVENT_DESCRIPTION_ID_SEQ START WITH 5000;
CREATE SEQUENCE EVENT_TIME_ID_SEQ START WITH 5000;
CREATE SEQUENCE PARTICIPANT_ID_SEQ START WITH 5000;
CREATE SEQUENCE SKILL_ID_SEQ START WITH 1000;
CREATE SEQUENCE PROFILE_LINK_SEQ START WITH 1000;
CREATE SEQUENCE RATING_SEQ START WITH 5000;
CREATE SEQUENCE CATEGORY_SEQ START WITH 20;
CREATE SEQUENCE MESSAGE_ID_SEQ START WITH 20;

--==========================  TYPES  =====================--


--------- FORCE DROP DEPENDANT TYPES ----------
-- DROP TYPE DESCRIPTION_TABLE FORCE;
-- DROP TYPE DESCRIPTION_LIST_TABLE FORCE;


--------------- OBJECT TYPES ------------------
CREATE OR REPLACE TYPE DESCRIPTION_LIST AS OBJECT(
    ID NUMBER,
    POSITION NUMBER(3),
    TEXT VARCHAR(256)
);
/

CREATE OR REPLACE TYPE DESCRIPTION_TYPE AS OBJECT(
    ID NUMBER,
    TEXT CLOB
);
/

create or replace TYPE LINK_TYPE AS OBJECT (
    ID NUMBER,
    USER_ID NUMBER,
    CREATOR_ID NUMBER,
    IS_GOOD NUMBER(1),
    REASON VARCHAR2(256)
);
/

CREATE OR REPLACE TYPE PROFILE_LINK_TYPE AS OBJECT (
    ID NUMBER,
    USER_ID_1 NUMBER,
    USER_ID_2 NUMBER,
    CREATOR_ID NUMBER,
    IS_GOOD NUMBER(1),
    REASON VARCHAR(256)
);
/

CREATE OR REPLACE TYPE EVENT_MESSAGE_TYPE AS OBJECT (
  ID NUMBER,
  SENDER_ID NUMBER,
  EVENT_ID NUMBER,
  RECIPIENT_ID NUMBER,
  MESSAGE VARCHAR2(256),
  TIME_STAMP TIMESTAMP
);
/

CREATE OR REPLACE TYPE EVENT_TIME_MESSAGE_TYPE AS OBJECT (
  ID NUMBER,
  SENDER_ID NUMBER,
  EVENT_TIME_ID NUMBER,
  RECIPIENT_ID NUMBER,
  MESSAGE VARCHAR2(256),
  TIME_STAMP TIMESTAMP
);
/

--------------- TABLE TYPES -----------------
CREATE OR REPLACE TYPE DESCRIPTION_TABLE IS TABLE OF DESCRIPTION_TYPE;
/

CREATE OR REPLACE TYPE DESCRIPTION_LIST_TABLE IS TABLE OF DESCRIPTION_LIST;
/

CREATE OR REPLACE TYPE LINK_TABLE IS TABLE OF LINK_TYPE;
/

CREATE OR REPLACE TYPE NUMBER_ARRAY IS TABLE OF NUMBER;
/

CREATE OR REPLACE TYPE PROFILE_LINK_TABLE IS TABLE OF PROFILE_LINK_TYPE;
/

CREATE OR REPLACE TYPE EVENT_MESSAGE_TABLE IS TABLE OF EVENT_MESSAGE_TYPE;
/

CREATE OR REPLACE TYPE EVENT_TIME_MESSAGE_TABLE IS TABLE OF EVENT_TIME_MESSAGE_TYPE;
/

--==========================  TABLES  =====================--

CREATE TABLE PERMISSION (
  ID NUMBER PRIMARY KEY,
  PERMISSION_LEVEL VARCHAR2(16)
);

CREATE TABLE CB_USER (
  ID NUMBER PRIMARY KEY,
  NAME VARCHAR2(64),
  EMAIL VARCHAR2(128) UNIQUE,
  PHONE_NUMBER NUMBER(11),
  PERMISSION_ID NUMBER,
  PASSWORD VARCHAR(128),
  LAST_LOCATION_ID NUMBER(2),
  TITLE VARCHAR(64),
  USER_STANDING NUMBER(2),
  PHOTO BLOB,
  CONSTRAINT FK_USER_PERMISSION FOREIGN KEY (PERMISSION_ID) REFERENCES PERMISSION(ID)
);

CREATE TABLE CATEGORY(
  ID NUMBER PRIMARY KEY,
  NAME VARCHAR2(32),
  POST_DESCRIPTION VARCHAR2(256),
  ATTEND_DESCRIPTION VARCHAR2(256)
);

CREATE TABLE CATEGORY_PREFERENCE(
  ID NUMBER,
  USER_ID NUMBER,
  CATEGORY_ID NUMBER,
  POSITION NUMBER(2),
  CONSTRAINT FK_CAT_PREF_CAT FOREIGN KEY (CATEGORY_ID) REFERENCES CATEGORY(ID),
  CONSTRAINT FK_CAT_PREF_USER FOREIGN KEY (USER_ID) REFERENCES CB_USER(ID)
);

CREATE TABLE COORDINATE (
  ID NUMBER PRIMARY KEY,
  LONGITUDE NUMBER(8,5),
  LATITUDE NUMBER(7,5)
);

CREATE TABLE LOCATION (
  ID NUMBER PRIMARY KEY,
  USER_ID NUMBER,
  COORDINATE_ID NUMBER,
  NAME VARCHAR2(32),
  RADIUS_METERS NUMBER(8),
  CONSTRAINT FK_LOCATION_USER FOREIGN KEY (USER_ID) REFERENCES CB_USER(ID),
  CONSTRAINT FK_LOCATION_COORDINATE FOREIGN KEY (COORDINATE_ID) REFERENCES COORDINATE(ID)
);

CREATE TABLE EVENT (
  ID NUMBER PRIMARY KEY,
  TITLE VARCHAR2(128),
  CATEGORY_ID NUMBER,
  POSTER_ID NUMBER,
  EVENT_STANDING NUMBER(2),
  CONSTRAINT FK_EVENT_USER FOREIGN KEY (POSTER_ID) REFERENCES CB_USER(ID),
  CONSTRAINT FK_EVENT_CATEGORY FOREIGN KEY (CATEGORY_ID) REFERENCES CATEGORY(ID)
);

CREATE TABLE EVENT_IMAGE (
    ID NUMBER PRIMARY KEY,
    EVENT_ID NUMBER,
    PHOTO BLOB,
    POSITION NUMBER (2),
    CONSTRAINT FK_EVENT_IMAGE_EVENT FOREIGN KEY (EVENT_ID) REFERENCES EVENT(ID)
);

CREATE TABLE SKILL(
  ID NUMBER PRIMARY KEY,
  VALUE VARCHAR2(32) UNIQUE
);

CREATE TABLE  SKILL_MAP(
  ID NUMBER PRIMARY KEY,
  SKILL_ID NUMBER,
  EVENT_ID NUMBER,
  ATTRIBUTER_ID NUMBER,
  RECIEVER_ID NUMBER,
  VALUE NUMBER(1),
  ATTR_SKILL_SNP_SHT_VALUE NUMBER(1),
  CONSTRAINT FK_EVENT_ID_EVENT FOREIGN KEY (EVENT_ID) REFERENCES EVENT(ID),
  CONSTRAINT FK_ATTRIBUTER_ID_USER FOREIGN KEY (ATTRIBUTER_ID) REFERENCES CB_USER(ID),
  CONSTRAINT FK_RECIEVER_ID_USER FOREIGN KEY (RECIEVER_ID) REFERENCES CB_USER(ID),
  CONSTRAINT FK_SKILL_MAP_SKILL FOREIGN KEY (SKILL_ID) REFERENCES SKILL(ID),
  CONSTRAINT MAP_RECIEVER_ATTRIBUTER_NOT_EQ CHECK (ATTRIBUTER_ID != RECIEVER_ID)
);

CREATE TABLE SKILL_DESCRIPTION (
    SKILL_MAP_ID NUMBER,
    DESCRIPTION VARCHAR(256),
    POSITION NUMBER(4),
    CONSTRAINT FK_SKILL_DESCRIPTION_MAP FOREIGN KEY (SKILL_MAP_ID) REFERENCES SKILL_MAP(ID),
    CONSTRAINT SKILL_MAP_PK PRIMARY KEY (SKILL_MAP_ID, POSITION)
);

CREATE TABLE EVENT_DESCRIPTION (
    EVENT_ID NUMBER,
    DESCRIPTION VARCHAR(256),
    POSITION NUMBER(4),
    CONSTRAINT FK_EVENT_DESCRIPTION_EVENT FOREIGN KEY (EVENT_ID) REFERENCES EVENT(ID),
    CONSTRAINT EVENT_DESC_PK PRIMARY KEY (EVENT_ID, POSITION)
);

CREATE TABLE USER_DESCRIPTION (
    USER_ID NUMBER,
    DESCRIPTION VARCHAR(256),
    POSITION NUMBER(4),
    CONSTRAINT FK_USER_DESCRIPTION_MAP FOREIGN KEY (USER_ID) REFERENCES CB_USER(ID),
    CONSTRAINT USER_DESC_PK PRIMARY KEY (USER_ID, POSITION)
);

CREATE TABLE EVENT_TIME (
  ID NUMBER PRIMARY KEY,
  EVENT_ID NUMBER,
  TIME_STAMP TIMESTAMP,
  CONSTRAINT FK_EVENT_TIME_EVENT FOREIGN KEY (EVENT_ID) REFERENCES EVENT(ID)
);

CREATE TABLE PARTICIPANT (
  EVENT_TIME_ID NUMBER,
  USER_ID NUMBER,
  CONSTRAINT FK_PARTICIPANT_EVENT_TIME FOREIGN KEY (EVENT_TIME_ID) REFERENCES EVENT_TIME(ID),
  CONSTRAINT FK_PARTICIPANT_USER FOREIGN KEY (USER_ID) REFERENCES CB_USER(ID),
  CONSTRAINT COMP_PK_PARTICIPANT PRIMARY KEY (EVENT_TIME_ID, USER_ID)
);

CREATE TABLE PROFILE_LINK (
  ID NUMBER,
  USER_ID_1 NUMBER,
  USER_ID_2 NUMBER,
  CREATOR_ID NUMBER,
  IS_GOOD NUMBER(1),
  REASON VARCHAR2(256),
  CONSTRAINT FK_LINK_USER_1 FOREIGN KEY (USER_ID_1) REFERENCES CB_USER(ID),
  CONSTRAINT FK_LINK_USER_2 FOREIGN KEY (USER_ID_2) REFERENCES CB_USER(ID),
  CONSTRAINT FK_LINK_CREATOR_USER FOREIGN KEY (CREATOR_ID) REFERENCES CB_USER(ID),
  CONSTRAINT COMP_PK_PROFILE_LINK PRIMARY KEY (USER_ID_1, USER_ID_2, CREATOR_ID),
  CONSTRAINT LINK_REC_ATTR_NOT_EQ CHECK (USER_ID_1 != USER_ID_2)
);

CREATE TABLE USER_RATING (
  ID NUMBER PRIMARY KEY,
  ATTRIBUTER_ID NUMBER,
  RECIEVER_ID NUMBER,
  DESCRIPTION VARCHAR2(256),
  TIME_STAMP TIMESTAMP,
  VALUE NUMBER(1),
  ATTRIBUTER_SNAPSHOT_RATING NUMBER(1),
  CONSTRAINT FK_RAT_ATTRIBUTER_ID_USER FOREIGN KEY (ATTRIBUTER_ID) REFERENCES CB_USER(ID),
  CONSTRAINT FK_RAT_RECIEVER_ID_USER FOREIGN KEY (RECIEVER_ID) REFERENCES CB_USER(ID),
  CONSTRAINT RECIEVER_ATTRIBUTER_NOT_EQ CHECK (ATTRIBUTER_ID != RECIEVER_ID)
);

CREATE TABLE EVENT_RATING (
  ID NUMBER PRIMARY KEY,
  ATTRIBUTER_ID NUMBER,
  EVENT_ID NUMBER,
  DESCRIPTION VARCHAR2(256),
  TIME_STAMP TIMESTAMP,
  VALUE NUMBER(1),
  ATTRIBUTER_SNAPSHOT_RATING NUMBER(1),
  CONSTRAINT FK_RAT_EVN_ATTR_ID_USER FOREIGN KEY (ATTRIBUTER_ID) REFERENCES CB_USER(ID),
  CONSTRAINT FK_RAT_EVENT_ID_USER FOREIGN KEY (EVENT_ID) REFERENCES EVENT(ID)
);

CREATE TABLE EVENT_MESSAGE(
  ID NUMBER PRIMARY KEY,
  SENDER_ID NUMBER,
  EVENT_ID NUMBER,
  RECIPIENT_ID NUMBER,  -- This should never be set
  MESSAGE VARCHAR2(256),
  TIME_STAMP TIMESTAMP,
  CONSTRAINT FK_EVENT_MSG FOREIGN KEY (EVENT_ID) REFERENCES EVENT(ID),
  CONSTRAINT FK_SEND_E_MSG FOREIGN KEY (SENDER_ID) REFERENCES CB_USER(ID)
);

CREATE TABLE EVENT_MESSAGE_RECIPIENT(
  ID NUMBER PRIMARY KEY,
  RECIEVER_ID NUMBER,
  EVENT_MSG_ID NUMBER,
  CONSTRAINT FK_EVENT_MSG_REC_USER FOREIGN KEY (RECIEVER_ID) REFERENCES CB_USER(ID),
  CONSTRAINT FK_EVENT_MSG_REC_EVENT FOREIGN KEY (EVENT_MSG_ID) REFERENCES EVENT_MESSAGE(ID)
);

CREATE TABLE EVENT_TIME_MESSAGE(
  ID NUMBER PRIMARY KEY,
  SENDER_ID NUMBER,
  EVENT_TIME_ID NUMBER,
  RECIPIENT_ID NUMBER,  -- This should never be set
  MESSAGE VARCHAR2(256),
  TIME_STAMP TIMESTAMP,
  CONSTRAINT FK_EVENT_TIME_ET_MESSAGE FOREIGN KEY (EVENT_TIME_ID) REFERENCES EVENT_TIME(ID),
  CONSTRAINT FK_SEND_ET_MSG_USER FOREIGN KEY (SENDER_ID) REFERENCES CB_USER(ID)
);

CREATE TABLE EVENT_TIME_MESSAGE_RECIPIENT(
  ID NUMBER PRIMARY KEY,
  RECIEVER_ID NUMBER,
  EVENT_TIME_MSG_ID NUMBER,
  CONSTRAINT FK_EVTM_MSG_REC_USER FOREIGN KEY (RECIEVER_ID) REFERENCES CB_USER(ID),
  CONSTRAINT FK_EVTM_MSG_REC_EVENT FOREIGN KEY (EVENT_TIME_MSG_ID) REFERENCES EVENT_TIME_MESSAGE(ID)
);

CREATE TABLE MESSAGE(
  ID NUMBER PRIMARY KEY,
  SENDER_ID NUMBER,
  RECIEVER_ID NUMBER,
  MESSAGE VARCHAR2(256),
  TIME_STAMP TIMESTAMP,
  CONSTRAINT FK_SEND_U_MSG_USER FOREIGN KEY (SENDER_ID) REFERENCES CB_USER(ID),
  CONSTRAINT FK_REC_U_MSG_USER FOREIGN KEY (RECIEVER_ID) REFERENCES CB_USER(ID)
);

CREATE TABLE EVENT_FLAG (
  ID NUMBER PRIMARY KEY,
  VALUE VARCHAR2(16)
);

CREATE TABLE USER_FLAG (
  ID NUMBER PRIMARY KEY,
  VALUE VARCHAR2(16)
);

CREATE TABLE USER_FLAG_RAISED(
  BEARER_ID NUMBER,
  TARGET_ID NUMBER,
  REASON VARCHAR2(256),
  FLAG_ID NUMBER,
  CONSTRAINT FK_U_FLAG_FLAG FOREIGN KEY (FLAG_ID) REFERENCES USER_FLAG(ID),
  CONSTRAINT FK_U_FLAG_BEARER_USER FOREIGN KEY (BEARER_ID) REFERENCES CB_USER(ID),
  CONSTRAINT FK_U_FLAG_TARGET_USER FOREIGN KEY (TARGET_ID) REFERENCES CB_USER(ID),
  CONSTRAINT COMP_PK_USER_FLAG PRIMARY KEY (BEARER_ID, TARGET_ID, FLAG_ID)
);

CREATE TABLE EVENT_FLAG_RAISED(
  BEARER_ID NUMBER,
  TARGET_ID NUMBER,
  REASON VARCHAR2(256),
  FLAG_ID NUMBER,
  CONSTRAINT FK_E_FLAG_FLAG FOREIGN KEY (FLAG_ID) REFERENCES EVENT_FLAG(ID),
  CONSTRAINT FK_E_FLAG_BEARER_USER FOREIGN KEY (BEARER_ID) REFERENCES CB_USER(ID),
  CONSTRAINT FK_E_FLAG_TARGET_EVENT FOREIGN KEY (TARGET_ID) REFERENCES EVENT(ID),
  CONSTRAINT COMP_PK_EVENT_FLAG PRIMARY KEY (BEARER_ID, TARGET_ID, FLAG_ID)
);

CREATE TABLE CREATED_EVENT_FLAG(
  EVENT_ID NUMBER,
  FLAG_ID NUMBER,
  CONSTRAINT FK_EVENT_FLAG FOREIGN KEY (EVENT_ID) REFERENCES EVENT(ID),
  CONSTRAINT FK_CREATED_E_FLAG_FLAG FOREIGN KEY (FLAG_ID) REFERENCES EVENT_FLAG(ID),
  CONSTRAINT COMP_PK_CREATED_EV_FLG PRIMARY KEY (EVENT_ID, FLAG_ID)
);

CREATE TABLE CREATED_USER_FLAG(
  USER_ID NUMBER,
  FLAG_ID NUMBER,
  CONSTRAINT FK_USER_FLAG FOREIGN KEY (USER_ID) REFERENCES CB_USER(ID),
  CONSTRAINT FK_CREATED_U_FLAG_FLAG FOREIGN KEY (FLAG_ID) REFERENCES USER_FLAG(ID),
  CONSTRAINT COMP_PK_CREATED_USR_FLG PRIMARY KEY (USER_ID, FLAG_ID)
);

CREATE TABLE SKILL_STANDING (
  USER_ID NUMBER,
  SKILL_ID NUMBER,
  SKILL_STANDING NUMBER(2),
  CONSTRAINT FK_SKILL_STANDING_EVENT FOREIGN KEY (SKILL_ID) REFERENCES SKILL(ID),
  CONSTRAINT COMP_PK_SKILL_STANDING PRIMARY KEY (USER_ID, SKILL_ID)
);

--==========================  FUNCTIONS  =====================--

-- Prints PROFILE_LINK_TABLE's, used for debugging.
create or replace FUNCTION PRINT_TABLE_PROFILE_LINKS(TABLE_NAME VARCHAR2, TBL PROFILE_LINK_TABLE)
    RETURN NUMBER
    IS
    BEGIN
        DBMS_OUTPUT.PUT_LINE(TABLE_NAME || ':');
        FOR CLM IN (SELECT * FROM TABLE(TBL))
        LOOP
            DBMS_OUTPUT.PUT_LINE(CLM.USER_ID_1 ||  ':' || CLM.USER_ID_2);
        END LOOP;
        RETURN 1;
    END;
/

-- Prints LINK_TABLE's, used for debugging.
create or replace FUNCTION PRINT_TABLE_LINKS(TABLE_NAME VARCHAR2, TBL LINK_TABLE)
    RETURN NUMBER
    IS
    BEGIN
        DBMS_OUTPUT.PUT_LINE(TABLE_NAME || ':');
        FOR CLM IN (SELECT * FROM TABLE(TBL))
        LOOP
            DBMS_OUTPUT.PUT_LINE(CLM.USER_ID);
        END LOOP;
        RETURN 1;
    END;
/

-- Used to combine two LINK_TABLE's
create or replace FUNCTION CONCAT_TABLE_LINK_ARR(ARR1 LINK_TABLE, ARR2 LINK_TABLE)
    RETURN LINK_TABLE
    IS
    IND NUMBER;
    RET_VAL LINK_TABLE := LINK_TABLE();
    BEGIN
        IND := 0;
        FOR CLM IN (SELECT * FROM TABLE(ARR1))
        LOOP
            IND := IND + 1;
            RET_VAL.EXTEND;
            RET_VAL(RET_VAL.COUNT) := LINK_TYPE(IND, CLM.USER_ID, CLM.CREATOR_ID, CLM.IS_GOOD, CLM.REASON);
        END LOOP;

        FOR CLM IN (SELECT * FROM TABLE(ARR2))
        LOOP
            IND := IND + 1;
            RET_VAL.EXTEND;
            RET_VAL(RET_VAL.COUNT) := LINK_TYPE(IND, CLM.USER_ID, CLM.CREATOR_ID, CLM.IS_GOOD, CLM.REASON);
        END LOOP;
        RETURN RET_VAL;
    END;
/

-- Used to combine PROFILE_LINK_TABLE's...
-- A better man could probably do this with select and insert.
create or replace FUNCTION CONCAT_TABLE_PROFILE_LINK(ARR1 PROFILE_LINK_TABLE, ARR2 PROFILE_LINK_TABLE)
    RETURN PROFILE_LINK_TABLE
    IS
    IND NUMBER;
    RET_VAL PROFILE_LINK_TABLE := PROFILE_LINK_TABLE();
    BEGIN
        FOR CLM IN (SELECT * FROM TABLE(ARR1))
        LOOP
            IND := IND + 1;
            RET_VAL.EXTEND;
            RET_VAL(RET_VAL.COUNT) := PROFILE_LINK_TYPE(IND, CLM.USER_ID_1, CLM.USER_ID_2, CLM.CREATOR_ID, CLM.IS_GOOD, CLM.REASON);
        END LOOP;

        FOR CLM IN (SELECT * FROM TABLE(ARR2))
        LOOP
            IND := IND + 1;
            RET_VAL.EXTEND;
            RET_VAL(RET_VAL.COUNT) := PROFILE_LINK_TYPE(IND, CLM.USER_ID_1, CLM.USER_ID_2,  CLM.CREATOR_ID, CLM.IS_GOOD, CLM.REASON);
        END LOOP;
        RETURN RET_VAL;
    END;
/

-- THIS FUNCTION IS TO BE USED TO CONCATINATE
-- ALL TEXTS WITH THE TEXTS SHARING THE SAME ID
create or replace FUNCTION CONCAT_DESCRIPTIONS(DESC_LIST DESCRIPTION_LIST_TABLE)
    RETURN DESCRIPTION_TABLE
    IS
    TEXT CLOB;
    DESC_ID NUMBER;
    CURR_DESC_ID NUMBER;
    TBL_COUNT NUMBER;
    RET_VAL DESCRIPTION_TABLE := DESCRIPTION_TABLE();
    BEGIN

        DESC_ID := 0;
        FOR O IN (SELECT * FROM TABLE(DESC_LIST))
        LOOP
            CURR_DESC_ID := O.ID;

         IF CURR_DESC_ID != DESC_ID THEN
            RET_VAL.EXTEND;
            RET_VAL(RET_VAL.COUNT) := DESCRIPTION_TYPE(DESC_ID, TEXT);
            DESC_ID := CURR_DESC_ID;
            TEXT := '';
        END IF;

            TEXT := TEXT || O.TEXT;
        END LOOP;
        RET_VAL.EXTEND;
        RET_VAL(RET_VAL.COUNT) := DESCRIPTION_TYPE(CURR_DESC_ID, TEXT);
        RETURN RET_VAL;
    END;
/

-- THIS FUNCTION SIMPLY ORDERS THE EVENT_DESCRIPTION TABLE
-- ALLOWING CONCAT_DESCRIPTIONS TO CONCATINATE ALL WITH
-- THE SAME IDS IN THE ORDER DICTATED BY POSITION.
create or replace FUNCTION CONCAT_EVENT_DESC
    RETURN DESCRIPTION_TABLE
    IS
    DESC_LIST DESCRIPTION_LIST_TABLE;
    RET_VAL DESCRIPTION_TABLE := DESCRIPTION_TABLE();
    BEGIN
        SELECT * BULK COLLECT INTO DESC_LIST FROM
            (select DESCRIPTION_LIST(EVENT_ID, POSITION, DESCRIPTION)
            from EVENT_DESCRIPTION
            ORDER BY EVENT_ID, POSITION);
        RETURN CONCAT_DESCRIPTIONS(DESC_LIST);
    END;
/

-- THIS FUNCTION SIMPLY ORDERS THE EVENT_DESCRIPTION TABLE
-- ALLOWING CONCAT_DESCRIPTIONS TO CONCATINATE ALL WITH
-- THE SAME IDS IN THE ORDER DICTATED BY POSITION.
create or replace FUNCTION CONCAT_SKILL_DESC
    RETURN DESCRIPTION_TABLE
    IS
    DESC_LIST DESCRIPTION_LIST_TABLE;
    RET_VAL DESCRIPTION_TABLE := DESCRIPTION_TABLE();
    BEGIN
        SELECT * BULK COLLECT INTO DESC_LIST FROM
            (select DESCRIPTION_LIST(SKILL_MAP_ID, POSITION, DESCRIPTION)
            from SKILL_DESCRIPTION
            ORDER BY SKILL_MAP_ID, POSITION);
        RETURN CONCAT_DESCRIPTIONS(DESC_LIST);
    END;
/

-- THIS FUNCTION SIMPLY ORDERS THE EVENT_DESCRIPTION TABLE
-- ALLOWING CONCAT_DESCRIPTIONS TO CONCATINATE ALL WITH
-- THE SAME IDS IN THE ORDER DICTATED BY POSITION.
create or replace FUNCTION CONCAT_USER_DESC
    RETURN DESCRIPTION_TABLE
    IS
    DESC_LIST DESCRIPTION_LIST_TABLE;
    RET_VAL DESCRIPTION_TABLE := DESCRIPTION_TABLE();
    BEGIN
        SELECT * BULK COLLECT INTO DESC_LIST FROM
            (select DESCRIPTION_LIST(USER_ID, POSITION, DESCRIPTION)
            from USER_DESCRIPTION
            ORDER BY USER_ID, POSITION);
        RETURN CONCAT_DESCRIPTIONS(DESC_LIST);
    END;
/

-- This function simply returns a PROFILE_LINK_TABLE of the
-- search results from the actual PROFILE_LINK table refining
-- results to where USER_ID_1 = S_ID or USER_ID_2 = S_ID.
create or replace FUNCTION FIND_PROFILE_LINKS(S_ID NUMBER)
  RETURN PROFILE_LINK_TABLE
  IS
  LIST_LINKS PROFILE_LINK_TABLE;

  RET_VAL PROFILE_LINK_TABLE := PROFILE_LINK_TABLE();
  BEGIN
      SELECT * BULK COLLECT INTO LIST_LINKS FROM
          (SELECT PROFILE_LINK_TYPE(ID, USER_ID_1, USER_ID_2, CREATOR_ID, IS_GOOD, REASON)
            FROM PROFILE_LINK
            WHERE USER_ID_2 = S_ID OR USER_ID_1 = S_ID);
      RETURN LIST_LINKS;
END;
/

-- This function returns a LINK_TABLE for userIds that don't
-- exist within the HAY_STACK LINK_TABLE.
create or replace FUNCTION GET_NEW_LINKS(HAY_STACK LINK_TABLE, NEEDLES PROFILE_LINK_TABLE)
    RETURN LINK_TABLE
    IS
    C NUMBER;
    NEW_LINKS LINK_TABLE := LINK_TABLE();
    BEGIN
        FOR PL IN (SELECT * FROM TABLE(NEEDLES))
        LOOP
            SELECT COUNT(*) INTO C FROM TABLE(HAY_STACK) WHERE USER_ID = PL.USER_ID_1;
            IF C = 0 THEN
                NEW_LINKS.EXTEND;
                NEW_LINKS(NEW_LINKS.COUNT) := LINK_TYPE(PL.ID, PL.USER_ID_1, PL.CREATOR_ID, PL.IS_GOOD, PL.REASON);
            END IF;

            SELECT COUNT(*) INTO C FROM TABLE(HAY_STACK) WHERE USER_ID = PL.USER_ID_2;
            IF C = 0 THEN
                NEW_LINKS.EXTEND;
                NEW_LINKS(NEW_LINKS.COUNT) := LINK_TYPE(PL.ID, PL.USER_ID_2, PL.CREATOR_ID, PL.IS_GOOD, PL.REASON);
            END IF;

        END LOOP;
    RETURN NEW_LINKS;
END;
/

-- This function returns a reference to all profile links
-- that can be connected to a given userId by including all
-- links to linked ids aswell, in the form of a LINK_TABLE.
create or replace FUNCTION GET_ALL_LINKS(S_ID NUMBER)
  RETURN LINK_TABLE
IS
  UNIQUE_LINKS LINK_TABLE := LINK_TABLE();
  NEW_UNIQUE_LINKS LINK_TABLE := LINK_TABLE();

  FOUND_PL PROFILE_LINK_TABLE := PROFILE_LINK_TABLE();

  LINK_COUNT NUMBER;
  PROCESSED NUMBER;

  CURR LINK_TYPE;

  RET_VAL LINK_TABLE := LINK_TABLE();
BEGIN
    UNIQUE_LINKS.EXTEND;
    UNIQUE_LINKS(UNIQUE_LINKS.COUNT) := LINK_TYPE(0, S_ID, 0, 0, '');

    LINK_COUNT := 1;
    PROCESSED := 0;

    WHILE LINK_COUNT > PROCESSED
    LOOP
        PROCESSED := PROCESSED + 1;
        CURR := UNIQUE_LINKS(PROCESSED);

        FOUND_PL := FIND_PROFILE_LINKS(CURR.USER_ID);

        NEW_UNIQUE_LINKS := GET_NEW_LINKS(UNIQUE_LINKS, FOUND_PL);

        UNIQUE_LINKS := CONCAT_TABLE_LINK_ARR(UNIQUE_LINKS, NEW_UNIQUE_LINKS);

        SELECT COUNT(*) INTO LINK_COUNT FROM TABLE(UNIQUE_LINKS);
    END LOOP;
    RETURN UNIQUE_LINKS;
END;
/

-- This function finds all event messages relavant to a
-- given user.
create or replace FUNCTION FIND_EVENT_MESSAGES(U_ID NUMBER)
  RETURN EVENT_MESSAGE_TABLE
  IS
  LIST_LINKS EVENT_MESSAGE_TABLE;

  RET_VAL EVENT_MESSAGE_TABLE := EVENT_MESSAGE_TABLE();
  BEGIN
    SELECT * BULK COLLECT INTO LIST_LINKS FROM
        (Select EVENT_MESSAGE_TYPE(evm.ID, evm.sender_id, evm.event_id, emr.reciever_id, evm.message, evm.time_stamp)
        from event e
            join event_time et on et.EVENT_ID = e.ID
            join event_message evm on e.id = evm.EVENT_ID
            full join event_message_recipient emr on emr.event_msg_id = evm.ID
            join PARTICIPANT p on p.EVENT_TIME_ID = et.id
            where evm.SENDER_ID = U_ID and p.USER_ID = U_ID       -- If it was sent by user
                or (evm.SENDER_ID = e.POSTER_ID and
                    U_ID = p.USER_ID and emr.Reciever_id is null)     -- If message is blasted out from poster to everyone
                or emr.RECIEVER_ID = U_ID and p.USER_ID = U_ID    -- If message was sent directly to user
                or U_ID = e.POSTER_ID and p.user_id = U_ID);      -- If user is poster
    RETURN LIST_LINKS;
END;
/

-- This function finds all event_time messages relavant to
-- a given user.
create or replace FUNCTION FIND_EVENT_TIME_MESSAGES(U_ID NUMBER)
  RETURN EVENT_TIME_MESSAGE_TABLE
  IS
  LIST_LINKS EVENT_TIME_MESSAGE_TABLE;

  RET_VAL EVENT_TIME_MESSAGE_TABLE := EVENT_TIME_MESSAGE_TABLE();
  BEGIN
    SELECT * BULK COLLECT INTO LIST_LINKS FROM
        (Select EVENT_TIME_MESSAGE_TYPE(evtm.ID, evtm.sender_id, evtm.event_time_id, etmr.reciever_id, evtm.message, evtm.time_stamp)
            from event e
            join event_time et on et.EVENT_ID = e.id
            join event_time_message evtm on et.id = evtm.EVENT_TIME_ID
            full join event_time_message_recipient etmr on etmr.event_time_msg_id = evtm.ID
            join participant p on p.event_time_id = et.id
            where ((evtm.SENDER_ID = U_ID or etmr.RECIEVER_ID = U_ID)
                    and p.user_id = U_ID)                           -- Message was sent to or sent by user
                or (evtm.SENDER_ID = e.POSTER_ID and
                    etmr.RECIEVER_ID is null and p.user_id = U_ID)  -- Message blasted to everyone
                or U_ID = e.POSTER_ID and p.user_id = U_ID);           -- if user is poster
    RETURN LIST_LINKS;
END;
/

--==========================  VIEWS  =====================--

/*  The following description tables concatinate all descriptions
    held in there respective tables into a single string.

    See funtions for details.
 */

CREATE VIEW EVENT_DESCRIPTION_TBL AS
    SELECT * FROM TABLE(CONCAT_EVENT_DESC) WHERE TEXT IS NOT NULL;

CREATE VIEW SKILL_DESCRIPTION_TBL AS
    SELECT * FROM TABLE(CONCAT_SKILL_DESC) WHERE TEXT IS NOT NULL;

CREATE VIEW USER_DESCRIPTION_TBL AS
    SELECT * FROM TABLE(CONCAT_USER_DESC) WHERE TEXT IS NOT NULL;


/*  This following message views combine the information from several tables
    to produce an easily queriable view that will retrieve only the relavant
    messages for a given user and event time. The query below retrieves
    all relavant messages for user with id 3 and event_time with id 1.

    (note: If RECIEVER_ID = 0 it is a braodcast to all participants)

    SELECT * FROM EVENT_TIME_MESSAGE_VIEW WHERE
      EVENT_TIME_ID = 1 AND
        ((SENDER_ID = POSTER_ID  AND RECIEVER_ID = 0)
          OR RECIEVER_ID = 3 OR SENDER_ID = 3);
 */
CREATE VIEW EVENT_TIME_MESSAGE_VIEW AS
SELECT
    ETM.ID,
    ETM.SENDER_ID,
    ETM.EVENT_TIME_ID,
    ETM.MESSAGE,
    ETM.TIME_STAMP,
    COALESCE(ETMR.RECIEVER_ID, 0) AS RECIEVER_ID,
    COALESCE(ETMR.EVENT_TIME_MSG_ID, 0) AS EVENT_TIME_MSG_ID,
    EV.POSTER_ID
FROM EVENT_TIME_MESSAGE ETM
FULL JOIN EVENT_TIME_MESSAGE_RECIPIENT ETMR ON ETM.ID = ETMR.EVENT_TIME_MSG_ID
JOIN EVENT_TIME ET ON ET.ID = ETM.EVENT_TIME_ID
JOIN EVENT EV ON  EV.ID = ET.EVENT_ID
ORDER BY ETM.TIME_STAMP;

CREATE OR REPLACE VIEW EVENT_MESSAGE_VIEW AS
SELECT
    EVM.ID,
    EVM.SENDER_ID,
    EVM.MESSAGE,
    EVM.EVENT_ID,
    EVM.TIME_STAMP,
    COALESCE(EVMR.RECIEVER_ID, 0) AS RECIEVER_ID,
    COALESCE(EVMR.EVENT_MSG_ID, 0) AS EVENT_MSG_ID,
    EV.POSTER_ID
FROM EVENT_MESSAGE EVM
FULL JOIN EVENT_MESSAGE_RECIPIENT EVMR ON EVM.ID = EVMR.EVENT_MSG_ID
JOIN EVENT EV ON  EV.ID = EVM.EVENT_ID
ORDER BY EVM.TIME_STAMP;

--==========================  JUnit Test Data  =====================--

INSERT INTO PERMISSION (ID, PERMISSION_LEVEL) VALUES (1, 'ADMIN');
INSERT INTO PERMISSION (ID, PERMISSION_LEVEL) VALUES (2, 'USER');

INSERT INTO CB_USER (ID, NAME, EMAIL, PHONE_NUMBER, PERMISSION_ID, LAST_LOCATION_ID, PASSWORD, PHOTO) VALUES (1, 'Jozsef Morrissey', 'jozsef.morrissey@gmail.com', 12172548654, 1, 0, 'password', 'FFD8FFE000104A46494600010100000100010000FFDB004300100B0C0E0C0A100E0D0E1211101318281A181616183123251D283A333D3C3933383740485C4E404457453738506D51575F626768673E4D71797064785C656763FFC0000B080032003201011100FFC4001F0000010501010101010100000000000000000102030405060708090A0BFFC400B5100002010303020403050504040000017D01020300041105122131410613516107227114328191A1082342B1C11552D1F02433627282090A161718191A25262728292A3435363738393A434445464748494A535455565758595A636465666768696A737475767778797A838485868788898A92939495969798999AA2A3A4A5A6A7A8A9AAB2B3B4B5B6B7B8B9BAC2C3C4C5C6C7C8C9CAD2D3D4D5D6D7D8D9DAE1E2E3E4E5E6E7E8E9EAF1F2F3F4F5F6F7F8F9FAFFDA0008010100003F00EFE8A28A28A2A3FB44226F27CE8FCDEBB370DDF9543A9DFC3A658C97539F9507007563D80AF37D4FC43A8EA52B179DE28BB451315503FAFE355AD354BFB3903DBDDCC8476DE483F5078AF41F0D6BCBACDB32C8A12E62C6F51D08FEF0AD696E21836F9D3471EEE06F6033F9D495E5F7DA56AF6DA84D33DBDC3488E64F3D149CF3F781156357D4EEEFFC3B64D752EF633C818E31F740C671F535B771E12D3A3D0DE5577F3D22F33CEDFC12067A74C551F09F87EC753B092EAF373B6F2810315DB8039E3BF350E9D11D1FC5B736F6D2E5238E41B8F3C6CDC33F4205654C9AB6B727DAE482E2E89C28658CED1EC31C57536DA378816DA25FB7F9784036173F2F1D2BAA9268A204C9222003277301815CAEBD75A5EB71FF0067594E8D77B8C91B0185770395DDEA4571EF7F7DF65FB1BDCCDE42F1E5163818ED8FE949697F77645BEC9732C3BFEF6C6C66B7BC3AF69A591A8EAD21CDD8291291BC95FE276F63D3F3AEE2D6F6CEE6157B6B889E3E836B0FCAAC5796DDE95AADCEB124335BCB25C3C872E54ED3CF5CF4C574FA5782A3B69639EF2E5A4951832AC5F2A820E473D4FE95CE78A6C5ECF5DB9F918472B798871C1CF27F5CD654304B3CAB1451B33B9DAA0027935E85A8F84ADAFA18409A48A68625895872B803D2B8ED53C3F7FA6DC88DA16995BEEC912120FB7B1AE96DACFC502D6202E028083E566191C743EF5D6D2D2628000E8296929692968A28A28AFFD9');
INSERT INTO CB_USER (ID, NAME, EMAIL, PHONE_NUMBER, PERMISSION_ID, LAST_LOCATION_ID, PASSWORD, PHOTO) VALUES (2, 'Jerad Morrissey', 'red9130@gmail.com', 12172941286, 1, 0, 'password', 'FFD8FFE000104A46494600010100000100010000FFDB004300100B0C0E0C0A100E0D0E1211101318281A181616183123251D283A333D3C3933383740485C4E404457453738506D51575F626768673E4D71797064785C656763FFC0000B080032003201011100FFC4001F0000010501010101010100000000000000000102030405060708090A0BFFC400B5100002010303020403050504040000017D01020300041105122131410613516107227114328191A1082342B1C11552D1F02433627282090A161718191A25262728292A3435363738393A434445464748494A535455565758595A636465666768696A737475767778797A838485868788898A92939495969798999AA2A3A4A5A6A7A8A9AAB2B3B4B5B6B7B8B9BAC2C3C4C5C6C7C8C9CAD2D3D4D5D6D7D8D9DAE1E2E3E4E5E6E7E8E9EAF1F2F3F4F5F6F7F8F9FAFFDA0008010100003F00EFE8A28A28A2A3FB44226F27CE8FCDEBB370DDF9543A9DFC3A658C97539F9507007563D80AF37D4FC43A8EA52B179DE28BB451315503FAFE355AD354BFB3903DBDDCC8476DE483F5078AF41F0D6BCBACDB32C8A12E62C6F51D08FEF0AD696E21836F9D3471EEE06F6033F9D495E5F7DA56AF6DA84D33DBDC3488E64F3D149CF3F781156357D4EEEFFC3B64D752EF633C818E31F740C671F535B771E12D3A3D0DE5577F3D22F33CEDFC12067A74C551F09F87EC753B092EAF373B6F2810315DB8039E3BF350E9D11D1FC5B736F6D2E5238E41B8F3C6CDC33F4205654C9AB6B727DAE482E2E89C28658CED1EC31C57536DA378816DA25FB7F9784036173F2F1D2BAA9268A204C9222003277301815CAEBD75A5EB71FF0067594E8D77B8C91B0185770395DDEA4571EF7F7DF65FB1BDCCDE42F1E5163818ED8FE949697F77645BEC9732C3BFEF6C6C66B7BC3AF69A591A8EAD21CDD8291291BC95FE276F63D3F3AEE2D6F6CEE6157B6B889E3E836B0FCAAC5796DDE95AADCEB124335BCB25C3C872E54ED3CF5CF4C574FA5782A3B69639EF2E5A4951832AC5F2A820E473D4FE95CE78A6C5ECF5DB9F918472B798871C1CF27F5CD654304B3CAB1451B33B9DAA0027935E85A8F84ADAFA18409A48A68625895872B803D2B8ED53C3F7FA6DC88DA16995BEEC912120FB7B1AE96DACFC502D6202E028083E566191C743EF5D6D2D2628000E8296929692968A28A28AFFD9');
INSERT INTO CB_USER (ID,NAME,EMAIL,PHONE_NUMBER,PERMISSION_ID,LAST_LOCATION_ID,PASSWORD) VALUES (3,'Susan Bernard','in@imperdiet.com',11239283494,2,0,'Cras');
INSERT INTO CB_USER (ID,NAME,EMAIL,PHONE_NUMBER,PERMISSION_ID,LAST_LOCATION_ID,PASSWORD) VALUES (4,'Calvin Singleton','gravida.mauris.ut@velitduisemper.org',17747573550,2,0,'ultrices. Duis volutpat nunc');
INSERT INTO CB_USER (ID,NAME,EMAIL,PHONE_NUMBER,PERMISSION_ID,LAST_LOCATION_ID,PASSWORD) VALUES (5,'Haviva Hull','egestas.blandit@Ut.co.uk',10640084869,2,0,'bibendum. Donec');
INSERT INTO CB_USER (ID,NAME,EMAIL,PHONE_NUMBER,PERMISSION_ID,LAST_LOCATION_ID,PASSWORD) VALUES (6,'Amal Figueroa','In.faucibus@velfaucibus.ca',11438183975,2,0,'erat volutpat. Nulla');
INSERT INTO CB_USER (ID,NAME,EMAIL,PHONE_NUMBER,PERMISSION_ID,LAST_LOCATION_ID,PASSWORD) VALUES (7,'Sade Reid','Pellentesque.ultricies.dignissim@ategestas.co.uk',10529634323,2,0,'ac');
INSERT INTO CB_USER (ID,NAME,EMAIL,PHONE_NUMBER,PERMISSION_ID,LAST_LOCATION_ID,PASSWORD) VALUES (8,'Jared Estrada','convallis.ligula.Donec@estarcuac.org',12510775286,2,0,'est arcu ac');
INSERT INTO CB_USER (ID,NAME,EMAIL,PHONE_NUMBER,PERMISSION_ID,LAST_LOCATION_ID,PASSWORD) VALUES (9,'Lana Abbott','posuere@enim.edu',19305474451,2,0,'malesuada id, erat. Etiam');
INSERT INTO CB_USER (ID,NAME,EMAIL,PHONE_NUMBER,PERMISSION_ID,LAST_LOCATION_ID,PASSWORD) VALUES (10,'Edan Chavez','dapibus@in.net',11619649031,2,0,'mauris');
INSERT INTO CB_USER (ID,NAME,EMAIL,PHONE_NUMBER,PERMISSION_ID,LAST_LOCATION_ID,PASSWORD) VALUES (11,'Fletcher Crosby','nunc.sed.libero@elementumlorem.net',14156213310,2,0,'erat. Vivamus nisi.');
INSERT INTO CB_USER (ID,NAME,EMAIL,PHONE_NUMBER,PERMISSION_ID,LAST_LOCATION_ID,PASSWORD) VALUES (12,'Adrian Goodman','dictum.Phasellus@consectetuermauris.org',15668695034,2,0,'ipsum nunc id');
INSERT INTO CB_USER (ID,NAME,EMAIL,PHONE_NUMBER,PERMISSION_ID,LAST_LOCATION_ID,PASSWORD) VALUES (13,'Sean Alston','Nam.porttitor.scelerisque@Utsagittislobortis.net',13145400109,2,0,'Pellentesque tincidunt');
INSERT INTO CB_USER (ID,NAME,EMAIL,PHONE_NUMBER,PERMISSION_ID,LAST_LOCATION_ID,PASSWORD) VALUES (14,'Emerald Horn','nibh.enim.gravida@CuraeDonectincidunt.com',10058874795,2,0,'sit amet, faucibus ut,');
INSERT INTO CB_USER (ID,NAME,EMAIL,PHONE_NUMBER,PERMISSION_ID,LAST_LOCATION_ID,PASSWORD) VALUES (15,'Reese Jimenez','pellentesque.a@duinec.ca',17261370057,2,0,'dolor. Fusce mi lorem,');

INSERT INTO CATEGORY (ID, NAME, ATTEND_DESCRIPTION, POST_DESCRIPTION) VALUES (1,'Volunteer',
  'Volunteer activities are intended to be unpaid, but make up for it by providing experiance and in some cases a sence of purpose.',
  'Posting in the volunteer category portarys this event/activaty as promoting the intrests of the comunity.');
INSERT INTO CATEGORY (ID, NAME, ATTEND_DESCRIPTION, POST_DESCRIPTION) VALUES (2,'Charity',
  'Charity activities are supposed to help the disadvantaged: sick, poor, elderly, diabled. It can be gradifying work, try to keep in mind a spotter is better than superman.',
  'The charity category is reserved for helping disadvantaged members of your community. i.e. sick, poor, elderly, disabled...');
INSERT INTO CATEGORY (ID, NAME, ATTEND_DESCRIPTION, POST_DESCRIPTION) VALUES (3,'Educational',
  'Educational activities should be similar to traditional schooling, a relative subject matter expert leading, with frequent interuptions by the audience',
  'Educational posts are ment for knowledgeable individuals who can benifit and learn from an interactive audience.');
INSERT INTO CATEGORY (ID, NAME, ATTEND_DESCRIPTION, POST_DESCRIPTION) VALUES (4,'Trade',
  'Trade posts should entail a skill focus. Should feel like a job only more forgiving and patient',
  'To post in the trade section you should have activities that develope specific skills. Participants should build, organize or operate somthing.');
INSERT INTO CATEGORY (ID, NAME, ATTEND_DESCRIPTION, POST_DESCRIPTION) VALUES (5,'Social',
  'Social activiaties are for exploring new ideas or general disscusions over broad topics',
  'If you are posting in social, you should not desire to be the center of attention. It should be a free formed interaction, a sterio typical wine and cheese party.');
INSERT INTO CATEGORY (ID, NAME, ATTEND_DESCRIPTION, POST_DESCRIPTION) VALUES (6,'Active',
  'Your mind is an amazing tool, but dont neglect your body. The active category is for sports and other group physical activities.',
  'People expect to be active. Sports, outdoor activities, anything that gets your heart rate up!');
INSERT INTO CATEGORY (ID, NAME, ATTEND_DESCRIPTION, POST_DESCRIPTION) VALUES (7,'Distress',
  'People posting in destress have found themselves in a poor situation and need help. The idea is that these people have almost always been self sufficient, its just a run of bad luck.',
  'Only post in the destress category if you are in an atypically bad situation. i.e. you lost the job you have had for 10 years, not I lost my job i have only been employed 2 of the last 10 years.');
INSERT INTO CATEGORY (ID, NAME, ATTEND_DESCRIPTION, POST_DESCRIPTION) VALUES (8,'Siminar',
  'People posting in the Siminar category are subject matter experts (Maybe just self proclaimed). These people should be capable of covering a topic thouroughly with no feedback from the audience.',
  'If you are posing in the siminar category you need to be extremely knowledgeable on the topics to cover. If you have not ingaged in edjucation or social events of these topics, we strongly recommend you try them first.');

INSERT INTO EVENT (ID, TITLE, CATEGORY_ID, POSTER_ID) VALUES (1, 'Debate', 1, 1);
INSERT INTO EVENT (ID, TITLE, CATEGORY_ID, POSTER_ID) VALUES (2, 'Code Chalange', 2, 1);
INSERT INTO EVENT (ID, TITLE, CATEGORY_ID, POSTER_ID) VALUES (3, 'Dance Off(Pants Off)', 3, 1);
INSERT INTO EVENT (ID, TITLE, CATEGORY_ID, POSTER_ID) VALUES (4, 'Stranger Danger Convention', 7, 10);

INSERT INTO EVENT_TIME (ID, EVENT_ID, TIME_STAMP) VALUES (1, 1, TO_TIMESTAMP('10-SEP-0214:10:10.123000','DD-MON-RRHH24:MI:SS.FF'));
INSERT INTO EVENT_TIME (ID, EVENT_ID, TIME_STAMP) VALUES (2, 1, TO_TIMESTAMP('10-OCT-0214:10:10.123000','DD-MON-RRHH24:MI:SS.FF'));
INSERT INTO EVENT_TIME (ID, EVENT_ID, TIME_STAMP) VALUES (3, 1, TO_TIMESTAMP('10-NOV-0214:10:10.123000','DD-MON-RRHH24:MI:SS.FF'));

INSERT INTO EVENT_TIME (ID, EVENT_ID, TIME_STAMP) VALUES (4, 4, TO_TIMESTAMP('10-SEP-0214:10:10.123000','DD-MON-RRHH24:MI:SS.FF'));
INSERT INTO EVENT_TIME (ID, EVENT_ID, TIME_STAMP) VALUES (5, 4, TO_TIMESTAMP('10-OCT-0214:10:10.123000','DD-MON-RRHH24:MI:SS.FF'));
INSERT INTO EVENT_TIME (ID, EVENT_ID, TIME_STAMP) VALUES (6, 4, TO_TIMESTAMP('10-NOV-0214:10:10.123000','DD-MON-RRHH24:MI:SS.FF'));
INSERT INTO EVENT_TIME (ID, EVENT_ID, TIME_STAMP) VALUES (7, 4, TO_TIMESTAMP('10-SEP-0214:10:10.123000','DD-MON-RRHH24:MI:SS.FF'));
INSERT INTO EVENT_TIME (ID, EVENT_ID, TIME_STAMP) VALUES (8, 4, TO_TIMESTAMP('10-OCT-0214:10:10.123000','DD-MON-RRHH24:MI:SS.FF'));
INSERT INTO EVENT_TIME (ID, EVENT_ID, TIME_STAMP) VALUES (9, 4, TO_TIMESTAMP('10-NOV-0214:10:10.123000','DD-MON-RRHH24:MI:SS.FF'));

INSERT INTO EVENT_DESCRIPTION (EVENT_ID, DESCRIPTION, POSITION) VALUES (1, 'This event is the bomb digity! ', 1);
INSERT INTO EVENT_DESCRIPTION (EVENT_ID, DESCRIPTION, POSITION) VALUES (1, 'As proof of that chech out the next sentance. ', 2);
INSERT INTO EVENT_DESCRIPTION (EVENT_ID, DESCRIPTION, POSITION) VALUES (1, 'This description is the combination of 3 database entries. ', 3);
INSERT INTO EVENT_DESCRIPTION (EVENT_ID, DESCRIPTION, POSITION) VALUES (1, 'Booya!... thats 4', 4);

INSERT INTO EVENT_DESCRIPTION (EVENT_ID, DESCRIPTION, POSITION) VALUES (2, 'This event is the bomb digity! ', 1);
INSERT INTO EVENT_DESCRIPTION (EVENT_ID, DESCRIPTION, POSITION) VALUES (2, 'As proof of that chech out the next sentance. ', 2);
INSERT INTO EVENT_DESCRIPTION (EVENT_ID, DESCRIPTION, POSITION) VALUES (2, 'This description is the combination of 3 database entries. ', 3);
INSERT INTO EVENT_DESCRIPTION (EVENT_ID, DESCRIPTION, POSITION) VALUES (2, 'Bodega!... thats 4', 4);

INSERT INTO USER_DESCRIPTION (USER_ID, DESCRIPTION, POSITION) VALUES (2, 'This event is the bomb digity! ', 1);
INSERT INTO USER_DESCRIPTION (USER_ID, DESCRIPTION, POSITION) VALUES (2, 'As proof of that chech out the next sentance. ', 2);
INSERT INTO USER_DESCRIPTION (USER_ID, DESCRIPTION, POSITION) VALUES (2, 'This description is the combination of 3 database entries. ', 3);
INSERT INTO USER_DESCRIPTION (USER_ID, DESCRIPTION, POSITION) VALUES (2, 'Bodega!... thats 4', 4);

INSERT INTO EVENT_IMAGE (ID, EVENT_ID, PHOTO, POSITION) VALUES (1, 1,
    'FFD8FFE000104A46494600010100000100010000FFDB0084000303030303030404040405050505050707060607070B08090809080B110B0C0B0B0C0B110F120F0E0F120F1B151313151B1F1A191A1F26222226302D303E3E54010303030303030404040405050505050707060607070B08090809080B110B0C0B0B0C0B110F120F0E0F120F1B151313151B1F1A191A1F26222226302D303E3E54FFC00011080032003203012200021101031101FFC4008900000203010101010000000000000000000006040507030108091000020103030205040203000000000000010203000411051221061331415152910722236114152432710100020301010000000000000000000000000403050602071100020103030302030900000000000000010200030411051221132231144106519116235271A2B1C1D1E1FFDA000C03010002110311003F00FCAC4DDB8153820F157BA669297932A3B3821492BE058FA29E6BCD1E169995702442DCAF8153EA0D68BA2BDAC97B1C30CAFF00840933B718DA572C3CF1CF34C52A3BF1CF93341A568DEB4D366718670A14F199DA0E9C37166DB4F7A2963ED34863C64C7FE87CF19F4151D7A5A2BA19930AD330C019E554E393FAF5F3AD6EC21B71A66A6F15D40D88669ED0F0EB2183024DA57C42EF1902963A6E6BA82E7A92CB5485A09F40B6659362173F8D8EE39F56E48AB2369483A03E587F199E88FF000BE94977654AA302D5D583151900AAEF3B8FB640CCC93AA348FF003269208D7619D9232858A15500285DDCE38C8A4A9A096DE429229561E4462BE80D54D85EC49389F32488131DD42B1B312A07DB9196F2F5AC9B5AB68EDC2481819642E6327D8A4AFCE45235EDF66581E26235DD07D2335C23A9A6DDC0839C827CC5C10B9038A2B9D149F132B94FC27EB2FED34CB9168D7B04807F1BF2302719DBE95A168FA6C4BD68D6566A15AFB479D718E373212491FB0B4856F3A5C581B45B860D31553919C00771E298F49D51ACF5287548F325D95BA8D4671E102C718FF9B989356140D3529C71B9093FBCDD68952C2DEB59B6DED5B8B67A8C086200621F68F9E089A074174D4D7577F4B62BBB89174DD735B9E068D67091178DD019096E131B8090FEA943EA1F50DF6A1D4DD47209D37DDA402EE48DCBF75E33B46D618FB4E7E29A65B0D46FFA3DB4FD25F745D15FCCBB92E3BDD97EEEA2E9B5D7D70B1E08A9BAC7D29D0B48D2F4686D6FA4BDBCD4EE825C0DEA000FA74779084551C61E52AD46DAD828071DBCE7DF1B644D4355E9BD9252214F48870C7B5950D12A0FC8B1C18ABD5BD2A7439EE2D2CAF2D84175A2C1A918E3FC854C6A14A333723CC8A50BFB6B2BF6B3972433E968DB40C0DEA42539EB1AADF6BC1755C5BDB47074FDBE9B22E399DCC2CA48FD971488AF0D9CF398CA8B764748C3824840C3715FD31AEEB74F276AE14F8063DAB8B1EA31A344ADBD5E555CF81B890CA33C2E491161A28D1997BA3824781A2A535D82C4EE2727D8B455776CC0914727FAFF00645B5BC92D1B722A923C091529F579E42098E3E2567E011CB127E39AAAA280EC0601825D5C534D8B5085F94D26D7EA7EB9670EAD0C76B6263D4C40B3A18C91B20076A019F0E7273516D3EA36BB67FD5144809D36596488B293B8C81570FCF2155768A40A2A5F5571C7DE1E3C7D732CFED26B9943EBAAE5092BE38DCFD43FA866310EA7D43FAE5B12B11895E265E08C76D8B8F0F52DCD57DC6A735CF737246039270A30173E955B45466A3B0C162703111ABA8DF57454A95DD95542807D946703F2E6750DC0A2BC1E1457112963DB8FD8BF1476E3F62FC514510876E3F62FC51DB8FD8BF14514421DB8FD8BF1476E3F62FC5145109D0471E07D8BF145145109FFD9',
    1);
INSERT INTO EVENT_IMAGE (ID, EVENT_ID, PHOTO, POSITION) VALUES (2, 1,
    'FFD8FFE000104A46494600010100000100010000FFDB0084000303030303030404040405050505050707060607070B08090809080B110B0C0B0B0C0B110F120F0E0F120F1B151313151B1F1A191A1F26222226302D303E3E54010303030303030404040405050505050707060607070B08090809080B110B0C0B0B0C0B110F120F0E0F120F1B151313151B1F1A191A1F26222226302D303E3E54FFC00011080032003203012200021101031101FFC4009300000203010100000000000000000000000008060709050A100002020103020404050207000000000001020304050006110712132131411422516108233242522471151733344372B10101010100030000000000000000000000060507000203110002010302030408060300000000000001020300041105211213310614226115333551727374B234415464719281A1C1FFDA000C03010002110311003F00603A71365321567DC572DCE6E34E4CF0972632ACC01880F4E101F22352F4D81477262DB017E3EEA192CD896E20254490D40CE233C11F2B3100EA23D1DEE9FA7CB33FAC9DE79FAF3A6B69E3E014542A805E3620FB8F117CF43FB3D6C669BBCC8726367C79716456A7DA4D5E4B079634C2979022950004110CAE3E12722978EAA4D577351C6D2C62C694E8DF8BC32005EE307CA1554FED1E834B25EE9C57C4C9B92D50CAE4EBD3CACD2B5BAC8ECD12B33966EF0BE65BE53C6993EA461668F35B74C111F0A0B2DE2B03C700A920703EA57515844977117ADA22204C82A4E8CDCF705E519949F30584879D4BD5AE592FA7599C26013C4771E15246D5634A65B4D32116CF9573819C64077C6E7DE7AD53D81BD4AE754A89AB6449143B13717810C539479BBA48D123623D0BA9F97487F52B65EEFDB0D7B2D91A0D8E832392BB04309757ED359FB1D795241E0F2BA7C2E51ADD2CAD92C9C8629F2B8E2DF0113C5C99A6AF08944C47BA429112BCFAB9074B1FE20B17B8F6CEC5E9FEDFCB4C5A74A76ADDF0EC0BBDFBB29B321FEC9E295D57D2E01CA8266C733812371E40927FCE451CD7F5B77D41ED20279533BBF1124312B19518C6D8DF349A76368D76FE0CFD34692F784A21E879FDC6B6A3A5D918B1DD28A5625E156358D9B9FB9D38D8DB11CD8EAD2A91C1850F97DD749F5CD8BB9B1FD34976FE34436AE01122B23AA0601C127F338F61ABCB01733F5710B5E4A8C64051500653C76A81CF3CF006A3E85244968F9F0B199B6F2DB14D3B51676B7D6893C53C7CCEF72E54B01E021706B8DD4BB95ABD6E6242F79E6095948252497D90FD0FB8FAEA84DAD67239AA50413D69EA585F8CC95858B9ECB26155E6BF7B7E8627D89D323B836D51B31D6B990C84F1BD49E398CCA5428F0FF487E7D5549E79F51A5937365721B5773DAA157286D65EAD08EC53A8F1F654BCACED6643DDC9ED629CAFAE86F68ADEF65D5E091A2436FB86C11924F406A8E832DB4BA54B6D0B9698217E26E2D80D8E3C8541257C54BBEA1DD5983661C2D80D91B729F13996AD54EE90327A95EFE014D2ADF89DDDFB6B756F1C73E03351E5AAB5679E4953CC2492BF1D9AD6CF83D93D4CD9D0C063AF2C195C6472F6300DC0B7107208FB83E7AC6EEBFF0045776749776CF3DAC2A56C25C978A16AB334D59B8FD858F9A3FBF6B6AD687A4ADB39EF2EB3C88ECF04B93905D40707F2CD0ED5AFC5FEA56971CB7885B47CA31920EDC448FF0046AA30A9C68D7245AFB8D1A41C97ABC354B5F2ADCEC6EFBC55A895BC65E38D4F71D9CA53D79A5AF6D098B80CA187239D62B45D5DDEC38115E54FEC80EAD29B746F3C16CFC7E5ECE66DC797C906B70FCFDBFD2F3DB18283CB860ACDA876F6B736EC598A9C5583A65BEA48EB0BF06119896E9B0AD3FDC3B9EE50C1647234841358AA81E38E62C23980F3689BE9DC3D0E929EA11B9BBF79E0A7A789916A78D663B55A276256381BBDC315F44459381EDC6A13B4BAA3D4DDCF1DFE673322C0A8F0471708E3D7E63EA3523D93BE3726F4DD7E02D2962FCE787253452B2FE5BAAA2F2EA17D597F4FBEA4DFDD73A56D8B72864AF5F3CD51D13469F4A065CC4590485CF19184298008DBF915746C4185E9B66EFD6BF989E3E25C5A63A9CC42A18FE1555DA2E07F3240D35F94C6E137B6DCB38ACB5386ED1BB118E7AF3272AC3EE0FB8F63ACB3EA79CAED4CEA46F69AE441DABA1949F9844E0943DDC91CF1A6EB63755FE027C4D7B560CB8CC8C08695B76E4F771CF8521FE63DBEA35D344BE59108700473E4A91D723639F3A39DB1D1A6816DAFE294CAECBE2603008036C55636FF0000FB165B73BC19FCDC3134AE5221E0B845F65E4AE8D3D6998A4E8AC245E18023CFEBA34A3953FEB65FED407D23FB783FA0AF3C94FCCAFF00D47FE69ACEA993FE616161FF008D30F8A554F603E0CF901A346BDE7F533FC22B5DD0BF0571F2C7DC298EE8C51A50C594F0EB429CD79B9ED403DC695B858D7DFD953113195CBF976FCBC7CC7468D04BDEB73F25BEFA45D99F6B5EFD18FB0D49BAFF002CB2D4965776793FC4E4F9C9E5BFD25F7D74361B34DD1A9CC84B98A191E3EE3CF6321E548FA11A346B9A77B397EB65FB8D45D7FD5C1F127FDA65F1B76E1C754FEA26FF006F1FEF3FC468D1A348074AC70F535FFFD9',
    2);


INSERT INTO SKILL (ID, VALUE) VALUES (1, 'Hard Working');
INSERT INTO SKILL (ID, VALUE) VALUES (2, 'ANALITICAL');

INSERT INTO SKILL_MAP (ID, SKILL_ID, EVENT_ID, ATTRIBUTER_ID, RECIEVER_ID, VALUE, ATTR_SKILL_SNP_SHT_VALUE)
    VALUES (1, 1, 1, 2, 1, 9, 8);
INSERT INTO SKILL_MAP (ID, SKILL_ID, EVENT_ID, ATTRIBUTER_ID, RECIEVER_ID, VALUE, ATTR_SKILL_SNP_SHT_VALUE)
    VALUES (2, 2, 1, 2, 1, 9, 7);
INSERT INTO SKILL_MAP (ID, SKILL_ID, EVENT_ID, ATTRIBUTER_ID, RECIEVER_ID, VALUE, ATTR_SKILL_SNP_SHT_VALUE)
    VALUES (3, 1, 2, 1, 2, 2, 9);

INSERT INTO SKILL_DESCRIPTION (SKILL_MAP_ID, DESCRIPTION, POSITION) VALUES (1, 'This is the skill that never ends. ', 1);
INSERT INTO SKILL_DESCRIPTION (SKILL_MAP_ID, DESCRIPTION, POSITION) VALUES (1, 'It goes on and on my friends. ', 2);
INSERT INTO SKILL_DESCRIPTION (SKILL_MAP_ID, DESCRIPTION, POSITION) VALUES (1, 'some people started concatinating not knowing what it was ', 3);
INSERT INTO SKILL_DESCRIPTION (SKILL_MAP_ID, DESCRIPTION, POSITION) VALUES (1, 'and they just kept concatinating forever just because', 4);

INSERT INTO SKILL_DESCRIPTION (SKILL_MAP_ID, DESCRIPTION, POSITION) VALUES (2, 'In all seriousness ', 1);
INSERT INTO SKILL_DESCRIPTION (SKILL_MAP_ID, DESCRIPTION, POSITION) VALUES (2, 'I think this is a powerful tool that is worth the trouble. ', 2);
INSERT INTO SKILL_DESCRIPTION (SKILL_MAP_ID, DESCRIPTION, POSITION) VALUES (2, 'Now users can provide as much or as little information as they want. ', 3);
INSERT INTO SKILL_DESCRIPTION (SKILL_MAP_ID, DESCRIPTION, POSITION) VALUES (2, 'Without harsh memory costs to the system... Enjoy!', 4);

INSERT INTO COORDINATE (ID, LONGITUDE, LATITUDE) VALUES (1, 45.00321, -84.24352);
INSERT INTO COORDINATE (ID, LONGITUDE, LATITUDE) VALUES (2, -134.03245, 38.88832);

INSERT INTO LOCATION (ID, USER_ID, COORDINATE_ID, NAME, RADIUS_METERS)
VALUES (1, 1, 1, 'HOME', 25);
INSERT INTO LOCATION (ID, USER_ID, COORDINATE_ID, NAME, RADIUS_METERS)
VALUES (2, 1, 2, 'WORK', 512);

INSERT INTO PARTICIPANT (EVENT_TIME_ID, USER_ID) VALUES (1, 1);
INSERT INTO PARTICIPANT (EVENT_TIME_ID, USER_ID) VALUES (1, 2);
INSERT INTO PARTICIPANT (EVENT_TIME_ID, USER_ID) VALUES (1, 3);
INSERT INTO PARTICIPANT (EVENT_TIME_ID, USER_ID) VALUES (1, 4);
INSERT INTO PARTICIPANT (EVENT_TIME_ID, USER_ID) VALUES (1, 5);
INSERT INTO PARTICIPANT (EVENT_TIME_ID, USER_ID) VALUES (1, 6);

INSERT INTO PARTICIPANT (EVENT_TIME_ID, USER_ID) VALUES (4, 10);
INSERT INTO PARTICIPANT (EVENT_TIME_ID, USER_ID) VALUES (4, 11);
INSERT INTO PARTICIPANT (EVENT_TIME_ID, USER_ID) VALUES (4, 12);
INSERT INTO PARTICIPANT (EVENT_TIME_ID, USER_ID) VALUES (4, 13);
INSERT INTO PARTICIPANT (EVENT_TIME_ID, USER_ID) VALUES (4, 14);
INSERT INTO PARTICIPANT (EVENT_TIME_ID, USER_ID) VALUES (4, 15);

INSERT INTO PROFILE_LINK (ID, USER_ID_1, USER_ID_2, CREATOR_ID, IS_GOOD, REASON) VALUES (1, 1, 4, 4, 0, 'Contributer = 4');
INSERT INTO PROFILE_LINK (ID, USER_ID_1, USER_ID_2, CREATOR_ID, IS_GOOD, REASON) VALUES (2,15, 1, 9, 1, 'Contributer = 9');
INSERT INTO PROFILE_LINK (ID, USER_ID_1, USER_ID_2, CREATOR_ID, IS_GOOD, REASON) VALUES (3,14, 13, 8, 1, 'Contributer = 8');
INSERT INTO PROFILE_LINK (ID, USER_ID_1, USER_ID_2, CREATOR_ID, IS_GOOD, REASON) VALUES (4,14, 15, 3, 1, 'Contributer = 3');

INSERT INTO USER_RATING
    (ID, ATTRIBUTER_ID, RECIEVER_ID, DESCRIPTION, TIME_STAMP, VALUE, ATTRIBUTER_SNAPSHOT_RATING)
    VALUES (1, 2, 1, 'Joy to work with!', TO_TIMESTAMP('10-SEP-0214:10:10.123000','DD-MON-RRHH24:MI:SS.FF')
    , 9, 7);

INSERT INTO USER_RATING
    (ID, ATTRIBUTER_ID, RECIEVER_ID, DESCRIPTION, TIME_STAMP, VALUE, ATTRIBUTER_SNAPSHOT_RATING)
    VALUES (2, 5, 1, 'He is a vicious beast!', TO_TIMESTAMP('10-OCT-0214:10:10.123000','DD-MON-RRHH24:MI:SS.FF')
    , 0, 9);

INSERT INTO USER_RATING
    (ID, ATTRIBUTER_ID, RECIEVER_ID, DESCRIPTION, TIME_STAMP, VALUE, ATTRIBUTER_SNAPSHOT_RATING)
    VALUES (3, 4, 1, 'I like chicken I like liver...', TO_TIMESTAMP('10-NOV-0214:10:10.123000','DD-MON-RRHH24:MI:SS.FF')
    , 9, 1);

INSERT INTO EVENT_TIME_MESSAGE (ID, SENDER_ID, EVENT_TIME_ID, MESSAGE, TIME_STAMP) VALUES (1, 1, 1, 'Welcome All!',TO_TIMESTAMP('10-AUG-1914:10:10.123000','DD-MON-RRHH24:MI:SS.FF'));
INSERT INTO EVENT_TIME_MESSAGE (ID, SENDER_ID, EVENT_TIME_ID, MESSAGE, TIME_STAMP) VALUES (2, 1, 1, 'Punch and Pie!',TO_TIMESTAMP('11-AUG-1916:23:50.123000','DD-MON-RRHH24:MI:SS.FF'));
INSERT INTO EVENT_TIME_MESSAGE (ID, SENDER_ID, EVENT_TIME_ID, MESSAGE, TIME_STAMP) VALUES (3, 2, 1, 'Great to be here',TO_TIMESTAMP('10-AUG-1917:33:10.123000','DD-MON-RRHH24:MI:SS.FF'));
INSERT INTO EVENT_TIME_MESSAGE (ID, SENDER_ID, EVENT_TIME_ID, MESSAGE, TIME_STAMP) VALUES (4, 3, 1, 'Why should I come?',TO_TIMESTAMP('11-AUG-1916:11:36.123000','DD-MON-RRHH24:MI:SS.FF'));
INSERT INTO EVENT_TIME_MESSAGE (ID, SENDER_ID, EVENT_TIME_ID, MESSAGE, TIME_STAMP) VALUES (5, 1, 1, 'Punch and Pie will be served!',TO_TIMESTAMP('11-AUG-1916:24:12.123000','DD-MON-RRHH24:MI:SS.FF'));

INSERT INTO EVENT_TIME_MESSAGE_RECIPIENT (ID, RECIEVER_ID, EVENT_TIME_MSG_ID) VALUES (1, 3, 2);

INSERT INTO EVENT_MESSAGE (ID, SENDER_ID, EVENT_ID, MESSAGE, TIME_STAMP) VALUES (1, 1, 1, 'Welcome All!',TO_TIMESTAMP('10-AUG-1914:10:10.123000','DD-MON-RRHH24:MI:SS.FF'));
INSERT INTO EVENT_MESSAGE (ID, SENDER_ID, EVENT_ID, MESSAGE, TIME_STAMP) VALUES (2, 1, 1, 'Punch and Pie!',TO_TIMESTAMP('11-AUG-1916:23:50.123000','DD-MON-RRHH24:MI:SS.FF'));
INSERT INTO EVENT_MESSAGE (ID, SENDER_ID, EVENT_ID, MESSAGE, TIME_STAMP) VALUES (3, 2, 1, 'Great to be here',TO_TIMESTAMP('10-AUG-1917:33:10.123000','DD-MON-RRHH24:MI:SS.FF'));
INSERT INTO EVENT_MESSAGE (ID, SENDER_ID, EVENT_ID, MESSAGE, TIME_STAMP) VALUES (4, 3, 1, 'Why should I come?',TO_TIMESTAMP('11-AUG-1916:11:36.123000','DD-MON-RRHH24:MI:SS.FF'));
INSERT INTO EVENT_MESSAGE (ID, SENDER_ID, EVENT_ID, MESSAGE, TIME_STAMP) VALUES (5, 1, 1, 'Punch and Pie will be served!',TO_TIMESTAMP('11-AUG-1916:24:12.123000','DD-MON-RRHH24:MI:SS.FF'));

INSERT INTO EVENT_MESSAGE_RECIPIENT (ID, RECIEVER_ID, EVENT_MSG_ID) VALUES (1, 3, 2);

INSERT INTO MESSAGE (ID, MESSAGE, SENDER_ID, RECIEVER_ID, TIME_STAMP) VALUES (1, 'Can you believe it?', 1, 2,
  TO_TIMESTAMP('10-AUG-1914:10:10.123000','DD-MON-RRHH24:MI:SS.FF'));
INSERT INTO MESSAGE (ID, MESSAGE, SENDER_ID, RECIEVER_ID, TIME_STAMP) VALUES (2, 'What?', 2, 1,
  TO_TIMESTAMP('10-AUG-1914:11:10.123000','DD-MON-RRHH24:MI:SS.FF'));
INSERT INTO MESSAGE (ID, MESSAGE, SENDER_ID, RECIEVER_ID, TIME_STAMP) VALUES (5, 'Depends if this goes any where or is a big flop. This could be the only conversation that ever happens.', 1, 2,
  TO_TIMESTAMP('10-AUG-1914:13:10.123000','DD-MON-RRHH24:MI:SS.FF'));
INSERT INTO MESSAGE (ID, MESSAGE, SENDER_ID, RECIEVER_ID, TIME_STAMP) VALUES (12, 'But the dates are all wrong...', 2, 1,
  TO_TIMESTAMP('10-AUG-1914:14:10.123000','DD-MON-RRHH24:MI:SS.FF'));
INSERT INTO MESSAGE (ID, MESSAGE, SENDER_ID, RECIEVER_ID, TIME_STAMP) VALUES (7, 'Shut up the dates dont matter the time is what is important. Besides time stamps in sql are gay.', 1, 2,
  TO_TIMESTAMP('10-AUG-1914:15:10.123000','DD-MON-RRHH24:MI:SS.FF'));
INSERT INTO MESSAGE (ID, MESSAGE, SENDER_ID, RECIEVER_ID, TIME_STAMP) VALUES (3, 'This is the first conversation to be added to my application.', 1, 2,
  TO_TIMESTAMP('10-AUG-1914:11:12.123000','DD-MON-RRHH24:MI:SS.FF'));
INSERT INTO MESSAGE (ID, MESSAGE, SENDER_ID, RECIEVER_ID, TIME_STAMP) VALUES (13, 'You mother fucker', 1, 2,
  TO_TIMESTAMP('10-AUG-1914:22:11.123000','DD-MON-RRHH24:MI:SS.FF'));
INSERT INTO MESSAGE (ID, MESSAGE, SENDER_ID, RECIEVER_ID, TIME_STAMP) VALUES (9, 'The sad thing is that your not real and Im taking to myself.', 1, 2,
  TO_TIMESTAMP('10-AUG-1914:17:10.123000','DD-MON-RRHH24:MI:SS.FF'));
INSERT INTO MESSAGE (ID, MESSAGE, SENDER_ID, RECIEVER_ID, TIME_STAMP) VALUES (10, 'Your moms not real lolz', 2, 1,
  TO_TIMESTAMP('10-AUG-1914:18:10.123000','DD-MON-RRHH24:MI:SS.FF'));
INSERT INTO MESSAGE (ID, MESSAGE, SENDER_ID, RECIEVER_ID, TIME_STAMP) VALUES (14, 'I dont even know what lolz is supposed to mean. Is it just a pussy attempt to use lol without being called gay?', 1, 2,
  TO_TIMESTAMP('10-AUG-1914:19:10.123000','DD-MON-RRHH24:MI:SS.FF'));
INSERT INTO MESSAGE (ID, MESSAGE, SENDER_ID, RECIEVER_ID, TIME_STAMP) VALUES (6, 'There you go again using the word gay, why dont you expand your vocabulary so that you can articulate your thoughts better.', 2, 1,
  TO_TIMESTAMP('10-AUG-1914:20:10.123000','DD-MON-RRHH24:MI:SS.FF'));
INSERT INTO MESSAGE (ID, MESSAGE, SENDER_ID, RECIEVER_ID, TIME_STAMP) VALUES (15, 'Why dont you fuck off this conversation is over!', 1, 2,
  TO_TIMESTAMP('10-AUG-1914:21:10.123000','DD-MON-RRHH24:MI:SS.FF'));
INSERT INTO MESSAGE (ID, MESSAGE, SENDER_ID, RECIEVER_ID, TIME_STAMP) VALUES (4, 'Is that a big deal?', 2, 1,
  TO_TIMESTAMP('10-AUG-1914:12:10.123000','DD-MON-RRHH24:MI:SS.FF'));
INSERT INTO MESSAGE (ID, MESSAGE, SENDER_ID, RECIEVER_ID, TIME_STAMP) VALUES (8, 'I find the word gay offensive.', 2, 1,
  TO_TIMESTAMP('10-AUG-1914:16:10.123000','DD-MON-RRHH24:MI:SS.FF'));
INSERT INTO MESSAGE (ID, MESSAGE, SENDER_ID, RECIEVER_ID, TIME_STAMP) VALUES (11, 'Fine your being gay anyway.', 2, 1,
  TO_TIMESTAMP('10-AUG-1914:22:10.123000','DD-MON-RRHH24:MI:SS.FF'));

INSERT INTO EVENT_FLAG (ID, VALUE) VALUES (1, 'Danger');
INSERT INTO EVENT_FLAG (ID, VALUE) VALUES (2, 'Avoid');
INSERT INTO USER_FLAG (ID, VALUE) VALUES (1, 'Avoid');
INSERT INTO USER_FLAG (ID, VALUE) VALUES (2, 'Dishonest');

--==========================  Permission Data  =====================--

--==========================  User Data  =====================--

INSERT INTO CB_USER (ID,NAME,EMAIL,PHONE_NUMBER,PERMISSION_ID,LAST_LOCATION_ID,PASSWORD) VALUES (16,'Lysandra Ochoa','tincidunt@Fusce.ca',18644330358,2,0,'libero nec ligula consectetuer');
INSERT INTO CB_USER (ID,NAME,EMAIL,PHONE_NUMBER,PERMISSION_ID,LAST_LOCATION_ID,PASSWORD) VALUES (17,'Camilla Hughes','ligula@velturpisAliquam.co.uk',17021394400,2,0,'consectetuer,');
INSERT INTO CB_USER (ID,NAME,EMAIL,PHONE_NUMBER,PERMISSION_ID,LAST_LOCATION_ID,PASSWORD) VALUES (18,'Samson Harvey','mauris.rhoncus.id@tristiquealiquet.org',12298957240,2,0,'at,');
INSERT INTO CB_USER (ID,NAME,EMAIL,PHONE_NUMBER,PERMISSION_ID,LAST_LOCATION_ID,PASSWORD) VALUES (19,'Melyssa Herman','nisi.dictum.augue@sagittisplacerat.co.uk',13036933555,2,0,'molestie pharetra nibh. Aliquam');
INSERT INTO CB_USER (ID,NAME,EMAIL,PHONE_NUMBER,PERMISSION_ID,LAST_LOCATION_ID,PASSWORD) VALUES (20,'Erin Romero','tellus@Crasloremlorem.edu',16313908422,2,0,'malesuada augue ut');
INSERT INTO CB_USER (ID,NAME,EMAIL,PHONE_NUMBER,PERMISSION_ID,LAST_LOCATION_ID,PASSWORD) VALUES (21,'Price Bryant','Maecenas@metusAliquam.ca',17529464304,2,0,'porttitor');
INSERT INTO CB_USER (ID,NAME,EMAIL,PHONE_NUMBER,PERMISSION_ID,LAST_LOCATION_ID,PASSWORD) VALUES (22,'Miriam Kim','facilisis.Suspendisse@nec.net',17416604106,2,0,'ultricies ligula. Nullam enim.');
INSERT INTO CB_USER (ID,NAME,EMAIL,PHONE_NUMBER,PERMISSION_ID,LAST_LOCATION_ID,PASSWORD) VALUES (23,'Shay Cote','varius@adipiscingMauris.co.uk',10641972054,2,0,'semper erat,');
INSERT INTO CB_USER (ID,NAME,EMAIL,PHONE_NUMBER,PERMISSION_ID,LAST_LOCATION_ID,PASSWORD) VALUES (24,'Tara Dominguez','sed.libero.Proin@atnisi.ca',17499376158,2,0,'egestas ligula. Nullam feugiat');
INSERT INTO CB_USER (ID,NAME,EMAIL,PHONE_NUMBER,PERMISSION_ID,LAST_LOCATION_ID,PASSWORD) VALUES (25,'Lee Kirk','et.pede.Nunc@estacmattis.co.uk',15716520925,2,0,'luctus et');
INSERT INTO CB_USER (ID,NAME,EMAIL,PHONE_NUMBER,PERMISSION_ID,LAST_LOCATION_ID,PASSWORD) VALUES (26,'Rowan Moran','sit@pellentesqueeget.org',19868387138,2,0,'mi, ac mattis');
INSERT INTO CB_USER (ID,NAME,EMAIL,PHONE_NUMBER,PERMISSION_ID,LAST_LOCATION_ID,PASSWORD) VALUES (27,'Amela Curry','ridiculus.mus.Donec@orcisemeget.net',15448008520,2,0,'ac, feugiat non, lobortis');
INSERT INTO CB_USER (ID,NAME,EMAIL,PHONE_NUMBER,PERMISSION_ID,LAST_LOCATION_ID,PASSWORD) VALUES (28,'Caryn Mathis','fames.ac@risus.ca',15089815287,2,0,'nec, mollis');
INSERT INTO CB_USER (ID,NAME,EMAIL,PHONE_NUMBER,PERMISSION_ID,LAST_LOCATION_ID,PASSWORD) VALUES (29,'Sacha Albert','Duis.elementum@Donec.net',10922667896,2,0,'ac ipsum. Phasellus');
INSERT INTO CB_USER (ID,NAME,EMAIL,PHONE_NUMBER,PERMISSION_ID,LAST_LOCATION_ID,PASSWORD) VALUES (30,'Maggie Flowers','sed.sem.egestas@congueturpis.co.uk',15856058365,2,0,'consequat');
INSERT INTO CB_USER (ID,NAME,EMAIL,PHONE_NUMBER,PERMISSION_ID,LAST_LOCATION_ID,PASSWORD) VALUES (31,'Ezra Mcmillan','consequat@tincidunt.ca',15239163339,2,0,'ultrices, mauris');
INSERT INTO CB_USER (ID,NAME,EMAIL,PHONE_NUMBER,PERMISSION_ID,LAST_LOCATION_ID,PASSWORD) VALUES (32,'Julian Meyers','id.mollis.nec@mattisCras.edu',15396576659,2,0,'Sed malesuada augue');
INSERT INTO CB_USER (ID,NAME,EMAIL,PHONE_NUMBER,PERMISSION_ID,LAST_LOCATION_ID,PASSWORD) VALUES (33,'Charles Galloway','tempus.scelerisque.lorem@nec.com',18248500564,2,0,'cursus');
INSERT INTO CB_USER (ID,NAME,EMAIL,PHONE_NUMBER,PERMISSION_ID,LAST_LOCATION_ID,PASSWORD) VALUES (34,'Zoe Wallace','justo@nibhdolornonummy.co.uk',19684733977,2,0,'ligula. Donec luctus');
INSERT INTO CB_USER (ID,NAME,EMAIL,PHONE_NUMBER,PERMISSION_ID,LAST_LOCATION_ID,PASSWORD) VALUES (35,'Ria Bailey','ipsum@suscipitnonummy.org',15608924059,2,0,'purus sapien,');
INSERT INTO CB_USER (ID,NAME,EMAIL,PHONE_NUMBER,PERMISSION_ID,LAST_LOCATION_ID,PASSWORD) VALUES (36,'Lewis Hinton','scelerisque@ultrices.net',12527566589,2,0,'dolor egestas rhoncus. Proin');
INSERT INTO CB_USER (ID,NAME,EMAIL,PHONE_NUMBER,PERMISSION_ID,LAST_LOCATION_ID,PASSWORD) VALUES (37,'Nola Banks','penatibus.et.magnis@nullavulputatedui.edu',16125463569,2,0,'luctus. Curabitur egestas');
INSERT INTO CB_USER (ID,NAME,EMAIL,PHONE_NUMBER,PERMISSION_ID,LAST_LOCATION_ID,PASSWORD) VALUES (38,'Leonard Flowers','lorem.tristique@dictumplacerataugue.co.uk',10497593651,2,0,'nisl elementum purus, accumsan');
INSERT INTO CB_USER (ID,NAME,EMAIL,PHONE_NUMBER,PERMISSION_ID,LAST_LOCATION_ID,PASSWORD) VALUES (39,'Nicole Webb','sem.molestie@diamatpretium.edu',17731084083,2,0,'Sed nulla ante,');
INSERT INTO CB_USER (ID,NAME,EMAIL,PHONE_NUMBER,PERMISSION_ID,LAST_LOCATION_ID,PASSWORD) VALUES (40,'Audrey Bonner','lorem@Aeneaneget.co.uk',13917493485,2,0,'In');
INSERT INTO CB_USER (ID,NAME,EMAIL,PHONE_NUMBER,PERMISSION_ID,LAST_LOCATION_ID,PASSWORD) VALUES (41,'Macaulay Waters','mus@sit.co.uk',19118524641,2,0,'Donec elementum, lorem ut');
INSERT INTO CB_USER (ID,NAME,EMAIL,PHONE_NUMBER,PERMISSION_ID,LAST_LOCATION_ID,PASSWORD) VALUES (42,'Lacy Garner','lacus.pede@eueros.ca',13829343272,2,0,'lobortis');
INSERT INTO CB_USER (ID,NAME,EMAIL,PHONE_NUMBER,PERMISSION_ID,LAST_LOCATION_ID,PASSWORD) VALUES (43,'Warren Bentley','quis.lectus@diam.com',18690257892,2,0,'risus. Donec nibh enim,');
INSERT INTO CB_USER (ID,NAME,EMAIL,PHONE_NUMBER,PERMISSION_ID,LAST_LOCATION_ID,PASSWORD) VALUES (44,'Marvin Harper','at.fringilla.purus@vestibulum.ca',15274180984,2,0,'Donec felis orci, adipiscing');
INSERT INTO CB_USER (ID,NAME,EMAIL,PHONE_NUMBER,PERMISSION_ID,LAST_LOCATION_ID,PASSWORD) VALUES (45,'Hayley Barker','elit.dictum@porttitoreros.ca',13842980806,2,0,'Proin vel');
INSERT INTO CB_USER (ID,NAME,EMAIL,PHONE_NUMBER,PERMISSION_ID,LAST_LOCATION_ID,PASSWORD) VALUES (46,'Eugenia Benton','at.velit@at.ca',13584001548,2,0,'mus.');
INSERT INTO CB_USER (ID,NAME,EMAIL,PHONE_NUMBER,PERMISSION_ID,LAST_LOCATION_ID,PASSWORD) VALUES (47,'Jada Hart','lobortis@metusAliquam.com',11492410446,2,0,'magnis');
INSERT INTO CB_USER (ID,NAME,EMAIL,PHONE_NUMBER,PERMISSION_ID,LAST_LOCATION_ID,PASSWORD) VALUES (48,'Brendan Wiley','Nulla.facilisis.Suspendisse@arcu.co.uk',11545601864,2,0,'Nullam feugiat placerat');
INSERT INTO CB_USER (ID,NAME,EMAIL,PHONE_NUMBER,PERMISSION_ID,LAST_LOCATION_ID,PASSWORD) VALUES (49,'Rosalyn Wise','quam.dignissim.pharetra@augueeu.org',19099436198,2,0,'cursus non, egestas a,');
INSERT INTO CB_USER (ID,NAME,EMAIL,PHONE_NUMBER,PERMISSION_ID,LAST_LOCATION_ID,PASSWORD) VALUES (50,'Caryn Vazquez','Quisque.porttitor@posuerevulputatelacus.edu',13921818095,2,0,'ultricies adipiscing,');
INSERT INTO CB_USER (ID,NAME,EMAIL,PHONE_NUMBER,PERMISSION_ID,LAST_LOCATION_ID,PASSWORD) VALUES (51,'Idona Henson','ultricies.ligula.Nullam@ligula.ca',15913647008,2,0,'Vestibulum');
INSERT INTO CB_USER (ID,NAME,EMAIL,PHONE_NUMBER,PERMISSION_ID,LAST_LOCATION_ID,PASSWORD) VALUES (52,'Aiko Merrill','Ut@sociisnatoquepenatibus.net',19600597187,2,0,'dictum cursus. Nunc mauris');
INSERT INTO CB_USER (ID,NAME,EMAIL,PHONE_NUMBER,PERMISSION_ID,LAST_LOCATION_ID,PASSWORD) VALUES (53,'Stewart Beach','vestibulum@diam.co.uk',17998928586,2,0,'Class aptent taciti');
INSERT INTO CB_USER (ID,NAME,EMAIL,PHONE_NUMBER,PERMISSION_ID,LAST_LOCATION_ID,PASSWORD) VALUES (54,'Evan Gallegos','auctor.velit@seddui.edu',11768684010,2,0,'sit');
INSERT INTO CB_USER (ID,NAME,EMAIL,PHONE_NUMBER,PERMISSION_ID,LAST_LOCATION_ID,PASSWORD) VALUES (55,'Lars Banks','diam.Proin.dolor@sodalesnisimagna.co.uk',13298114003,2,0,'eu, placerat eget,');
INSERT INTO CB_USER (ID,NAME,EMAIL,PHONE_NUMBER,PERMISSION_ID,LAST_LOCATION_ID,PASSWORD) VALUES (56,'Timothy Herman','sem.magna@vulputateullamcorper.org',13782495335,2,0,'non');
INSERT INTO CB_USER (ID,NAME,EMAIL,PHONE_NUMBER,PERMISSION_ID,LAST_LOCATION_ID,PASSWORD) VALUES (57,'Micah Johnson','iaculis.nec@necquam.org',16284209238,2,0,'sodales elit');
INSERT INTO CB_USER (ID,NAME,EMAIL,PHONE_NUMBER,PERMISSION_ID,LAST_LOCATION_ID,PASSWORD) VALUES (58,'Zenia Hughes','non.quam@nequeMorbi.com',18190297396,2,0,'ipsum leo');
INSERT INTO CB_USER (ID,NAME,EMAIL,PHONE_NUMBER,PERMISSION_ID,LAST_LOCATION_ID,PASSWORD) VALUES (59,'Reese Roman','posuere@tellus.com',12833670280,2,0,'sit amet');
INSERT INTO CB_USER (ID,NAME,EMAIL,PHONE_NUMBER,PERMISSION_ID,LAST_LOCATION_ID,PASSWORD) VALUES (60,'Grant Mcmillan','nec.ante@orciadipiscingnon.co.uk',10144704943,2,0,'Vestibulum ante');
INSERT INTO CB_USER (ID,NAME,EMAIL,PHONE_NUMBER,PERMISSION_ID,LAST_LOCATION_ID,PASSWORD) VALUES (61,'Blossom Dillon','massa.Vestibulum.accumsan@mauris.net',14930328010,2,0,'quis diam');
INSERT INTO CB_USER (ID,NAME,EMAIL,PHONE_NUMBER,PERMISSION_ID,LAST_LOCATION_ID,PASSWORD) VALUES (62,'Rhona Jennings','conubia.nostra@faucibus.net',18343429086,2,0,'tellus lorem eu metus.');
INSERT INTO CB_USER (ID,NAME,EMAIL,PHONE_NUMBER,PERMISSION_ID,LAST_LOCATION_ID,PASSWORD) VALUES (63,'Davis Wilcox','eleifend.Cras.sed@Intincidunt.edu',15675939503,2,0,'urna justo faucibus');
INSERT INTO CB_USER (ID,NAME,EMAIL,PHONE_NUMBER,PERMISSION_ID,LAST_LOCATION_ID,PASSWORD) VALUES (64,'Tashya Hopkins','erat.volutpat.Nulla@imperdietullamcorperDuis.com',16515075527,2,0,'id, ante. Nunc');
INSERT INTO CB_USER (ID,NAME,EMAIL,PHONE_NUMBER,PERMISSION_ID,LAST_LOCATION_ID,PASSWORD) VALUES (65,'Harriet Mayo','elit.Aliquam@Proin.net',16832395895,2,0,'interdum feugiat.');
INSERT INTO CB_USER (ID,NAME,EMAIL,PHONE_NUMBER,PERMISSION_ID,LAST_LOCATION_ID,PASSWORD) VALUES (66,'Brody Gutierrez','consequat.purus.Maecenas@laciniamattis.net',18452193709,2,0,'habitant morbi tristique senectus');
INSERT INTO CB_USER (ID,NAME,EMAIL,PHONE_NUMBER,PERMISSION_ID,LAST_LOCATION_ID,PASSWORD) VALUES (67,'Thaddeus Gutierrez','vitae.semper@gravidanonsollicitudin.org',14740603203,2,0,'nisi dictum');
INSERT INTO CB_USER (ID,NAME,EMAIL,PHONE_NUMBER,PERMISSION_ID,LAST_LOCATION_ID,PASSWORD) VALUES (68,'Jaime Salazar','molestie@utcursus.org',19855920105,2,0,'dictum magna. Ut tincidunt');
INSERT INTO CB_USER (ID,NAME,EMAIL,PHONE_NUMBER,PERMISSION_ID,LAST_LOCATION_ID,PASSWORD) VALUES (69,'Maxine Alvarado','felis.eget@Intinciduntcongue.co.uk',10011627972,2,0,'malesuada ut, sem.');
INSERT INTO CB_USER (ID,NAME,EMAIL,PHONE_NUMBER,PERMISSION_ID,LAST_LOCATION_ID,PASSWORD) VALUES (70,'Genevieve Walton','vestibulum.Mauris@non.com',17672327273,2,0,'Cras');
INSERT INTO CB_USER (ID,NAME,EMAIL,PHONE_NUMBER,PERMISSION_ID,LAST_LOCATION_ID,PASSWORD) VALUES (71,'Barry Carey','pellentesque.Sed.dictum@Phasellus.edu',15858428716,2,0,'aliquam');
INSERT INTO CB_USER (ID,NAME,EMAIL,PHONE_NUMBER,PERMISSION_ID,LAST_LOCATION_ID,PASSWORD) VALUES (72,'Micah Reeves','at.sem@bibendumDonecfelis.com',10088229156,2,0,'est. Mauris');
INSERT INTO CB_USER (ID,NAME,EMAIL,PHONE_NUMBER,PERMISSION_ID,LAST_LOCATION_ID,PASSWORD) VALUES (73,'Cheryl Cervantes','sem.consequat@quisaccumsan.co.uk',15214862363,2,0,'amet ornare lectus');
INSERT INTO CB_USER (ID,NAME,EMAIL,PHONE_NUMBER,PERMISSION_ID,LAST_LOCATION_ID,PASSWORD) VALUES (74,'Denise Wilkerson','Curabitur@Sedet.com',18815035532,2,0,'Fusce diam');
INSERT INTO CB_USER (ID,NAME,EMAIL,PHONE_NUMBER,PERMISSION_ID,LAST_LOCATION_ID,PASSWORD) VALUES (75,'Idola Cabrera','vel.turpis@Vivamusnon.org',17882359573,2,0,'mi lacinia mattis. Integer');
INSERT INTO CB_USER (ID,NAME,EMAIL,PHONE_NUMBER,PERMISSION_ID,LAST_LOCATION_ID,PASSWORD) VALUES (76,'Patience Rasmussen','erat.nonummy.ultricies@augueac.org',11775529696,2,0,'lorem ut');
INSERT INTO CB_USER (ID,NAME,EMAIL,PHONE_NUMBER,PERMISSION_ID,LAST_LOCATION_ID,PASSWORD) VALUES (77,'Gay Benson','Nam.porttitor@quamelementumat.edu',17248576759,2,0,'ut, sem. Nulla interdum.');
INSERT INTO CB_USER (ID,NAME,EMAIL,PHONE_NUMBER,PERMISSION_ID,LAST_LOCATION_ID,PASSWORD) VALUES (78,'Rhoda Puckett','lectus@felisadipiscingfringilla.com',14880046975,2,0,'justo. Proin non massa');
INSERT INTO CB_USER (ID,NAME,EMAIL,PHONE_NUMBER,PERMISSION_ID,LAST_LOCATION_ID,PASSWORD) VALUES (79,'Jeanette Huber','ipsum.nunc@arcuVivamus.ca',10304336915,2,0,'justo. Praesent luctus.');
INSERT INTO CB_USER (ID,NAME,EMAIL,PHONE_NUMBER,PERMISSION_ID,LAST_LOCATION_ID,PASSWORD) VALUES (80,'Eden Morin','Suspendisse.sagittis.Nullam@risus.net',15427293493,2,0,'imperdiet');
INSERT INTO CB_USER (ID,NAME,EMAIL,PHONE_NUMBER,PERMISSION_ID,LAST_LOCATION_ID,PASSWORD) VALUES (81,'Nevada Curtis','a@gravidasagittisDuis.com',11808137581,2,0,'Praesent interdum ligula');
INSERT INTO CB_USER (ID,NAME,EMAIL,PHONE_NUMBER,PERMISSION_ID,LAST_LOCATION_ID,PASSWORD) VALUES (82,'Hayfa Lewis','molestie@insodaleselit.edu',19806688140,2,0,'velit eget');
INSERT INTO CB_USER (ID,NAME,EMAIL,PHONE_NUMBER,PERMISSION_ID,LAST_LOCATION_ID,PASSWORD) VALUES (83,'Ignatius Mckay','tristique.neque@estarcuac.edu',11996912048,2,0,'arcu. Curabitur');
INSERT INTO CB_USER (ID,NAME,EMAIL,PHONE_NUMBER,PERMISSION_ID,LAST_LOCATION_ID,PASSWORD) VALUES (84,'Felicia Mullen','fermentum.fermentum@vitaediam.org',12901772149,2,0,'lorem eu metus. In');
INSERT INTO CB_USER (ID,NAME,EMAIL,PHONE_NUMBER,PERMISSION_ID,LAST_LOCATION_ID,PASSWORD) VALUES (85,'Boris Wilkerson','arcu.vel@netuset.ca',11021129302,2,0,'ullamcorper.');
INSERT INTO CB_USER (ID,NAME,EMAIL,PHONE_NUMBER,PERMISSION_ID,LAST_LOCATION_ID,PASSWORD) VALUES (86,'Galena Sanchez','dui.semper.et@arcu.net',14516312806,2,0,'augue ut lacus. Nulla');
INSERT INTO CB_USER (ID,NAME,EMAIL,PHONE_NUMBER,PERMISSION_ID,LAST_LOCATION_ID,PASSWORD) VALUES (87,'Jenette Pickett','ultricies.sem@vitae.org',14858127935,2,0,'ullamcorper magna. Sed');
INSERT INTO CB_USER (ID,NAME,EMAIL,PHONE_NUMBER,PERMISSION_ID,LAST_LOCATION_ID,PASSWORD) VALUES (88,'September Barton','erat.eget.ipsum@at.net',17158031906,2,0,'lorem, vehicula');
INSERT INTO CB_USER (ID,NAME,EMAIL,PHONE_NUMBER,PERMISSION_ID,LAST_LOCATION_ID,PASSWORD) VALUES (89,'Eagan Hickman','magnis@augueidante.net',14229089497,2,0,'lorem');
INSERT INTO CB_USER (ID,NAME,EMAIL,PHONE_NUMBER,PERMISSION_ID,LAST_LOCATION_ID,PASSWORD) VALUES (90,'Zephr Keller','in.faucibus.orci@sollicitudina.com',10543702920,2,0,'vitae dolor. Donec fringilla.');
INSERT INTO CB_USER (ID,NAME,EMAIL,PHONE_NUMBER,PERMISSION_ID,LAST_LOCATION_ID,PASSWORD) VALUES (91,'Cedric Hendricks','tristique@rutrumloremac.net',12966784346,2,0,'felis');
INSERT INTO CB_USER (ID,NAME,EMAIL,PHONE_NUMBER,PERMISSION_ID,LAST_LOCATION_ID,PASSWORD) VALUES (92,'Charles Cote','nisi.a@habitant.ca',13531313189,2,0,'imperdiet, erat nonummy ultricies');
INSERT INTO CB_USER (ID,NAME,EMAIL,PHONE_NUMBER,PERMISSION_ID,LAST_LOCATION_ID,PASSWORD) VALUES (93,'Zena Hood','non@sit.ca',17604533239,2,0,'augue');
INSERT INTO CB_USER (ID,NAME,EMAIL,PHONE_NUMBER,PERMISSION_ID,LAST_LOCATION_ID,PASSWORD) VALUES (94,'Audrey Bernard','sit@egestaslaciniaSed.net',17964570774,2,0,'pretium aliquet, metus');
INSERT INTO CB_USER (ID,NAME,EMAIL,PHONE_NUMBER,PERMISSION_ID,LAST_LOCATION_ID,PASSWORD) VALUES (95,'Daryl Mcdowell','vulputate.mauris.sagittis@uterosnon.net',16674592788,2,0,'id nunc');
INSERT INTO CB_USER (ID,NAME,EMAIL,PHONE_NUMBER,PERMISSION_ID,LAST_LOCATION_ID,PASSWORD) VALUES (96,'Cynthia Henry','justo.nec@tempusrisusDonec.co.uk',10771828033,2,0,'dictum cursus. Nunc mauris');
INSERT INTO CB_USER (ID,NAME,EMAIL,PHONE_NUMBER,PERMISSION_ID,LAST_LOCATION_ID,PASSWORD) VALUES (97,'Shafira Cummings','Ut@et.ca',10158788454,2,0,'orci quis');
INSERT INTO CB_USER (ID,NAME,EMAIL,PHONE_NUMBER,PERMISSION_ID,LAST_LOCATION_ID,PASSWORD) VALUES (98,'Brian Chaney','hendrerit@ullamcorper.co.uk',16735227141,2,0,'elementum purus, accumsan interdum');
INSERT INTO CB_USER (ID,NAME,EMAIL,PHONE_NUMBER,PERMISSION_ID,LAST_LOCATION_ID,PASSWORD) VALUES (99,'Darrel Hinton','orci.in.consequat@Praesent.edu',14739093729,2,0,'Donec fringilla.');
INSERT INTO CB_USER (ID,NAME,EMAIL,PHONE_NUMBER,PERMISSION_ID,LAST_LOCATION_ID,PASSWORD) VALUES (100,'Hop Barron','arcu.Curabitur@interdumfeugiat.net',12313075643,2,0,'Suspendisse sagittis. Nullam');
INSERT INTO CB_USER (ID,NAME,EMAIL,PHONE_NUMBER,PERMISSION_ID,LAST_LOCATION_ID,PASSWORD) VALUES (101,'Asher Valencia','non.lobortis@justonecante.org',11497547407,2,0,'sem elit, pharetra');
INSERT INTO CB_USER (ID,NAME,EMAIL,PHONE_NUMBER,PERMISSION_ID,LAST_LOCATION_ID,PASSWORD) VALUES (102,'Marshall Cole','sem.ut@ategestas.net',15427885577,2,0,'est,');
INSERT INTO CB_USER (ID,NAME,EMAIL,PHONE_NUMBER,PERMISSION_ID,LAST_LOCATION_ID,PASSWORD) VALUES (103,'Jemima Nelson','turpis.In.condimentum@vitae.co.uk',18340200056,2,0,'semper cursus. Integer');
INSERT INTO CB_USER (ID,NAME,EMAIL,PHONE_NUMBER,PERMISSION_ID,LAST_LOCATION_ID,PASSWORD) VALUES (104,'Linus Huffman','Duis@fermentumrisusat.edu',19051868166,2,0,'euismod et, commodo');
INSERT INTO CB_USER (ID,NAME,EMAIL,PHONE_NUMBER,PERMISSION_ID,LAST_LOCATION_ID,PASSWORD) VALUES (105,'Bell Stanley','ipsum@enimMauris.org',14601202807,2,0,'Morbi accumsan laoreet ipsum.');
INSERT INTO CB_USER (ID,NAME,EMAIL,PHONE_NUMBER,PERMISSION_ID,LAST_LOCATION_ID,PASSWORD) VALUES (106,'Wylie Hopkins','risus.at@utsem.co.uk',11957211862,2,0,'eu metus.');
INSERT INTO CB_USER (ID,NAME,EMAIL,PHONE_NUMBER,PERMISSION_ID,LAST_LOCATION_ID,PASSWORD) VALUES (107,'Logan West','sapien.molestie@Phaselluselit.com',10339307794,2,0,'eleifend');
INSERT INTO CB_USER (ID,NAME,EMAIL,PHONE_NUMBER,PERMISSION_ID,LAST_LOCATION_ID,PASSWORD) VALUES (108,'Rama Hudson','rhoncus.Nullam.velit@lobortismaurisSuspendisse.net',16696661702,2,0,'pede, ultrices a,');
INSERT INTO CB_USER (ID,NAME,EMAIL,PHONE_NUMBER,PERMISSION_ID,LAST_LOCATION_ID,PASSWORD) VALUES (109,'Benedict Clay','tempus@vitaeerat.ca',15558774304,2,0,'magna');
INSERT INTO CB_USER (ID,NAME,EMAIL,PHONE_NUMBER,PERMISSION_ID,LAST_LOCATION_ID,PASSWORD) VALUES (110,'Breanna Ware','ipsum.porta.elit@Cras.com',10593589991,2,0,'mauris blandit mattis.');
INSERT INTO CB_USER (ID,NAME,EMAIL,PHONE_NUMBER,PERMISSION_ID,LAST_LOCATION_ID,PASSWORD) VALUES (111,'Cairo Chen','faucibus.lectus@urnajusto.org',14010988781,2,0,'pretium neque. Morbi quis');
INSERT INTO CB_USER (ID,NAME,EMAIL,PHONE_NUMBER,PERMISSION_ID,LAST_LOCATION_ID,PASSWORD) VALUES (112,'Buffy Klein','orci.Phasellus.dapibus@semperetlacinia.net',18294275850,2,0,'vitae nibh. Donec');
INSERT INTO CB_USER (ID,NAME,EMAIL,PHONE_NUMBER,PERMISSION_ID,LAST_LOCATION_ID,PASSWORD) VALUES (113,'Vincent Long','tempus@atarcuVestibulum.co.uk',14296963909,2,0,'luctus aliquet odio.');
INSERT INTO CB_USER (ID,NAME,EMAIL,PHONE_NUMBER,PERMISSION_ID,LAST_LOCATION_ID,PASSWORD) VALUES (114,'Katell Carney','nec.luctus.felis@ullamcorper.net',13977634325,2,0,'eget ipsum. Suspendisse sagittis.');
INSERT INTO CB_USER (ID,NAME,EMAIL,PHONE_NUMBER,PERMISSION_ID,LAST_LOCATION_ID,PASSWORD) VALUES (115,'Madison Dillon','dui.Cum.sociis@liberomauris.edu',18664475028,2,0,'urna, nec luctus');
INSERT INTO CB_USER (ID,NAME,EMAIL,PHONE_NUMBER,PERMISSION_ID,LAST_LOCATION_ID,PASSWORD) VALUES (116,'Graham Graves','pellentesque.Sed.dictum@amet.com',12122173272,2,0,'nec');
INSERT INTO CB_USER (ID,NAME,EMAIL,PHONE_NUMBER,PERMISSION_ID,LAST_LOCATION_ID,PASSWORD) VALUES (117,'Eve Tillman','lorem@per.com',18312613773,2,0,'amet,');
INSERT INTO CB_USER (ID,NAME,EMAIL,PHONE_NUMBER,PERMISSION_ID,LAST_LOCATION_ID,PASSWORD) VALUES (118,'Leah Randolph','faucibus.orci.luctus@fermentum.co.uk',18746490665,2,0,'ac tellus. Suspendisse');
INSERT INTO CB_USER (ID,NAME,EMAIL,PHONE_NUMBER,PERMISSION_ID,LAST_LOCATION_ID,PASSWORD) VALUES (119,'Tara Pollard','congue@Aeneanegetmagna.org',15862036571,2,0,'sed dictum');
INSERT INTO CB_USER (ID,NAME,EMAIL,PHONE_NUMBER,PERMISSION_ID,LAST_LOCATION_ID,PASSWORD) VALUES (120,'Alexis Alexander','feugiat.non.lobortis@ante.com',12787689618,2,0,'aliquet, metus urna');
INSERT INTO CB_USER (ID,NAME,EMAIL,PHONE_NUMBER,PERMISSION_ID,LAST_LOCATION_ID,PASSWORD) VALUES (121,'Abra Meyer','laoreet.ipsum@hendreritDonecporttitor.co.uk',12167638745,2,0,'accumsan convallis, ante lectus');
INSERT INTO CB_USER (ID,NAME,EMAIL,PHONE_NUMBER,PERMISSION_ID,LAST_LOCATION_ID,PASSWORD) VALUES (122,'Murphy Gilbert','Lorem.ipsum.dolor@urnaUt.com',14357803482,2,0,'orci luctus et');
INSERT INTO CB_USER (ID,NAME,EMAIL,PHONE_NUMBER,PERMISSION_ID,LAST_LOCATION_ID,PASSWORD) VALUES (123,'Nomlanga Sears','lorem.lorem.luctus@augueac.co.uk',12698562434,2,0,'arcu.');
INSERT INTO CB_USER (ID,NAME,EMAIL,PHONE_NUMBER,PERMISSION_ID,LAST_LOCATION_ID,PASSWORD) VALUES (124,'Hilary Anderson','lorem.vehicula@Cras.edu',14744500616,2,0,'neque. Nullam');
INSERT INTO CB_USER (ID,NAME,EMAIL,PHONE_NUMBER,PERMISSION_ID,LAST_LOCATION_ID,PASSWORD) VALUES (125,'Kelsie Vazquez','lectus.a.sollicitudin@temporaugueac.net',17195526939,2,0,'placerat. Cras dictum ultricies');
INSERT INTO CB_USER (ID,NAME,EMAIL,PHONE_NUMBER,PERMISSION_ID,LAST_LOCATION_ID,PASSWORD) VALUES (126,'Katell Joseph','commodo.hendrerit.Donec@molestieSedid.org',15749273561,2,0,'Ut tincidunt vehicula');
INSERT INTO CB_USER (ID,NAME,EMAIL,PHONE_NUMBER,PERMISSION_ID,LAST_LOCATION_ID,PASSWORD) VALUES (127,'Chiquita Norton','pede@nonlobortisquis.co.uk',12381583261,2,0,'elementum, lorem ut');
INSERT INTO CB_USER (ID,NAME,EMAIL,PHONE_NUMBER,PERMISSION_ID,LAST_LOCATION_ID,PASSWORD) VALUES (128,'Harper Mccoy','et@purusaccumsan.edu',13425553031,2,0,'ac,');
INSERT INTO CB_USER (ID,NAME,EMAIL,PHONE_NUMBER,PERMISSION_ID,LAST_LOCATION_ID,PASSWORD) VALUES (129,'Harlan Greene','enim.Mauris.quis@necdiam.org',18613436348,2,0,'pellentesque massa');
INSERT INTO CB_USER (ID,NAME,EMAIL,PHONE_NUMBER,PERMISSION_ID,LAST_LOCATION_ID,PASSWORD) VALUES (130,'Laura Glenn','condimentum@non.net',11354891103,2,0,'Nunc quis arcu');
INSERT INTO CB_USER (ID,NAME,EMAIL,PHONE_NUMBER,PERMISSION_ID,LAST_LOCATION_ID,PASSWORD) VALUES (131,'Anjolie Sharpe','sem.mollis.dui@miac.net',11271026292,2,0,'ac turpis');
INSERT INTO CB_USER (ID,NAME,EMAIL,PHONE_NUMBER,PERMISSION_ID,LAST_LOCATION_ID,PASSWORD) VALUES (132,'Winter Nicholson','Curabitur@Sednunc.ca',13232132387,2,0,'elit');
INSERT INTO CB_USER (ID,NAME,EMAIL,PHONE_NUMBER,PERMISSION_ID,LAST_LOCATION_ID,PASSWORD) VALUES (133,'Liberty Livingston','orci.sem.eget@MorbimetusVivamus.co.uk',18517736839,2,0,'risus a ultricies adipiscing,');
INSERT INTO CB_USER (ID,NAME,EMAIL,PHONE_NUMBER,PERMISSION_ID,LAST_LOCATION_ID,PASSWORD) VALUES (134,'Nichole Harrell','felis@temporbibendum.edu',14525595400,2,0,'id magna et');
INSERT INTO CB_USER (ID,NAME,EMAIL,PHONE_NUMBER,PERMISSION_ID,LAST_LOCATION_ID,PASSWORD) VALUES (135,'Inga Delacruz','commodo.ipsum@ut.org',16847722382,2,0,'ligula.');
INSERT INTO CB_USER (ID,NAME,EMAIL,PHONE_NUMBER,PERMISSION_ID,LAST_LOCATION_ID,PASSWORD) VALUES (136,'Connor Morales','ligula.Aliquam@Nunclectuspede.co.uk',13506234996,2,0,'cursus');
INSERT INTO CB_USER (ID,NAME,EMAIL,PHONE_NUMBER,PERMISSION_ID,LAST_LOCATION_ID,PASSWORD) VALUES (137,'Denton Rios','nunc@parturientmontes.net',10192358023,2,0,'Morbi neque tellus, imperdiet');
INSERT INTO CB_USER (ID,NAME,EMAIL,PHONE_NUMBER,PERMISSION_ID,LAST_LOCATION_ID,PASSWORD) VALUES (138,'Lenore Lewis','a@adipiscingligulaAenean.com',14577274299,2,0,'vitae purus gravida sagittis.');
INSERT INTO CB_USER (ID,NAME,EMAIL,PHONE_NUMBER,PERMISSION_ID,LAST_LOCATION_ID,PASSWORD) VALUES (139,'Marny Luna','in@ipsumSuspendissesagittis.org',18654094185,2,0,'adipiscing non,');
INSERT INTO CB_USER (ID,NAME,EMAIL,PHONE_NUMBER,PERMISSION_ID,LAST_LOCATION_ID,PASSWORD) VALUES (140,'Alexa Cortez','leo@lacus.edu',12300285850,2,0,'Donec');
INSERT INTO CB_USER (ID,NAME,EMAIL,PHONE_NUMBER,PERMISSION_ID,LAST_LOCATION_ID,PASSWORD) VALUES (141,'Buckminster Hamilton','sed@congue.edu',18894952843,2,0,'Morbi non');
INSERT INTO CB_USER (ID,NAME,EMAIL,PHONE_NUMBER,PERMISSION_ID,LAST_LOCATION_ID,PASSWORD) VALUES (142,'Macy Hoover','consectetuer.mauris@Aliquamnec.net',19029118233,2,0,'In scelerisque scelerisque');
INSERT INTO CB_USER (ID,NAME,EMAIL,PHONE_NUMBER,PERMISSION_ID,LAST_LOCATION_ID,PASSWORD) VALUES (143,'Nathan Meyers','Phasellus.libero@egestasblandit.ca',18712080941,2,0,'dignissim pharetra. Nam');
INSERT INTO CB_USER (ID,NAME,EMAIL,PHONE_NUMBER,PERMISSION_ID,LAST_LOCATION_ID,PASSWORD) VALUES (144,'Maite Drake','eleifend.nunc.risus@sedconsequat.co.uk',18657022734,2,0,'orci. Phasellus dapibus quam');
INSERT INTO CB_USER (ID,NAME,EMAIL,PHONE_NUMBER,PERMISSION_ID,LAST_LOCATION_ID,PASSWORD) VALUES (145,'Donna Vaughan','leo.Cras@Etiamvestibulummassa.co.uk',13613025504,2,0,'erat,');
INSERT INTO CB_USER (ID,NAME,EMAIL,PHONE_NUMBER,PERMISSION_ID,LAST_LOCATION_ID,PASSWORD) VALUES (146,'Shaine Lester','penatibus.et.magnis@noncursusnon.co.uk',13961487161,2,0,'nulla. In tincidunt');
INSERT INTO CB_USER (ID,NAME,EMAIL,PHONE_NUMBER,PERMISSION_ID,LAST_LOCATION_ID,PASSWORD) VALUES (147,'Brielle Emerson','natoque.penatibus@accumsanlaoreetipsum.org',15135866324,2,0,'semper');
INSERT INTO CB_USER (ID,NAME,EMAIL,PHONE_NUMBER,PERMISSION_ID,LAST_LOCATION_ID,PASSWORD) VALUES (148,'Cooper Yates','semper.Nam@pede.com',17311354843,2,0,'torquent per');
INSERT INTO CB_USER (ID,NAME,EMAIL,PHONE_NUMBER,PERMISSION_ID,LAST_LOCATION_ID,PASSWORD) VALUES (149,'Curran Sims','eu.neque.pellentesque@tellusNunc.co.uk',12929172860,2,0,'ipsum');
INSERT INTO CB_USER (ID,NAME,EMAIL,PHONE_NUMBER,PERMISSION_ID,LAST_LOCATION_ID,PASSWORD) VALUES (150,'Bert Page','lobortis.nisi.nibh@Namac.org',15993040339,2,0,'et pede. Nunc');
INSERT INTO CB_USER (ID,NAME,EMAIL,PHONE_NUMBER,PERMISSION_ID,LAST_LOCATION_ID,PASSWORD) VALUES (151,'Brian Foley','et@dolor.ca',13033836251,2,0,'ac, fermentum');
INSERT INTO CB_USER (ID,NAME,EMAIL,PHONE_NUMBER,PERMISSION_ID,LAST_LOCATION_ID,PASSWORD) VALUES (152,'Elliott Hughes','ipsum.Donec.sollicitudin@euismod.edu',10842987815,2,0,'aliquam adipiscing');
INSERT INTO CB_USER (ID,NAME,EMAIL,PHONE_NUMBER,PERMISSION_ID,LAST_LOCATION_ID,PASSWORD) VALUES (153,'Leah Gibson','fringilla.mi.lacinia@nec.com',17486989503,2,0,'primis in faucibus');
INSERT INTO CB_USER (ID,NAME,EMAIL,PHONE_NUMBER,PERMISSION_ID,LAST_LOCATION_ID,PASSWORD) VALUES (154,'Chantale Dickerson','dis.parturient@interdumSedauctor.net',15911097811,2,0,'lectus. Nullam suscipit, est');
INSERT INTO CB_USER (ID,NAME,EMAIL,PHONE_NUMBER,PERMISSION_ID,LAST_LOCATION_ID,PASSWORD) VALUES (155,'Lareina Hammond','feugiat.Sed@Maurisblanditenim.ca',12444496671,2,0,'In tincidunt');
INSERT INTO CB_USER (ID,NAME,EMAIL,PHONE_NUMBER,PERMISSION_ID,LAST_LOCATION_ID,PASSWORD) VALUES (156,'Zena Tanner','Duis.mi.enim@Quisqueaclibero.net',11720681749,2,0,'eget massa. Suspendisse eleifend.');
INSERT INTO CB_USER (ID,NAME,EMAIL,PHONE_NUMBER,PERMISSION_ID,LAST_LOCATION_ID,PASSWORD) VALUES (157,'Wynter Walter','Aliquam@eunibhvulputate.ca',11061101346,2,0,'felis ullamcorper');
INSERT INTO CB_USER (ID,NAME,EMAIL,PHONE_NUMBER,PERMISSION_ID,LAST_LOCATION_ID,PASSWORD) VALUES (158,'Daniel Bentley','rutrum@sitametdiam.com',12568633896,2,0,'sapien, gravida non,');
INSERT INTO CB_USER (ID,NAME,EMAIL,PHONE_NUMBER,PERMISSION_ID,LAST_LOCATION_ID,PASSWORD) VALUES (159,'Herman Garrison','sapien@nasceturridiculus.co.uk',16739691547,2,0,'at, egestas a, scelerisque');
INSERT INTO CB_USER (ID,NAME,EMAIL,PHONE_NUMBER,PERMISSION_ID,LAST_LOCATION_ID,PASSWORD) VALUES (160,'James Miranda','rhoncus@turpis.edu',13140581827,2,0,'Morbi');
INSERT INTO CB_USER (ID,NAME,EMAIL,PHONE_NUMBER,PERMISSION_ID,LAST_LOCATION_ID,PASSWORD) VALUES (161,'Rhonda Gibbs','fermentum.metus@egetnisidictum.com',10824536252,2,0,'luctus sit amet,');
INSERT INTO CB_USER (ID,NAME,EMAIL,PHONE_NUMBER,PERMISSION_ID,LAST_LOCATION_ID,PASSWORD) VALUES (162,'Amaya Schultz','lacinia.vitae.sodales@amet.com',17101566503,2,0,'aliquam,');
INSERT INTO CB_USER (ID,NAME,EMAIL,PHONE_NUMBER,PERMISSION_ID,LAST_LOCATION_ID,PASSWORD) VALUES (163,'Iliana Carney','scelerisque.lorem.ipsum@enim.org',15572410291,2,0,'egestas hendrerit neque.');
INSERT INTO CB_USER (ID,NAME,EMAIL,PHONE_NUMBER,PERMISSION_ID,LAST_LOCATION_ID,PASSWORD) VALUES (164,'Alice Key','sociis@dictumProineget.ca',11255267835,2,0,'cubilia');
INSERT INTO CB_USER (ID,NAME,EMAIL,PHONE_NUMBER,PERMISSION_ID,LAST_LOCATION_ID,PASSWORD) VALUES (165,'Kristen Hartman','Nunc.mauris.sapien@odio.co.uk',13689113771,2,0,'amet ultricies');
INSERT INTO CB_USER (ID,NAME,EMAIL,PHONE_NUMBER,PERMISSION_ID,LAST_LOCATION_ID,PASSWORD) VALUES (166,'Lilah Webster','suscipit@molestie.ca',15771517777,2,0,'a tortor. Nunc');
INSERT INTO CB_USER (ID,NAME,EMAIL,PHONE_NUMBER,PERMISSION_ID,LAST_LOCATION_ID,PASSWORD) VALUES (167,'Joshua Acosta','sit.amet@ullamcorper.co.uk',15796109703,2,0,'nunc id enim.');
INSERT INTO CB_USER (ID,NAME,EMAIL,PHONE_NUMBER,PERMISSION_ID,LAST_LOCATION_ID,PASSWORD) VALUES (168,'Brenna Joyner','laoreet.ipsum@egetnisi.ca',17803622140,2,0,'Sed eu nibh vulputate');
INSERT INTO CB_USER (ID,NAME,EMAIL,PHONE_NUMBER,PERMISSION_ID,LAST_LOCATION_ID,PASSWORD) VALUES (169,'Quinn Bean','sagittis@semmagna.org',11761322152,2,0,'orci. Donec');
INSERT INTO CB_USER (ID,NAME,EMAIL,PHONE_NUMBER,PERMISSION_ID,LAST_LOCATION_ID,PASSWORD) VALUES (170,'Cathleen Hicks','scelerisque.neque.Nullam@quis.org',13818272636,2,0,'urna, nec luctus felis');
INSERT INTO CB_USER (ID,NAME,EMAIL,PHONE_NUMBER,PERMISSION_ID,LAST_LOCATION_ID,PASSWORD) VALUES (171,'Nehru Tran','arcu.eu@risusvariusorci.edu',14004007028,2,0,'non ante');
INSERT INTO CB_USER (ID,NAME,EMAIL,PHONE_NUMBER,PERMISSION_ID,LAST_LOCATION_ID,PASSWORD) VALUES (172,'Ethan Huffman','pellentesque.a.facilisis@mattisInteger.net',18359850892,2,0,'Integer aliquam');
INSERT INTO CB_USER (ID,NAME,EMAIL,PHONE_NUMBER,PERMISSION_ID,LAST_LOCATION_ID,PASSWORD) VALUES (173,'Buffy Bender','nascetur.ridiculus@eratvitae.com',19825954349,2,0,'enim,');
INSERT INTO CB_USER (ID,NAME,EMAIL,PHONE_NUMBER,PERMISSION_ID,LAST_LOCATION_ID,PASSWORD) VALUES (174,'Nigel Brady','vel@nislelementum.net',14056279091,2,0,'Proin eget odio. Aliquam');
INSERT INTO CB_USER (ID,NAME,EMAIL,PHONE_NUMBER,PERMISSION_ID,LAST_LOCATION_ID,PASSWORD) VALUES (175,'Peter Lewis','magnis@ultriciesdignissim.edu',15868717223,2,0,'metus facilisis');
INSERT INTO CB_USER (ID,NAME,EMAIL,PHONE_NUMBER,PERMISSION_ID,LAST_LOCATION_ID,PASSWORD) VALUES (176,'Raymond Wilkinson','euismod@vulputate.ca',10342444772,2,0,'Suspendisse');
INSERT INTO CB_USER (ID,NAME,EMAIL,PHONE_NUMBER,PERMISSION_ID,LAST_LOCATION_ID,PASSWORD) VALUES (177,'Yeo Cherry','arcu@dignissimmagna.com',10416245018,2,0,'vitae');
INSERT INTO CB_USER (ID,NAME,EMAIL,PHONE_NUMBER,PERMISSION_ID,LAST_LOCATION_ID,PASSWORD) VALUES (178,'Lucian Preston','facilisis.eget.ipsum@dignissimpharetraNam.com',15114426618,2,0,'Mauris molestie pharetra nibh.');
INSERT INTO CB_USER (ID,NAME,EMAIL,PHONE_NUMBER,PERMISSION_ID,LAST_LOCATION_ID,PASSWORD) VALUES (179,'Dennis Noble','sapien@egestaslaciniaSed.co.uk',19349644618,2,0,'scelerisque sed,');
INSERT INTO CB_USER (ID,NAME,EMAIL,PHONE_NUMBER,PERMISSION_ID,LAST_LOCATION_ID,PASSWORD) VALUES (180,'Kelly Aguilar','orci.Ut@ultricesa.net',19395257584,2,0,'dolor sit');
INSERT INTO CB_USER (ID,NAME,EMAIL,PHONE_NUMBER,PERMISSION_ID,LAST_LOCATION_ID,PASSWORD) VALUES (181,'Noelani Casey','Curabitur@diamProin.edu',15542812846,2,0,'ante. Maecenas mi felis,');
INSERT INTO CB_USER (ID,NAME,EMAIL,PHONE_NUMBER,PERMISSION_ID,LAST_LOCATION_ID,PASSWORD) VALUES (182,'Sade Bartlett','eu@semNullainterdum.org',12217839844,2,0,'nec');
INSERT INTO CB_USER (ID,NAME,EMAIL,PHONE_NUMBER,PERMISSION_ID,LAST_LOCATION_ID,PASSWORD) VALUES (183,'Walter Wilcox','metus.In@quispede.net',18567917897,2,0,'a,');
INSERT INTO CB_USER (ID,NAME,EMAIL,PHONE_NUMBER,PERMISSION_ID,LAST_LOCATION_ID,PASSWORD) VALUES (184,'Ora Small','vulputate.dui.nec@nonummyut.edu',16132695936,2,0,'ante');
INSERT INTO CB_USER (ID,NAME,EMAIL,PHONE_NUMBER,PERMISSION_ID,LAST_LOCATION_ID,PASSWORD) VALUES (185,'Nasim Spencer','venenatis.vel@maurisanunc.net',12106439718,2,0,'molestie dapibus ligula.');
INSERT INTO CB_USER (ID,NAME,EMAIL,PHONE_NUMBER,PERMISSION_ID,LAST_LOCATION_ID,PASSWORD) VALUES (186,'Ryder Miles','varius.et@at.co.uk',19574530232,2,0,'diam');
INSERT INTO CB_USER (ID,NAME,EMAIL,PHONE_NUMBER,PERMISSION_ID,LAST_LOCATION_ID,PASSWORD) VALUES (187,'Hayfa Small','eu@molestieSed.edu',10591088817,2,0,'ac urna. Ut tincidunt');
INSERT INTO CB_USER (ID,NAME,EMAIL,PHONE_NUMBER,PERMISSION_ID,LAST_LOCATION_ID,PASSWORD) VALUES (188,'Wang Welch','dolor@nuncidenim.net',10413075713,2,0,'eget, volutpat');
INSERT INTO CB_USER (ID,NAME,EMAIL,PHONE_NUMBER,PERMISSION_ID,LAST_LOCATION_ID,PASSWORD) VALUES (189,'Armando Mckenzie','vehicula.et@enimconsequatpurus.com',19687193046,2,0,'ut cursus');
INSERT INTO CB_USER (ID,NAME,EMAIL,PHONE_NUMBER,PERMISSION_ID,LAST_LOCATION_ID,PASSWORD) VALUES (190,'Kennedy Sherman','pede@Duisa.co.uk',12124546095,2,0,'tincidunt');
INSERT INTO CB_USER (ID,NAME,EMAIL,PHONE_NUMBER,PERMISSION_ID,LAST_LOCATION_ID,PASSWORD) VALUES (191,'Neville Wright','ante.ipsum.primis@egetnisidictum.com',19352840456,2,0,'ornare');
INSERT INTO CB_USER (ID,NAME,EMAIL,PHONE_NUMBER,PERMISSION_ID,LAST_LOCATION_ID,PASSWORD) VALUES (192,'Orlando Benton','urna.convallis@eu.edu',17000325290,2,0,'aliquet odio.');
INSERT INTO CB_USER (ID,NAME,EMAIL,PHONE_NUMBER,PERMISSION_ID,LAST_LOCATION_ID,PASSWORD) VALUES (193,'Jordan Lawrence','ridiculus.mus@loremluctusut.org',18659188720,2,0,'commodo auctor velit.');
INSERT INTO CB_USER (ID,NAME,EMAIL,PHONE_NUMBER,PERMISSION_ID,LAST_LOCATION_ID,PASSWORD) VALUES (194,'Abdul Townsend','blandit.enim@Praesenteunulla.co.uk',12519680997,2,0,'congue. In scelerisque scelerisque');
INSERT INTO CB_USER (ID,NAME,EMAIL,PHONE_NUMBER,PERMISSION_ID,LAST_LOCATION_ID,PASSWORD) VALUES (195,'Vance Oneill','dignissim.Maecenas.ornare@Suspendissecommodo.ca',13716480876,2,0,'ornare');
INSERT INTO CB_USER (ID,NAME,EMAIL,PHONE_NUMBER,PERMISSION_ID,LAST_LOCATION_ID,PASSWORD) VALUES (196,'Donna Bowman','Quisque.libero@luctus.net',19253715766,2,0,'nulla magna, malesuada vel,');
INSERT INTO CB_USER (ID,NAME,EMAIL,PHONE_NUMBER,PERMISSION_ID,LAST_LOCATION_ID,PASSWORD) VALUES (197,'Rylee Mclaughlin','malesuada@felis.ca',11348281549,2,0,'Fusce mollis. Duis sit');
INSERT INTO CB_USER (ID,NAME,EMAIL,PHONE_NUMBER,PERMISSION_ID,LAST_LOCATION_ID,PASSWORD) VALUES (198,'Chester Eaton','vitae.semper.egestas@odiovelest.co.uk',16091617867,2,0,'quis, tristique ac, eleifend');
INSERT INTO CB_USER (ID,NAME,EMAIL,PHONE_NUMBER,PERMISSION_ID,LAST_LOCATION_ID,PASSWORD) VALUES (199,'Adele Wolfe','aliquam@Nullam.co.uk',10850706603,2,0,'Sed dictum.');
INSERT INTO CB_USER (ID,NAME,EMAIL,PHONE_NUMBER,PERMISSION_ID,LAST_LOCATION_ID,PASSWORD) VALUES (200,'TaShya Becker','urna.Nunc@imperdietullamcorper.edu',15849180264,2,0,'convallis, ante lectus convallis');
INSERT INTO CB_USER (ID,NAME,EMAIL,PHONE_NUMBER,PERMISSION_ID,LAST_LOCATION_ID,PASSWORD) VALUES (201,'Halla Burke','erat@vitaeposuere.org',15305867693,2,0,'ornare sagittis');
INSERT INTO CB_USER (ID,NAME,EMAIL,PHONE_NUMBER,PERMISSION_ID,LAST_LOCATION_ID,PASSWORD) VALUES (202,'Iris Jensen','fringilla@purusinmolestie.ca',17234426574,2,0,'est ac facilisis');
INSERT INTO CB_USER (ID,NAME,EMAIL,PHONE_NUMBER,PERMISSION_ID,LAST_LOCATION_ID,PASSWORD) VALUES (203,'Lucius Orr','Mauris.eu@mieleifend.co.uk',14194157822,2,0,'feugiat non, lobortis');
INSERT INTO CB_USER (ID,NAME,EMAIL,PHONE_NUMBER,PERMISSION_ID,LAST_LOCATION_ID,PASSWORD) VALUES (204,'Virginia Robles','placerat.Cras.dictum@fermentumvel.ca',19581411207,2,0,'erat nonummy');
INSERT INTO CB_USER (ID,NAME,EMAIL,PHONE_NUMBER,PERMISSION_ID,LAST_LOCATION_ID,PASSWORD) VALUES (205,'Chelsea Odonnell','rutrum@bibendum.edu',17471462810,2,0,'nibh.');
INSERT INTO CB_USER (ID,NAME,EMAIL,PHONE_NUMBER,PERMISSION_ID,LAST_LOCATION_ID,PASSWORD) VALUES (206,'Imelda Hart','in.dolor@mattisornarelectus.ca',11050903657,2,0,'ad');
INSERT INTO CB_USER (ID,NAME,EMAIL,PHONE_NUMBER,PERMISSION_ID,LAST_LOCATION_ID,PASSWORD) VALUES (207,'Omar Shaffer','velit.Sed@eleifendCras.org',10987552567,2,0,'odio sagittis semper.');
INSERT INTO CB_USER (ID,NAME,EMAIL,PHONE_NUMBER,PERMISSION_ID,LAST_LOCATION_ID,PASSWORD) VALUES (208,'Amir Mcguire','gravida.molestie@necmollisvitae.net',14005347071,2,0,'amet massa.');
INSERT INTO CB_USER (ID,NAME,EMAIL,PHONE_NUMBER,PERMISSION_ID,LAST_LOCATION_ID,PASSWORD) VALUES (209,'Autumn Russo','Mauris.vestibulum.neque@dolor.ca',11416267859,2,0,'consequat, lectus');
INSERT INTO CB_USER (ID,NAME,EMAIL,PHONE_NUMBER,PERMISSION_ID,LAST_LOCATION_ID,PASSWORD) VALUES (210,'Anne Dodson','velit.Pellentesque.ultricies@vestibulum.ca',14007137669,2,0,'malesuada fringilla est. Mauris');
INSERT INTO CB_USER (ID,NAME,EMAIL,PHONE_NUMBER,PERMISSION_ID,LAST_LOCATION_ID,PASSWORD) VALUES (211,'Emily Buchanan','in.lobortis@tempordiam.com',16609110772,2,0,'augue ac ipsum. Phasellus');
INSERT INTO CB_USER (ID,NAME,EMAIL,PHONE_NUMBER,PERMISSION_ID,LAST_LOCATION_ID,PASSWORD) VALUES (212,'Octavius Mendoza','ligula@Crasvehiculaaliquet.net',19033413758,2,0,'Aenean massa. Integer vitae');
INSERT INTO CB_USER (ID,NAME,EMAIL,PHONE_NUMBER,PERMISSION_ID,LAST_LOCATION_ID,PASSWORD) VALUES (213,'Honorato George','porttitor.interdum@rutrum.org',16576472693,2,0,'diam at');
INSERT INTO CB_USER (ID,NAME,EMAIL,PHONE_NUMBER,PERMISSION_ID,LAST_LOCATION_ID,PASSWORD) VALUES (214,'Ivory Rush','pede@disparturientmontes.net',10526454709,2,0,'semper');
INSERT INTO CB_USER (ID,NAME,EMAIL,PHONE_NUMBER,PERMISSION_ID,LAST_LOCATION_ID,PASSWORD) VALUES (215,'Jenna Riley','iaculis.nec.eleifend@habitant.net',17961773146,2,0,'pharetra. Quisque ac');
INSERT INTO CB_USER (ID,NAME,EMAIL,PHONE_NUMBER,PERMISSION_ID,LAST_LOCATION_ID,PASSWORD) VALUES (216,'Kennedy Medina','metus.eu.erat@vestibulumneque.net',19110241142,2,0,'nisi');
INSERT INTO CB_USER (ID,NAME,EMAIL,PHONE_NUMBER,PERMISSION_ID,LAST_LOCATION_ID,PASSWORD) VALUES (217,'Jolene Trevino','Nullam.suscipit.est@luctus.co.uk',12438931726,2,0,'neque vitae semper egestas,');
INSERT INTO CB_USER (ID,NAME,EMAIL,PHONE_NUMBER,PERMISSION_ID,LAST_LOCATION_ID,PASSWORD) VALUES (218,'Felicia Flowers','ante@senectus.net',19579777085,2,0,'nunc. Quisque');
INSERT INTO CB_USER (ID,NAME,EMAIL,PHONE_NUMBER,PERMISSION_ID,LAST_LOCATION_ID,PASSWORD) VALUES (219,'Thane Mayer','nonummy.ac@CuraeDonec.net',17973093610,2,0,'auctor vitae, aliquet nec,');
INSERT INTO CB_USER (ID,NAME,EMAIL,PHONE_NUMBER,PERMISSION_ID,LAST_LOCATION_ID,PASSWORD) VALUES (220,'Paki Bernard','Cras@Donec.net',10800617528,2,0,'Nam interdum enim');
INSERT INTO CB_USER (ID,NAME,EMAIL,PHONE_NUMBER,PERMISSION_ID,LAST_LOCATION_ID,PASSWORD) VALUES (221,'Cairo Rowland','Vestibulum.ante.ipsum@molestieintempus.edu',18438393427,2,0,'arcu. Curabitur ut');
INSERT INTO CB_USER (ID,NAME,EMAIL,PHONE_NUMBER,PERMISSION_ID,LAST_LOCATION_ID,PASSWORD) VALUES (222,'Cailin Atkins','est.congue@nulla.edu',17882907195,2,0,'Phasellus at augue');
INSERT INTO CB_USER (ID,NAME,EMAIL,PHONE_NUMBER,PERMISSION_ID,LAST_LOCATION_ID,PASSWORD) VALUES (223,'Honorato Daugherty','sollicitudin.a.malesuada@sollicitudinamalesuada.org',10006426693,2,0,'Maecenas mi');
INSERT INTO CB_USER (ID,NAME,EMAIL,PHONE_NUMBER,PERMISSION_ID,LAST_LOCATION_ID,PASSWORD) VALUES (224,'Erin Everett','venenatis.lacus.Etiam@libero.com',15943920617,2,0,'auctor non, feugiat nec,');
INSERT INTO CB_USER (ID,NAME,EMAIL,PHONE_NUMBER,PERMISSION_ID,LAST_LOCATION_ID,PASSWORD) VALUES (225,'Darryl Owens','ipsum.dolor.sit@Nulla.net',16554767825,2,0,'augue. Sed molestie.');
INSERT INTO CB_USER (ID,NAME,EMAIL,PHONE_NUMBER,PERMISSION_ID,LAST_LOCATION_ID,PASSWORD) VALUES (226,'Oren Norman','Duis.a.mi@accumsan.ca',16572702709,2,0,'elementum, dui');
INSERT INTO CB_USER (ID,NAME,EMAIL,PHONE_NUMBER,PERMISSION_ID,LAST_LOCATION_ID,PASSWORD) VALUES (227,'Maggie Salas','Morbi.non.sapien@Aliquam.co.uk',11772261415,2,0,'enim,');
INSERT INTO CB_USER (ID,NAME,EMAIL,PHONE_NUMBER,PERMISSION_ID,LAST_LOCATION_ID,PASSWORD) VALUES (228,'Rowan Pace','sem@magnaa.ca',13535368326,2,0,'id ante dictum cursus.');
INSERT INTO CB_USER (ID,NAME,EMAIL,PHONE_NUMBER,PERMISSION_ID,LAST_LOCATION_ID,PASSWORD) VALUES (229,'Yen Coleman','Nam@leo.net',16095620291,2,0,'Vivamus');
INSERT INTO CB_USER (ID,NAME,EMAIL,PHONE_NUMBER,PERMISSION_ID,LAST_LOCATION_ID,PASSWORD) VALUES (230,'Keiko Garcia','adipiscing.fringilla.porttitor@aliquetvel.co.uk',18457366620,2,0,'semper et, lacinia');
INSERT INTO CB_USER (ID,NAME,EMAIL,PHONE_NUMBER,PERMISSION_ID,LAST_LOCATION_ID,PASSWORD) VALUES (231,'Uriel Mcgee','Curae@egetodioAliquam.co.uk',10291272946,2,0,'Sed auctor odio');
INSERT INTO CB_USER (ID,NAME,EMAIL,PHONE_NUMBER,PERMISSION_ID,LAST_LOCATION_ID,PASSWORD) VALUES (232,'Tyrone Schneider','mauris.sagittis.placerat@nondapibus.edu',18214673726,2,0,'sociis natoque penatibus et');
INSERT INTO CB_USER (ID,NAME,EMAIL,PHONE_NUMBER,PERMISSION_ID,LAST_LOCATION_ID,PASSWORD) VALUES (233,'Kamal Blankenship','cursus@atnisiCum.edu',13447997547,2,0,'Donec tempus, lorem fringilla');
INSERT INTO CB_USER (ID,NAME,EMAIL,PHONE_NUMBER,PERMISSION_ID,LAST_LOCATION_ID,PASSWORD) VALUES (234,'Tatyana Henderson','Morbi@enim.co.uk',17314459556,2,0,'consectetuer ipsum nunc');
INSERT INTO CB_USER (ID,NAME,EMAIL,PHONE_NUMBER,PERMISSION_ID,LAST_LOCATION_ID,PASSWORD) VALUES (235,'Cyrus Hendricks','faucibus.orci@sitametfaucibus.ca',11214293921,2,0,'vitae');
INSERT INTO CB_USER (ID,NAME,EMAIL,PHONE_NUMBER,PERMISSION_ID,LAST_LOCATION_ID,PASSWORD) VALUES (236,'Cassidy Ewing','pede@nonsapien.com',14917582525,2,0,'a feugiat tellus lorem');
INSERT INTO CB_USER (ID,NAME,EMAIL,PHONE_NUMBER,PERMISSION_ID,LAST_LOCATION_ID,PASSWORD) VALUES (237,'Burke Parrish','et@metusIn.ca',11152893435,2,0,'metus urna convallis erat,');
INSERT INTO CB_USER (ID,NAME,EMAIL,PHONE_NUMBER,PERMISSION_ID,LAST_LOCATION_ID,PASSWORD) VALUES (238,'Fallon Rhodes','amet.dapibus.id@lobortis.edu',10308696846,2,0,'volutpat ornare, facilisis eget,');
INSERT INTO CB_USER (ID,NAME,EMAIL,PHONE_NUMBER,PERMISSION_ID,LAST_LOCATION_ID,PASSWORD) VALUES (239,'Ria Mcdowell','Integer.vulputate.risus@sed.ca',18217354310,2,0,'tincidunt, nunc ac');
INSERT INTO CB_USER (ID,NAME,EMAIL,PHONE_NUMBER,PERMISSION_ID,LAST_LOCATION_ID,PASSWORD) VALUES (240,'Vanna Leach','Proin.eget@posuerevulputatelacus.com',18759435602,2,0,'urna et arcu');
INSERT INTO CB_USER (ID,NAME,EMAIL,PHONE_NUMBER,PERMISSION_ID,LAST_LOCATION_ID,PASSWORD) VALUES (241,'Abdul Pittman','ridiculus@Morbiquis.org',12964128251,2,0,'velit.');
INSERT INTO CB_USER (ID,NAME,EMAIL,PHONE_NUMBER,PERMISSION_ID,LAST_LOCATION_ID,PASSWORD) VALUES (242,'Ayanna Morgan','mus@ligulaAeneaneuismod.edu',12617311715,2,0,'a nunc. In');
INSERT INTO CB_USER (ID,NAME,EMAIL,PHONE_NUMBER,PERMISSION_ID,LAST_LOCATION_ID,PASSWORD) VALUES (243,'Bruno Petty','non.arcu.Vivamus@felisadipiscingfringilla.edu',11878171442,2,0,'Ut');
INSERT INTO CB_USER (ID,NAME,EMAIL,PHONE_NUMBER,PERMISSION_ID,LAST_LOCATION_ID,PASSWORD) VALUES (244,'Beau Russo','auctor@sapiencursus.co.uk',19752457128,2,0,'at');
INSERT INTO CB_USER (ID,NAME,EMAIL,PHONE_NUMBER,PERMISSION_ID,LAST_LOCATION_ID,PASSWORD) VALUES (245,'Tad Frazier','urna.convallis@metusurnaconvallis.co.uk',16272326480,2,0,'Aenean eget metus.');
INSERT INTO CB_USER (ID,NAME,EMAIL,PHONE_NUMBER,PERMISSION_ID,LAST_LOCATION_ID,PASSWORD) VALUES (246,'Sandra Fields','euismod.enim@Suspendisse.org',12151341745,2,0,'morbi tristique');
INSERT INTO CB_USER (ID,NAME,EMAIL,PHONE_NUMBER,PERMISSION_ID,LAST_LOCATION_ID,PASSWORD) VALUES (247,'Chester Banks','dui.lectus@pede.ca',15359106185,2,0,'dui. Fusce aliquam,');
INSERT INTO CB_USER (ID,NAME,EMAIL,PHONE_NUMBER,PERMISSION_ID,LAST_LOCATION_ID,PASSWORD) VALUES (248,'Jason Frank','Donec.luctus.aliquet@lectuspede.com',11563427127,2,0,'Curabitur');
INSERT INTO CB_USER (ID,NAME,EMAIL,PHONE_NUMBER,PERMISSION_ID,LAST_LOCATION_ID,PASSWORD) VALUES (249,'Justin Guerra','eu@conubianostraper.edu',11583812330,2,0,'aliquam eu, accumsan');
INSERT INTO CB_USER (ID,NAME,EMAIL,PHONE_NUMBER,PERMISSION_ID,LAST_LOCATION_ID,PASSWORD) VALUES (250,'Jada Thornton','eget@semelitpharetra.co.uk',19072416136,2,0,'ornare. In faucibus. Morbi');
INSERT INTO CB_USER (ID,NAME,EMAIL,PHONE_NUMBER,PERMISSION_ID,LAST_LOCATION_ID,PASSWORD) VALUES (251,'Hunter Jefferson','arcu.imperdiet.ullamcorper@etnetuset.org',18527360508,2,0,'orci, consectetuer euismod');
INSERT INTO CB_USER (ID,NAME,EMAIL,PHONE_NUMBER,PERMISSION_ID,LAST_LOCATION_ID,PASSWORD) VALUES (252,'Meredith Kline','volutpat@Suspendisse.org',15123304431,2,0,'ornare,');
INSERT INTO CB_USER (ID,NAME,EMAIL,PHONE_NUMBER,PERMISSION_ID,LAST_LOCATION_ID,PASSWORD) VALUES (253,'Giselle Cross','Aenean.eget.metus@tincidunt.co.uk',18863582048,2,0,'luctus,');
INSERT INTO CB_USER (ID,NAME,EMAIL,PHONE_NUMBER,PERMISSION_ID,LAST_LOCATION_ID,PASSWORD) VALUES (254,'Hanna Boyle','non.cursus@Aliquamultrices.ca',16032784721,2,0,'ultricies dignissim lacus. Aliquam');
INSERT INTO CB_USER (ID,NAME,EMAIL,PHONE_NUMBER,PERMISSION_ID,LAST_LOCATION_ID,PASSWORD) VALUES (255,'Chaim Dickson','porttitor.eros.nec@penatibusetmagnis.com',19810713442,2,0,'Quisque imperdiet, erat nonummy');
INSERT INTO CB_USER (ID,NAME,EMAIL,PHONE_NUMBER,PERMISSION_ID,LAST_LOCATION_ID,PASSWORD) VALUES (256,'Dieter Ward','in@Sedegetlacus.com',15179339689,2,0,'ut ipsum');
INSERT INTO CB_USER (ID,NAME,EMAIL,PHONE_NUMBER,PERMISSION_ID,LAST_LOCATION_ID,PASSWORD) VALUES (257,'Laith Whitney','vulputate@turpisegestasAliquam.edu',17894892730,2,0,'tempus');
INSERT INTO CB_USER (ID,NAME,EMAIL,PHONE_NUMBER,PERMISSION_ID,LAST_LOCATION_ID,PASSWORD) VALUES (258,'Philip Wilkinson','congue.turpis@amet.org',14181069238,2,0,'est, vitae');
INSERT INTO CB_USER (ID,NAME,EMAIL,PHONE_NUMBER,PERMISSION_ID,LAST_LOCATION_ID,PASSWORD) VALUES (259,'Porter Porter','condimentum.Donec@metus.co.uk',10588927385,2,0,'lacus.');
INSERT INTO CB_USER (ID,NAME,EMAIL,PHONE_NUMBER,PERMISSION_ID,LAST_LOCATION_ID,PASSWORD) VALUES (260,'Thaddeus Duran','Suspendisse@Suspendisse.net',13643968347,2,0,'eu, odio. Phasellus');
INSERT INTO CB_USER (ID,NAME,EMAIL,PHONE_NUMBER,PERMISSION_ID,LAST_LOCATION_ID,PASSWORD) VALUES (261,'Lewis Shaw','mus@elitdictumeu.co.uk',12622731505,2,0,'tempus non,');
INSERT INTO CB_USER (ID,NAME,EMAIL,PHONE_NUMBER,PERMISSION_ID,LAST_LOCATION_ID,PASSWORD) VALUES (262,'Craig Grimes','Vestibulum.ante@semperrutrum.edu',11087168199,2,0,'laoreet');
INSERT INTO CB_USER (ID,NAME,EMAIL,PHONE_NUMBER,PERMISSION_ID,LAST_LOCATION_ID,PASSWORD) VALUES (263,'Xaviera Wall','eget@ornare.net',17518101451,2,0,'turpis egestas. Fusce aliquet');
INSERT INTO CB_USER (ID,NAME,EMAIL,PHONE_NUMBER,PERMISSION_ID,LAST_LOCATION_ID,PASSWORD) VALUES (264,'Melanie Albert','Nunc.pulvinar.arcu@Craslorem.net',12989529404,2,0,'at auctor ullamcorper, nisl');
INSERT INTO CB_USER (ID,NAME,EMAIL,PHONE_NUMBER,PERMISSION_ID,LAST_LOCATION_ID,PASSWORD) VALUES (265,'Chaney Perry','Maecenas.ornare@nonummy.co.uk',11852024663,2,0,'Fusce');
INSERT INTO CB_USER (ID,NAME,EMAIL,PHONE_NUMBER,PERMISSION_ID,LAST_LOCATION_ID,PASSWORD) VALUES (266,'Adele Holman','Suspendisse.commodo.tincidunt@dolorsit.org',11179706757,2,0,'dolor elit, pellentesque');
INSERT INTO CB_USER (ID,NAME,EMAIL,PHONE_NUMBER,PERMISSION_ID,LAST_LOCATION_ID,PASSWORD) VALUES (267,'Stewart Hatfield','molestie.orci.tincidunt@elitEtiamlaoreet.ca',12171590700,2,0,'sit amet, dapibus');
INSERT INTO CB_USER (ID,NAME,EMAIL,PHONE_NUMBER,PERMISSION_ID,LAST_LOCATION_ID,PASSWORD) VALUES (268,'Idola Livingston','purus.accumsan.interdum@Quisquenonummyipsum.net',15702986694,2,0,'nibh.');
INSERT INTO CB_USER (ID,NAME,EMAIL,PHONE_NUMBER,PERMISSION_ID,LAST_LOCATION_ID,PASSWORD) VALUES (269,'Griffith Dixon','Donec@Maurisut.org',19294621638,2,0,'mi.');
INSERT INTO CB_USER (ID,NAME,EMAIL,PHONE_NUMBER,PERMISSION_ID,LAST_LOCATION_ID,PASSWORD) VALUES (270,'Ella Burton','volutpat@placerateget.ca',16523918514,2,0,'feugiat tellus lorem');
INSERT INTO CB_USER (ID,NAME,EMAIL,PHONE_NUMBER,PERMISSION_ID,LAST_LOCATION_ID,PASSWORD) VALUES (271,'Cooper Hooper','mi@acarcu.ca',10448686219,2,0,'Pellentesque ultricies dignissim');
INSERT INTO CB_USER (ID,NAME,EMAIL,PHONE_NUMBER,PERMISSION_ID,LAST_LOCATION_ID,PASSWORD) VALUES (272,'Savannah Gordon','est.congue.a@nec.edu',15556718903,2,0,'interdum feugiat. Sed');
INSERT INTO CB_USER (ID,NAME,EMAIL,PHONE_NUMBER,PERMISSION_ID,LAST_LOCATION_ID,PASSWORD) VALUES (273,'Harriet Glass','at.sem.molestie@risusDuis.ca',12943373597,2,0,'eu, ultrices sit amet,');
INSERT INTO CB_USER (ID,NAME,EMAIL,PHONE_NUMBER,PERMISSION_ID,LAST_LOCATION_ID,PASSWORD) VALUES (274,'Catherine Soto','dui.nec.tempus@uteros.ca',14450391568,2,0,'augue. Sed molestie. Sed');
INSERT INTO CB_USER (ID,NAME,EMAIL,PHONE_NUMBER,PERMISSION_ID,LAST_LOCATION_ID,PASSWORD) VALUES (275,'Emma Blackburn','vulputate.risus@elementum.net',13906451310,2,0,'Phasellus in felis. Nulla');
INSERT INTO CB_USER (ID,NAME,EMAIL,PHONE_NUMBER,PERMISSION_ID,LAST_LOCATION_ID,PASSWORD) VALUES (276,'Justina Day','pulvinar.arcu@ornareelit.co.uk',13966278690,2,0,'vulputate eu, odio. Phasellus');
INSERT INTO CB_USER (ID,NAME,EMAIL,PHONE_NUMBER,PERMISSION_ID,LAST_LOCATION_ID,PASSWORD) VALUES (277,'Josephine Garcia','Quisque.tincidunt@Intinciduntcongue.co.uk',14772063387,2,0,'et tristique pellentesque,');
INSERT INTO CB_USER (ID,NAME,EMAIL,PHONE_NUMBER,PERMISSION_ID,LAST_LOCATION_ID,PASSWORD) VALUES (278,'Celeste Washington','eget@cubiliaCuraeDonec.edu',14496691851,2,0,'turpis egestas. Fusce');
INSERT INTO CB_USER (ID,NAME,EMAIL,PHONE_NUMBER,PERMISSION_ID,LAST_LOCATION_ID,PASSWORD) VALUES (279,'Duncan Compton','Nunc@Proinmi.com',13104023645,2,0,'faucibus. Morbi vehicula. Pellentesque');
INSERT INTO CB_USER (ID,NAME,EMAIL,PHONE_NUMBER,PERMISSION_ID,LAST_LOCATION_ID,PASSWORD) VALUES (280,'Gray Black','facilisis.magna@consequat.co.uk',18769578310,2,0,'inceptos hymenaeos.');
INSERT INTO CB_USER (ID,NAME,EMAIL,PHONE_NUMBER,PERMISSION_ID,LAST_LOCATION_ID,PASSWORD) VALUES (281,'Paki Luna','blandit@mollisduiin.co.uk',10829778448,2,0,'eget, ipsum. Donec sollicitudin');
INSERT INTO CB_USER (ID,NAME,EMAIL,PHONE_NUMBER,PERMISSION_ID,LAST_LOCATION_ID,PASSWORD) VALUES (282,'Lucy Wilcox','luctus.felis@scelerisqueloremipsum.org',12930480717,2,0,'scelerisque');
INSERT INTO CB_USER (ID,NAME,EMAIL,PHONE_NUMBER,PERMISSION_ID,LAST_LOCATION_ID,PASSWORD) VALUES (283,'Vernon Cleveland','adipiscing.ligula.Aenean@consequatlectus.org',15676531992,2,0,'lorem,');
INSERT INTO CB_USER (ID,NAME,EMAIL,PHONE_NUMBER,PERMISSION_ID,LAST_LOCATION_ID,PASSWORD) VALUES (284,'Jerry Forbes','adipiscing.elit.Curabitur@atortor.org',13169822735,2,0,'gravida non, sollicitudin a,');
INSERT INTO CB_USER (ID,NAME,EMAIL,PHONE_NUMBER,PERMISSION_ID,LAST_LOCATION_ID,PASSWORD) VALUES (285,'Yvonne Robertson','enim@semper.net',17908626264,2,0,'erat.');
INSERT INTO CB_USER (ID,NAME,EMAIL,PHONE_NUMBER,PERMISSION_ID,LAST_LOCATION_ID,PASSWORD) VALUES (286,'Halee Shepherd','Cras@arcu.co.uk',12341542099,2,0,'dis parturient montes,');
INSERT INTO CB_USER (ID,NAME,EMAIL,PHONE_NUMBER,PERMISSION_ID,LAST_LOCATION_ID,PASSWORD) VALUES (287,'Grace Warner','Duis.ac@urnaNunc.co.uk',18567462578,2,0,'metus urna convallis');
INSERT INTO CB_USER (ID,NAME,EMAIL,PHONE_NUMBER,PERMISSION_ID,LAST_LOCATION_ID,PASSWORD) VALUES (288,'Valentine Dale','Nullam@sitamet.edu',18360906728,2,0,'Proin');
INSERT INTO CB_USER (ID,NAME,EMAIL,PHONE_NUMBER,PERMISSION_ID,LAST_LOCATION_ID,PASSWORD) VALUES (289,'Fulton Buckley','tincidunt@leoin.edu',12051913659,2,0,'Pellentesque ut');
INSERT INTO CB_USER (ID,NAME,EMAIL,PHONE_NUMBER,PERMISSION_ID,LAST_LOCATION_ID,PASSWORD) VALUES (290,'Kay Abbott','aliquet.Phasellus@nisl.com',18855034537,2,0,'consequat enim');
INSERT INTO CB_USER (ID,NAME,EMAIL,PHONE_NUMBER,PERMISSION_ID,LAST_LOCATION_ID,PASSWORD) VALUES (291,'Madison Mccall','nonummy@Namligula.co.uk',14098262531,2,0,'malesuada. Integer');
INSERT INTO CB_USER (ID,NAME,EMAIL,PHONE_NUMBER,PERMISSION_ID,LAST_LOCATION_ID,PASSWORD) VALUES (292,'Jenette Fletcher','lorem.lorem@congueturpisIn.ca',14855172429,2,0,'habitant morbi');
INSERT INTO CB_USER (ID,NAME,EMAIL,PHONE_NUMBER,PERMISSION_ID,LAST_LOCATION_ID,PASSWORD) VALUES (293,'Castor Luna','Ut.semper.pretium@sagittislobortismauris.com',14773416049,2,0,'semper cursus.');
INSERT INTO CB_USER (ID,NAME,EMAIL,PHONE_NUMBER,PERMISSION_ID,LAST_LOCATION_ID,PASSWORD) VALUES (294,'Uta Butler','pretium@vulputaterisusa.net',18858269449,2,0,'In');
INSERT INTO CB_USER (ID,NAME,EMAIL,PHONE_NUMBER,PERMISSION_ID,LAST_LOCATION_ID,PASSWORD) VALUES (295,'Baxter Harris','est@feugiatSednec.net',12810821445,2,0,'faucibus');
INSERT INTO CB_USER (ID,NAME,EMAIL,PHONE_NUMBER,PERMISSION_ID,LAST_LOCATION_ID,PASSWORD) VALUES (296,'Urielle Frank','arcu.Vestibulum.ante@necimperdietnec.net',11727370666,2,0,'nunc. In');
INSERT INTO CB_USER (ID,NAME,EMAIL,PHONE_NUMBER,PERMISSION_ID,LAST_LOCATION_ID,PASSWORD) VALUES (297,'Lavinia Eaton','consectetuer.ipsum.nunc@etcommodo.org',15044568642,2,0,'Morbi neque');
INSERT INTO CB_USER (ID,NAME,EMAIL,PHONE_NUMBER,PERMISSION_ID,LAST_LOCATION_ID,PASSWORD) VALUES (298,'Ivor Jacobson','eu@sed.co.uk',15051561962,2,0,'rhoncus id, mollis nec,');
INSERT INTO CB_USER (ID,NAME,EMAIL,PHONE_NUMBER,PERMISSION_ID,LAST_LOCATION_ID,PASSWORD) VALUES (299,'Mason French','sem.semper.erat@ac.com',12775342730,2,0,'ipsum');
INSERT INTO CB_USER (ID,NAME,EMAIL,PHONE_NUMBER,PERMISSION_ID,LAST_LOCATION_ID,PASSWORD) VALUES (300,'Emmanuel Wall','metus.vitae@scelerisque.com',17781380783,2,0,'felis. Nulla tempor');
INSERT INTO CB_USER (ID,NAME,EMAIL,PHONE_NUMBER,PERMISSION_ID,LAST_LOCATION_ID,PASSWORD) VALUES (301,'Jada Wilkins','sed@NuncmaurisMorbi.net',12579580699,2,0,'nibh.');
INSERT INTO CB_USER (ID,NAME,EMAIL,PHONE_NUMBER,PERMISSION_ID,LAST_LOCATION_ID,PASSWORD) VALUES (302,'Zia Tyler','vestibulum.Mauris@egestas.edu',14525833987,2,0,'risus. Nulla');
INSERT INTO CB_USER (ID,NAME,EMAIL,PHONE_NUMBER,PERMISSION_ID,LAST_LOCATION_ID,PASSWORD) VALUES (303,'Jade Singleton','nunc.Quisque@commodo.org',12039705631,2,0,'neque vitae semper egestas,');
INSERT INTO CB_USER (ID,NAME,EMAIL,PHONE_NUMBER,PERMISSION_ID,LAST_LOCATION_ID,PASSWORD) VALUES (304,'Medge Tyson','ornare.placerat@pedeac.net',11341073424,2,0,'scelerisque mollis.');
INSERT INTO CB_USER (ID,NAME,EMAIL,PHONE_NUMBER,PERMISSION_ID,LAST_LOCATION_ID,PASSWORD) VALUES (305,'Colt Sosa','sem.semper@egestasblanditNam.edu',15299786688,2,0,'risus. Nulla');
INSERT INTO CB_USER (ID,NAME,EMAIL,PHONE_NUMBER,PERMISSION_ID,LAST_LOCATION_ID,PASSWORD) VALUES (306,'Beverly Santana','metus.sit.amet@sed.edu',11330574657,2,0,'elit, pretium et,');
INSERT INTO CB_USER (ID,NAME,EMAIL,PHONE_NUMBER,PERMISSION_ID,LAST_LOCATION_ID,PASSWORD) VALUES (307,'Caryn Lucas','lacus.Ut.nec@Curabitursed.com',13308413122,2,0,'orci,');
INSERT INTO CB_USER (ID,NAME,EMAIL,PHONE_NUMBER,PERMISSION_ID,LAST_LOCATION_ID,PASSWORD) VALUES (308,'Colby Haney','nec@pretiumaliquetmetus.net',18311040821,2,0,'hendrerit');
INSERT INTO CB_USER (ID,NAME,EMAIL,PHONE_NUMBER,PERMISSION_ID,LAST_LOCATION_ID,PASSWORD) VALUES (309,'Brendan Hopkins','Etiam.gravida@Vivamuseuismodurna.edu',12649537897,2,0,'metus vitae');
INSERT INTO CB_USER (ID,NAME,EMAIL,PHONE_NUMBER,PERMISSION_ID,LAST_LOCATION_ID,PASSWORD) VALUES (310,'Rylee Franco','Donec@Integersemelit.co.uk',12908094879,2,0,'vel');
INSERT INTO CB_USER (ID,NAME,EMAIL,PHONE_NUMBER,PERMISSION_ID,LAST_LOCATION_ID,PASSWORD) VALUES (311,'Montana Koch','adipiscing@nequeseddictum.com',10975410421,2,0,'nascetur ridiculus mus.');
INSERT INTO CB_USER (ID,NAME,EMAIL,PHONE_NUMBER,PERMISSION_ID,LAST_LOCATION_ID,PASSWORD) VALUES (312,'Grady Stevens','ante.bibendum@musProin.ca',18072650256,2,0,'libero. Proin sed turpis');
INSERT INTO CB_USER (ID,NAME,EMAIL,PHONE_NUMBER,PERMISSION_ID,LAST_LOCATION_ID,PASSWORD) VALUES (313,'Channing Calderon','odio@aarcuSed.net',19193318710,2,0,'magnis dis');
INSERT INTO CB_USER (ID,NAME,EMAIL,PHONE_NUMBER,PERMISSION_ID,LAST_LOCATION_ID,PASSWORD) VALUES (314,'Willow Gay','auctor@molestiesodales.org',16853437354,2,0,'quis, pede. Suspendisse dui.');
INSERT INTO CB_USER (ID,NAME,EMAIL,PHONE_NUMBER,PERMISSION_ID,LAST_LOCATION_ID,PASSWORD) VALUES (315,'Azalia Perry','Donec.nibh.Quisque@non.net',12614241927,2,0,'et,');
INSERT INTO CB_USER (ID,NAME,EMAIL,PHONE_NUMBER,PERMISSION_ID,LAST_LOCATION_ID,PASSWORD) VALUES (316,'Otto Bates','dictum.Phasellus@semNullainterdum.com',15171052143,2,0,'netus');
INSERT INTO CB_USER (ID,NAME,EMAIL,PHONE_NUMBER,PERMISSION_ID,LAST_LOCATION_ID,PASSWORD) VALUES (317,'Elton Blackwell','diam.Pellentesque.habitant@loremeget.net',13121189060,2,0,'mollis vitae,');
INSERT INTO CB_USER (ID,NAME,EMAIL,PHONE_NUMBER,PERMISSION_ID,LAST_LOCATION_ID,PASSWORD) VALUES (318,'Orla Chan','posuere.cubilia.Curae@nibhDonecest.ca',13239413095,2,0,'Mauris');
INSERT INTO CB_USER (ID,NAME,EMAIL,PHONE_NUMBER,PERMISSION_ID,LAST_LOCATION_ID,PASSWORD) VALUES (319,'Selma Knapp','est@loremauctorquis.co.uk',14785769926,2,0,'ante');
INSERT INTO CB_USER (ID,NAME,EMAIL,PHONE_NUMBER,PERMISSION_ID,LAST_LOCATION_ID,PASSWORD) VALUES (320,'Willow Bernard','ante.lectus@mollisvitaeposuere.edu',13790941224,2,0,'varius ultrices, mauris ipsum');
INSERT INTO CB_USER (ID,NAME,EMAIL,PHONE_NUMBER,PERMISSION_ID,LAST_LOCATION_ID,PASSWORD) VALUES (321,'Velma Norton','inceptos@rhoncusProin.com',10307577410,2,0,'sem elit, pharetra ut,');
INSERT INTO CB_USER (ID,NAME,EMAIL,PHONE_NUMBER,PERMISSION_ID,LAST_LOCATION_ID,PASSWORD) VALUES (322,'Remedios Maddox','dolor.quam.elementum@auctorvelitAliquam.co.uk',17572833672,2,0,'blandit');
INSERT INTO CB_USER (ID,NAME,EMAIL,PHONE_NUMBER,PERMISSION_ID,LAST_LOCATION_ID,PASSWORD) VALUES (323,'Zeph Gomez','sapien.imperdiet@pede.edu',12744445260,2,0,'in, dolor. Fusce feugiat.');
INSERT INTO CB_USER (ID,NAME,EMAIL,PHONE_NUMBER,PERMISSION_ID,LAST_LOCATION_ID,PASSWORD) VALUES (324,'Darrel Talley','hendrerit@magnaSuspendisse.edu',10336997183,2,0,'facilisis vitae, orci. Phasellus');
INSERT INTO CB_USER (ID,NAME,EMAIL,PHONE_NUMBER,PERMISSION_ID,LAST_LOCATION_ID,PASSWORD) VALUES (325,'Maisie Mejia','dictum.placerat.augue@enimsit.edu',15579527025,2,0,'dictum eleifend,');
INSERT INTO CB_USER (ID,NAME,EMAIL,PHONE_NUMBER,PERMISSION_ID,LAST_LOCATION_ID,PASSWORD) VALUES (326,'Charissa Bennett','in.tempus.eu@sapiencursus.edu',12551104408,2,0,'Nunc pulvinar');
INSERT INTO CB_USER (ID,NAME,EMAIL,PHONE_NUMBER,PERMISSION_ID,LAST_LOCATION_ID,PASSWORD) VALUES (327,'Magee Ewing','et@Suspendissealiquetsem.com',11906965282,2,0,'odio tristique pharetra.');
INSERT INTO CB_USER (ID,NAME,EMAIL,PHONE_NUMBER,PERMISSION_ID,LAST_LOCATION_ID,PASSWORD) VALUES (328,'Robert Ashley','ipsum.nunc.id@veliteget.ca',12615225650,2,0,'id sapien. Cras');
INSERT INTO CB_USER (ID,NAME,EMAIL,PHONE_NUMBER,PERMISSION_ID,LAST_LOCATION_ID,PASSWORD) VALUES (329,'Lane May','sociis.natoque.penatibus@Nullam.edu',19189310531,2,0,'aliquet magna');
INSERT INTO CB_USER (ID,NAME,EMAIL,PHONE_NUMBER,PERMISSION_ID,LAST_LOCATION_ID,PASSWORD) VALUES (330,'Geraldine Marsh','netus@antedictumcursus.edu',16933640158,2,0,'luctus');
INSERT INTO CB_USER (ID,NAME,EMAIL,PHONE_NUMBER,PERMISSION_ID,LAST_LOCATION_ID,PASSWORD) VALUES (331,'Leslie Donovan','mi@adipiscingligula.org',16806331594,2,0,'mauris eu elit. Nulla');
INSERT INTO CB_USER (ID,NAME,EMAIL,PHONE_NUMBER,PERMISSION_ID,LAST_LOCATION_ID,PASSWORD) VALUES (332,'Charles Pate','fermentum@purus.edu',12198751224,2,0,'cursus in, hendrerit');
INSERT INTO CB_USER (ID,NAME,EMAIL,PHONE_NUMBER,PERMISSION_ID,LAST_LOCATION_ID,PASSWORD) VALUES (333,'Leonard Jordan','mi@erosnonenim.com',11109608397,2,0,'ligula. Aenean euismod');
INSERT INTO CB_USER (ID,NAME,EMAIL,PHONE_NUMBER,PERMISSION_ID,LAST_LOCATION_ID,PASSWORD) VALUES (334,'Christian Gates','leo.Vivamus.nibh@nulla.net',13128586593,2,0,'aliquam iaculis, lacus pede');
INSERT INTO CB_USER (ID,NAME,EMAIL,PHONE_NUMBER,PERMISSION_ID,LAST_LOCATION_ID,PASSWORD) VALUES (335,'Tyler Sheppard','ligula.Aenean.euismod@euaccumsan.org',17778567504,2,0,'egestas. Duis ac arcu.');
INSERT INTO CB_USER (ID,NAME,EMAIL,PHONE_NUMBER,PERMISSION_ID,LAST_LOCATION_ID,PASSWORD) VALUES (336,'Lacota Ortega','laoreet@parturientmontes.org',11010687961,2,0,'ac arcu. Nunc');
INSERT INTO CB_USER (ID,NAME,EMAIL,PHONE_NUMBER,PERMISSION_ID,LAST_LOCATION_ID,PASSWORD) VALUES (337,'Alfonso Maynard','dignissim.magna@lectusasollicitudin.com',12345484555,2,0,'nisi sem');
INSERT INTO CB_USER (ID,NAME,EMAIL,PHONE_NUMBER,PERMISSION_ID,LAST_LOCATION_ID,PASSWORD) VALUES (338,'Uriah Poole','fringilla@lorem.net',15200697985,2,0,'sed, hendrerit a, arcu.');
INSERT INTO CB_USER (ID,NAME,EMAIL,PHONE_NUMBER,PERMISSION_ID,LAST_LOCATION_ID,PASSWORD) VALUES (339,'Yeo Daugherty','elit@liberoMorbiaccumsan.ca',17288257163,2,0,'Aliquam');
INSERT INTO CB_USER (ID,NAME,EMAIL,PHONE_NUMBER,PERMISSION_ID,LAST_LOCATION_ID,PASSWORD) VALUES (340,'Preston Pitts','Sed.diam@metusAeneansed.org',17193314177,2,0,'eu');
INSERT INTO CB_USER (ID,NAME,EMAIL,PHONE_NUMBER,PERMISSION_ID,LAST_LOCATION_ID,PASSWORD) VALUES (341,'Jaquelyn Griffin','nisl.Maecenas@nulla.com',17612401922,2,0,'Suspendisse');
INSERT INTO CB_USER (ID,NAME,EMAIL,PHONE_NUMBER,PERMISSION_ID,LAST_LOCATION_ID,PASSWORD) VALUES (342,'Ezekiel Prince','Sed.malesuada.augue@malesuadavel.ca',12060456453,2,0,'cursus');
INSERT INTO CB_USER (ID,NAME,EMAIL,PHONE_NUMBER,PERMISSION_ID,LAST_LOCATION_ID,PASSWORD) VALUES (343,'Urielle Webster','quam@DonecfringillaDonec.ca',16543979831,2,0,'Mauris quis turpis vitae');
INSERT INTO CB_USER (ID,NAME,EMAIL,PHONE_NUMBER,PERMISSION_ID,LAST_LOCATION_ID,PASSWORD) VALUES (344,'Knox Soto','In.condimentum@euodio.org',19302979648,2,0,'elementum, dui quis accumsan');
INSERT INTO CB_USER (ID,NAME,EMAIL,PHONE_NUMBER,PERMISSION_ID,LAST_LOCATION_ID,PASSWORD) VALUES (345,'Illana Molina','fringilla@odio.net',14351861812,2,0,'arcu iaculis');
INSERT INTO CB_USER (ID,NAME,EMAIL,PHONE_NUMBER,PERMISSION_ID,LAST_LOCATION_ID,PASSWORD) VALUES (346,'Alan Parsons','ipsum@Fuscediam.org',15240163426,2,0,'Integer');
INSERT INTO CB_USER (ID,NAME,EMAIL,PHONE_NUMBER,PERMISSION_ID,LAST_LOCATION_ID,PASSWORD) VALUES (347,'Burton Ramos','Mauris.non@Phasellusvitaemauris.ca',19170985218,2,0,'erat vel pede blandit');
INSERT INTO CB_USER (ID,NAME,EMAIL,PHONE_NUMBER,PERMISSION_ID,LAST_LOCATION_ID,PASSWORD) VALUES (348,'Virginia Jarvis','mollis@nectellusNunc.ca',16725914446,2,0,'non');
INSERT INTO CB_USER (ID,NAME,EMAIL,PHONE_NUMBER,PERMISSION_ID,LAST_LOCATION_ID,PASSWORD) VALUES (349,'Hadassah Evans','tincidunt.vehicula.risus@rutrumnonhendrerit.org',12798263146,2,0,'gravida non,');
INSERT INTO CB_USER (ID,NAME,EMAIL,PHONE_NUMBER,PERMISSION_ID,LAST_LOCATION_ID,PASSWORD) VALUES (350,'Hayes Payne','lorem.ac.risus@lacus.net',18485840191,2,0,'Duis a mi');
INSERT INTO CB_USER (ID,NAME,EMAIL,PHONE_NUMBER,PERMISSION_ID,LAST_LOCATION_ID,PASSWORD) VALUES (351,'Justin Mays','nec@dui.net',10553069105,2,0,'a, magna.');
INSERT INTO CB_USER (ID,NAME,EMAIL,PHONE_NUMBER,PERMISSION_ID,LAST_LOCATION_ID,PASSWORD) VALUES (352,'Justin Bowman','diam.at@mauris.org',19465303440,2,0,'a, arcu. Sed et');
INSERT INTO CB_USER (ID,NAME,EMAIL,PHONE_NUMBER,PERMISSION_ID,LAST_LOCATION_ID,PASSWORD) VALUES (353,'Fuller Mcfadden','nibh.lacinia@lobortisauguescelerisque.ca',17417356489,2,0,'Vivamus');
INSERT INTO CB_USER (ID,NAME,EMAIL,PHONE_NUMBER,PERMISSION_ID,LAST_LOCATION_ID,PASSWORD) VALUES (354,'Brock Parks','mattis@necquam.net',15805305829,2,0,'nibh enim,');
INSERT INTO CB_USER (ID,NAME,EMAIL,PHONE_NUMBER,PERMISSION_ID,LAST_LOCATION_ID,PASSWORD) VALUES (355,'Maia Eaton','luctus@Nullam.edu',17697654055,2,0,'urna. Vivamus');
INSERT INTO CB_USER (ID,NAME,EMAIL,PHONE_NUMBER,PERMISSION_ID,LAST_LOCATION_ID,PASSWORD) VALUES (356,'Kasimir Lara','Suspendisse.aliquet.molestie@suscipitest.net',17569878586,2,0,'turpis. Aliquam');
INSERT INTO CB_USER (ID,NAME,EMAIL,PHONE_NUMBER,PERMISSION_ID,LAST_LOCATION_ID,PASSWORD) VALUES (357,'Lev Lara','Morbi.non.sapien@lectusjustoeu.net',14280427881,2,0,'massa.');
INSERT INTO CB_USER (ID,NAME,EMAIL,PHONE_NUMBER,PERMISSION_ID,LAST_LOCATION_ID,PASSWORD) VALUES (358,'Jarrod Riddle','mauris.eu.elit@Morbinonsapien.edu',19074324267,2,0,'et,');
INSERT INTO CB_USER (ID,NAME,EMAIL,PHONE_NUMBER,PERMISSION_ID,LAST_LOCATION_ID,PASSWORD) VALUES (359,'Shelby Jimenez','vitae@facilisis.com',17818045165,2,0,'Cras lorem');
INSERT INTO CB_USER (ID,NAME,EMAIL,PHONE_NUMBER,PERMISSION_ID,LAST_LOCATION_ID,PASSWORD) VALUES (360,'Serena Valdez','gravida.non@eratsemperrutrum.co.uk',14807509524,2,0,'consectetuer ipsum');
INSERT INTO CB_USER (ID,NAME,EMAIL,PHONE_NUMBER,PERMISSION_ID,LAST_LOCATION_ID,PASSWORD) VALUES (361,'Judith Buchanan','a@aliquameros.ca',17093353672,2,0,'torquent per conubia');
INSERT INTO CB_USER (ID,NAME,EMAIL,PHONE_NUMBER,PERMISSION_ID,LAST_LOCATION_ID,PASSWORD) VALUES (362,'Chadwick Mercer','urna@pulvinararcu.co.uk',13471530853,2,0,'mollis. Integer tincidunt aliquam');
INSERT INTO CB_USER (ID,NAME,EMAIL,PHONE_NUMBER,PERMISSION_ID,LAST_LOCATION_ID,PASSWORD) VALUES (363,'Brenden Hebert','risus@vitaenibhDonec.org',16714304509,2,0,'morbi tristique senectus');
INSERT INTO CB_USER (ID,NAME,EMAIL,PHONE_NUMBER,PERMISSION_ID,LAST_LOCATION_ID,PASSWORD) VALUES (364,'Winifred Frost','leo.Cras@Vivamuseuismod.ca',12445376711,2,0,'sed');
INSERT INTO CB_USER (ID,NAME,EMAIL,PHONE_NUMBER,PERMISSION_ID,LAST_LOCATION_ID,PASSWORD) VALUES (365,'Alexandra Bonner','volutpat.Nulla@ultrices.co.uk',10752279944,2,0,'orci.');
INSERT INTO CB_USER (ID,NAME,EMAIL,PHONE_NUMBER,PERMISSION_ID,LAST_LOCATION_ID,PASSWORD) VALUES (366,'April Garrison','sem@ante.com',18439583518,2,0,'Maecenas ornare');
INSERT INTO CB_USER (ID,NAME,EMAIL,PHONE_NUMBER,PERMISSION_ID,LAST_LOCATION_ID,PASSWORD) VALUES (367,'Helen Knox','enim@rutrumloremac.net',18006563201,2,0,'fermentum vel, mauris.');
INSERT INTO CB_USER (ID,NAME,EMAIL,PHONE_NUMBER,PERMISSION_ID,LAST_LOCATION_ID,PASSWORD) VALUES (368,'Teegan Sims','volutpat@at.ca',19954448310,2,0,'Nullam ut');
INSERT INTO CB_USER (ID,NAME,EMAIL,PHONE_NUMBER,PERMISSION_ID,LAST_LOCATION_ID,PASSWORD) VALUES (369,'Penelope Nieves','cursus.luctus.ipsum@ategestasa.edu',12620400502,2,0,'dolor elit, pellentesque');
INSERT INTO CB_USER (ID,NAME,EMAIL,PHONE_NUMBER,PERMISSION_ID,LAST_LOCATION_ID,PASSWORD) VALUES (370,'Lillith Kidd','Curabitur.vel.lectus@ipsumSuspendisse.edu',14279759303,2,0,'arcu vel quam');
INSERT INTO CB_USER (ID,NAME,EMAIL,PHONE_NUMBER,PERMISSION_ID,LAST_LOCATION_ID,PASSWORD) VALUES (371,'Evelyn Underwood','quis@quis.edu',15833045677,2,0,'erat eget ipsum.');
INSERT INTO CB_USER (ID,NAME,EMAIL,PHONE_NUMBER,PERMISSION_ID,LAST_LOCATION_ID,PASSWORD) VALUES (372,'Denton Rivera','placerat.augue@Aliquamerat.com',13762125340,2,0,'Morbi neque tellus, imperdiet');
INSERT INTO CB_USER (ID,NAME,EMAIL,PHONE_NUMBER,PERMISSION_ID,LAST_LOCATION_ID,PASSWORD) VALUES (373,'Dorothy Briggs','Praesent.luctus@sagittisplaceratCras.co.uk',19279315854,2,0,'tincidunt dui');
INSERT INTO CB_USER (ID,NAME,EMAIL,PHONE_NUMBER,PERMISSION_ID,LAST_LOCATION_ID,PASSWORD) VALUES (374,'Flynn Francis','semper.erat.in@mattissemperdui.ca',10278638661,2,0,'odio. Phasellus');
INSERT INTO CB_USER (ID,NAME,EMAIL,PHONE_NUMBER,PERMISSION_ID,LAST_LOCATION_ID,PASSWORD) VALUES (375,'Palmer Miles','mi.enim@elementumpurus.com',13207041267,2,0,'eleifend egestas. Sed pharetra,');
INSERT INTO CB_USER (ID,NAME,EMAIL,PHONE_NUMBER,PERMISSION_ID,LAST_LOCATION_ID,PASSWORD) VALUES (376,'Kalia Moses','malesuada.vel@Vivamusnibh.ca',10239801267,2,0,'odio. Aliquam');
INSERT INTO CB_USER (ID,NAME,EMAIL,PHONE_NUMBER,PERMISSION_ID,LAST_LOCATION_ID,PASSWORD) VALUES (377,'Tyrone Joyner','auctor@quisdiamluctus.edu',18560191244,2,0,'Quisque nonummy ipsum non');
INSERT INTO CB_USER (ID,NAME,EMAIL,PHONE_NUMBER,PERMISSION_ID,LAST_LOCATION_ID,PASSWORD) VALUES (378,'Beau Frederick','Proin@molestiepharetra.com',11172826038,2,0,'Duis at lacus.');
INSERT INTO CB_USER (ID,NAME,EMAIL,PHONE_NUMBER,PERMISSION_ID,LAST_LOCATION_ID,PASSWORD) VALUES (379,'Rigel England','sodales@atauctorullamcorper.net',17346485439,2,0,'pharetra sed, hendrerit');
INSERT INTO CB_USER (ID,NAME,EMAIL,PHONE_NUMBER,PERMISSION_ID,LAST_LOCATION_ID,PASSWORD) VALUES (380,'Chloe Carney','felis.orci@elementumdui.co.uk',19085275857,2,0,'Integer tincidunt aliquam arcu.');
INSERT INTO CB_USER (ID,NAME,EMAIL,PHONE_NUMBER,PERMISSION_ID,LAST_LOCATION_ID,PASSWORD) VALUES (381,'Ria Campbell','adipiscing@porttitorinterdumSed.edu',11402783813,2,0,'Vivamus');
INSERT INTO CB_USER (ID,NAME,EMAIL,PHONE_NUMBER,PERMISSION_ID,LAST_LOCATION_ID,PASSWORD) VALUES (382,'Grady Fry','dui@sodalesnisimagna.co.uk',19407757163,2,0,'Duis elementum, dui');
INSERT INTO CB_USER (ID,NAME,EMAIL,PHONE_NUMBER,PERMISSION_ID,LAST_LOCATION_ID,PASSWORD) VALUES (383,'Kamal Baxter','est.vitae@purusin.ca',10074880002,2,0,'nascetur ridiculus mus. Proin');
INSERT INTO CB_USER (ID,NAME,EMAIL,PHONE_NUMBER,PERMISSION_ID,LAST_LOCATION_ID,PASSWORD) VALUES (384,'Cameran Gilbert','convallis.dolor.Quisque@uteratSed.co.uk',17827499043,2,0,'bibendum fermentum metus.');
INSERT INTO CB_USER (ID,NAME,EMAIL,PHONE_NUMBER,PERMISSION_ID,LAST_LOCATION_ID,PASSWORD) VALUES (385,'Lyle Lynn','eu@sedlibero.com',10889851716,2,0,'vulputate dui,');
INSERT INTO CB_USER (ID,NAME,EMAIL,PHONE_NUMBER,PERMISSION_ID,LAST_LOCATION_ID,PASSWORD) VALUES (386,'Shea Miller','ipsum.leo.elementum@mauris.ca',19277306009,2,0,'ornare, lectus');
INSERT INTO CB_USER (ID,NAME,EMAIL,PHONE_NUMBER,PERMISSION_ID,LAST_LOCATION_ID,PASSWORD) VALUES (387,'Elmo Rojas','libero.est.congue@blanditenimconsequat.edu',13840981591,2,0,'Aenean euismod mauris');
INSERT INTO CB_USER (ID,NAME,EMAIL,PHONE_NUMBER,PERMISSION_ID,LAST_LOCATION_ID,PASSWORD) VALUES (388,'Savannah Landry','libero.et.tristique@Suspendissenonleo.co.uk',19403326302,2,0,'ultrices,');
INSERT INTO CB_USER (ID,NAME,EMAIL,PHONE_NUMBER,PERMISSION_ID,LAST_LOCATION_ID,PASSWORD) VALUES (389,'Elijah Wallace','venenatis.lacus.Etiam@telluseu.ca',16151641584,2,0,'Proin vel');
INSERT INTO CB_USER (ID,NAME,EMAIL,PHONE_NUMBER,PERMISSION_ID,LAST_LOCATION_ID,PASSWORD) VALUES (390,'Oscar Dean','leo@Aliquam.ca',14317467976,2,0,'quam, elementum');
INSERT INTO CB_USER (ID,NAME,EMAIL,PHONE_NUMBER,PERMISSION_ID,LAST_LOCATION_ID,PASSWORD) VALUES (391,'Rachel Richard','tristique.neque.venenatis@elit.com',12313874270,2,0,'eros turpis non');
INSERT INTO CB_USER (ID,NAME,EMAIL,PHONE_NUMBER,PERMISSION_ID,LAST_LOCATION_ID,PASSWORD) VALUES (392,'Brody Ingram','velit.Sed@mi.net',12003352320,2,0,'a, aliquet vel,');
INSERT INTO CB_USER (ID,NAME,EMAIL,PHONE_NUMBER,PERMISSION_ID,LAST_LOCATION_ID,PASSWORD) VALUES (393,'Breanna Carver','enim.Etiam@et.co.uk',13865213697,2,0,'vitae, sodales at, velit.');
INSERT INTO CB_USER (ID,NAME,EMAIL,PHONE_NUMBER,PERMISSION_ID,LAST_LOCATION_ID,PASSWORD) VALUES (394,'Asher Cannon','nibh.vulputate@vehicularisusNulla.org',11134725706,2,0,'lorem semper auctor.');
INSERT INTO CB_USER (ID,NAME,EMAIL,PHONE_NUMBER,PERMISSION_ID,LAST_LOCATION_ID,PASSWORD) VALUES (395,'Patience Schneider','lacus.Etiam@miacmattis.net',19888603166,2,0,'nunc ac mattis');
INSERT INTO CB_USER (ID,NAME,EMAIL,PHONE_NUMBER,PERMISSION_ID,LAST_LOCATION_ID,PASSWORD) VALUES (396,'Owen Leon','eu.nulla@ornarelibero.edu',11879863399,2,0,'venenatis lacus. Etiam bibendum');
INSERT INTO CB_USER (ID,NAME,EMAIL,PHONE_NUMBER,PERMISSION_ID,LAST_LOCATION_ID,PASSWORD) VALUES (397,'Xyla Ware','pede.Nunc.sed@Integereu.net',19768685112,2,0,'urna. Vivamus');
INSERT INTO CB_USER (ID,NAME,EMAIL,PHONE_NUMBER,PERMISSION_ID,LAST_LOCATION_ID,PASSWORD) VALUES (398,'Zahir Durham','euismod@Duis.edu',13145898240,2,0,'libero lacus, varius et,');
INSERT INTO CB_USER (ID,NAME,EMAIL,PHONE_NUMBER,PERMISSION_ID,LAST_LOCATION_ID,PASSWORD) VALUES (399,'Roth Chapman','mus@Aeneaneget.co.uk',14800980231,2,0,'et');
INSERT INTO CB_USER (ID,NAME,EMAIL,PHONE_NUMBER,PERMISSION_ID,LAST_LOCATION_ID,PASSWORD) VALUES (400,'Judith Morse','arcu.et.pede@temporerat.org',16843590751,2,0,'ut cursus');
INSERT INTO CB_USER (ID,NAME,EMAIL,PHONE_NUMBER,PERMISSION_ID,LAST_LOCATION_ID,PASSWORD) VALUES (401,'Hedy Hammond','malesuada@risusInmi.com',17471280997,2,0,'auctor vitae,');
INSERT INTO CB_USER (ID,NAME,EMAIL,PHONE_NUMBER,PERMISSION_ID,LAST_LOCATION_ID,PASSWORD) VALUES (402,'Sybill Combs','dolor.egestas@purusMaecenaslibero.com',17398754945,2,0,'turpis. Aliquam');
INSERT INTO CB_USER (ID,NAME,EMAIL,PHONE_NUMBER,PERMISSION_ID,LAST_LOCATION_ID,PASSWORD) VALUES (403,'Imani Barlow','Vivamus@fringillaornareplacerat.com',18129309411,2,0,'ante');
INSERT INTO CB_USER (ID,NAME,EMAIL,PHONE_NUMBER,PERMISSION_ID,LAST_LOCATION_ID,PASSWORD) VALUES (404,'Quinn Hull','justo@asollicitudin.org',14510206478,2,0,'Etiam');
INSERT INTO CB_USER (ID,NAME,EMAIL,PHONE_NUMBER,PERMISSION_ID,LAST_LOCATION_ID,PASSWORD) VALUES (405,'Rowan Travis','nec.quam@cursuspurusNullam.org',16898224065,2,0,'nulla. Donec');
INSERT INTO CB_USER (ID,NAME,EMAIL,PHONE_NUMBER,PERMISSION_ID,LAST_LOCATION_ID,PASSWORD) VALUES (406,'Suki Nguyen','quis@enimSed.edu',18972914033,2,0,'semper auctor.');
INSERT INTO CB_USER (ID,NAME,EMAIL,PHONE_NUMBER,PERMISSION_ID,LAST_LOCATION_ID,PASSWORD) VALUES (407,'Cheyenne Sullivan','non.vestibulum@Donec.org',12213798710,2,0,'elit. Etiam');
INSERT INTO CB_USER (ID,NAME,EMAIL,PHONE_NUMBER,PERMISSION_ID,LAST_LOCATION_ID,PASSWORD) VALUES (408,'Zahir Downs','Fusce.dolor@acmi.net',11756930821,2,0,'dolor, tempus non, lacinia');
INSERT INTO CB_USER (ID,NAME,EMAIL,PHONE_NUMBER,PERMISSION_ID,LAST_LOCATION_ID,PASSWORD) VALUES (409,'Nomlanga Blevins','Sed@dignissimpharetraNam.com',13895881455,2,0,'facilisis.');
INSERT INTO CB_USER (ID,NAME,EMAIL,PHONE_NUMBER,PERMISSION_ID,LAST_LOCATION_ID,PASSWORD) VALUES (410,'Mannix Olson','convallis.convallis@Phasellusnulla.org',13640999943,2,0,'varius orci, in');
INSERT INTO CB_USER (ID,NAME,EMAIL,PHONE_NUMBER,PERMISSION_ID,LAST_LOCATION_ID,PASSWORD) VALUES (411,'Tanisha Pickett','Nullam.lobortis@ornare.co.uk',16743125967,2,0,'imperdiet non, vestibulum');
INSERT INTO CB_USER (ID,NAME,EMAIL,PHONE_NUMBER,PERMISSION_ID,LAST_LOCATION_ID,PASSWORD) VALUES (412,'Mark Burton','feugiat.tellus@egetnisi.net',13094514161,2,0,'a, auctor non, feugiat');
INSERT INTO CB_USER (ID,NAME,EMAIL,PHONE_NUMBER,PERMISSION_ID,LAST_LOCATION_ID,PASSWORD) VALUES (413,'Brady Hayden','euismod@commodoauctorvelit.ca',13619823227,2,0,'mauris erat eget');
INSERT INTO CB_USER (ID,NAME,EMAIL,PHONE_NUMBER,PERMISSION_ID,LAST_LOCATION_ID,PASSWORD) VALUES (414,'Cameron Tate','at@vestibulum.co.uk',15320624895,2,0,'metus');
INSERT INTO CB_USER (ID,NAME,EMAIL,PHONE_NUMBER,PERMISSION_ID,LAST_LOCATION_ID,PASSWORD) VALUES (415,'Moana Mathis','neque.sed@ligulaeu.com',13171457243,2,0,'laoreet lectus quis massa.');
INSERT INTO CB_USER (ID,NAME,EMAIL,PHONE_NUMBER,PERMISSION_ID,LAST_LOCATION_ID,PASSWORD) VALUES (416,'Thane Clark','netus.et@ipsumacmi.net',13269342268,2,0,'Suspendisse eleifend.');
INSERT INTO CB_USER (ID,NAME,EMAIL,PHONE_NUMBER,PERMISSION_ID,LAST_LOCATION_ID,PASSWORD) VALUES (417,'Hope Huffman','ultrices@Donec.edu',10795577326,2,0,'varius ultrices, mauris ipsum');
INSERT INTO CB_USER (ID,NAME,EMAIL,PHONE_NUMBER,PERMISSION_ID,LAST_LOCATION_ID,PASSWORD) VALUES (418,'Heidi Byers','tristique.senectus@rutrumnonhendrerit.net',16670140429,2,0,'natoque');
INSERT INTO CB_USER (ID,NAME,EMAIL,PHONE_NUMBER,PERMISSION_ID,LAST_LOCATION_ID,PASSWORD) VALUES (419,'Nayda Estrada','magna@at.com',17254854650,2,0,'fermentum convallis ligula. Donec');
INSERT INTO CB_USER (ID,NAME,EMAIL,PHONE_NUMBER,PERMISSION_ID,LAST_LOCATION_ID,PASSWORD) VALUES (420,'Chaim Logan','scelerisque@egetmetus.co.uk',11601286074,2,0,'Phasellus');
INSERT INTO CB_USER (ID,NAME,EMAIL,PHONE_NUMBER,PERMISSION_ID,LAST_LOCATION_ID,PASSWORD) VALUES (421,'Giacomo Dickerson','porttitor@Integervulputate.ca',14297164553,2,0,'diam. Duis mi enim,');
INSERT INTO CB_USER (ID,NAME,EMAIL,PHONE_NUMBER,PERMISSION_ID,LAST_LOCATION_ID,PASSWORD) VALUES (422,'Kendall Guzman','orci.Ut.sagittis@nuncullamcorpereu.org',12401609290,2,0,'sem');
INSERT INTO CB_USER (ID,NAME,EMAIL,PHONE_NUMBER,PERMISSION_ID,LAST_LOCATION_ID,PASSWORD) VALUES (423,'Kareem Curtis','ac.mi@euodio.ca',13698709900,2,0,'lectus pede et risus.');
INSERT INTO CB_USER (ID,NAME,EMAIL,PHONE_NUMBER,PERMISSION_ID,LAST_LOCATION_ID,PASSWORD) VALUES (424,'Bruce Christian','magna@mauris.ca',10842071944,2,0,'orci. Phasellus dapibus');
INSERT INTO CB_USER (ID,NAME,EMAIL,PHONE_NUMBER,PERMISSION_ID,LAST_LOCATION_ID,PASSWORD) VALUES (425,'Raja Nguyen','tempus@antedictum.edu',18840051825,2,0,'neque');
INSERT INTO CB_USER (ID,NAME,EMAIL,PHONE_NUMBER,PERMISSION_ID,LAST_LOCATION_ID,PASSWORD) VALUES (426,'Haviva Mcmillan','nisl.arcu@tellusfaucibus.co.uk',10503711840,2,0,'euismod et, commodo');
INSERT INTO CB_USER (ID,NAME,EMAIL,PHONE_NUMBER,PERMISSION_ID,LAST_LOCATION_ID,PASSWORD) VALUES (427,'Harrison Atkinson','tellus.lorem@non.com',17979035988,2,0,'eu neque pellentesque');
INSERT INTO CB_USER (ID,NAME,EMAIL,PHONE_NUMBER,PERMISSION_ID,LAST_LOCATION_ID,PASSWORD) VALUES (428,'Lacota Hodges','purus.Nullam@atortor.co.uk',16377876471,2,0,'eu tellus. Phasellus elit');
INSERT INTO CB_USER (ID,NAME,EMAIL,PHONE_NUMBER,PERMISSION_ID,LAST_LOCATION_ID,PASSWORD) VALUES (429,'Lara Duran','sit.amet.nulla@nequeMorbi.net',18220313858,2,0,'nec, leo.');
INSERT INTO CB_USER (ID,NAME,EMAIL,PHONE_NUMBER,PERMISSION_ID,LAST_LOCATION_ID,PASSWORD) VALUES (430,'Anthony Hewitt','lobortis@Vestibulumaccumsanneque.org',16599371224,2,0,'Etiam ligula');
INSERT INTO CB_USER (ID,NAME,EMAIL,PHONE_NUMBER,PERMISSION_ID,LAST_LOCATION_ID,PASSWORD) VALUES (431,'Kane Callahan','metus@aliquetsem.co.uk',15789506519,2,0,'iaculis,');
INSERT INTO CB_USER (ID,NAME,EMAIL,PHONE_NUMBER,PERMISSION_ID,LAST_LOCATION_ID,PASSWORD) VALUES (432,'Wendy Yates','neque.Morbi@inaliquet.org',12381499018,2,0,'consequat purus. Maecenas');
INSERT INTO CB_USER (ID,NAME,EMAIL,PHONE_NUMBER,PERMISSION_ID,LAST_LOCATION_ID,PASSWORD) VALUES (433,'Ivory Sims','gravida.sit.amet@pedeblanditcongue.org',17457809169,2,0,'orci. Donec nibh. Quisque');
INSERT INTO CB_USER (ID,NAME,EMAIL,PHONE_NUMBER,PERMISSION_ID,LAST_LOCATION_ID,PASSWORD) VALUES (434,'Ivan Sweet','sit.amet.metus@tempus.org',11107932799,2,0,'et,');
INSERT INTO CB_USER (ID,NAME,EMAIL,PHONE_NUMBER,PERMISSION_ID,LAST_LOCATION_ID,PASSWORD) VALUES (435,'Aaron Harding','elementum.purus@Aeneanmassa.net',18714534971,2,0,'pharetra sed, hendrerit a,');
INSERT INTO CB_USER (ID,NAME,EMAIL,PHONE_NUMBER,PERMISSION_ID,LAST_LOCATION_ID,PASSWORD) VALUES (436,'Lars Livingston','a.ultricies.adipiscing@dui.ca',13076384621,2,0,'ante lectus');
INSERT INTO CB_USER (ID,NAME,EMAIL,PHONE_NUMBER,PERMISSION_ID,LAST_LOCATION_ID,PASSWORD) VALUES (437,'Rafael Graham','lectus@Nullainterdum.net',13475535982,2,0,'tincidunt');
INSERT INTO CB_USER (ID,NAME,EMAIL,PHONE_NUMBER,PERMISSION_ID,LAST_LOCATION_ID,PASSWORD) VALUES (438,'Idona Booker','risus.varius@Integerid.ca',12315195440,2,0,'enim');
INSERT INTO CB_USER (ID,NAME,EMAIL,PHONE_NUMBER,PERMISSION_ID,LAST_LOCATION_ID,PASSWORD) VALUES (439,'Cameran Hampton','libero@natoquepenatibus.org',12886617416,2,0,'nec, cursus');
INSERT INTO CB_USER (ID,NAME,EMAIL,PHONE_NUMBER,PERMISSION_ID,LAST_LOCATION_ID,PASSWORD) VALUES (440,'Leila Guerrero','Duis.a@dolor.org',14642170561,2,0,'dapibus ligula. Aliquam');
INSERT INTO CB_USER (ID,NAME,EMAIL,PHONE_NUMBER,PERMISSION_ID,LAST_LOCATION_ID,PASSWORD) VALUES (441,'Caleb Jacobson','sem.Pellentesque.ut@vel.org',10622726175,2,0,'fringilla ornare placerat,');
INSERT INTO CB_USER (ID,NAME,EMAIL,PHONE_NUMBER,PERMISSION_ID,LAST_LOCATION_ID,PASSWORD) VALUES (442,'April Guerrero','ultrices@dolorsitamet.net',16576231835,2,0,'lectus ante dictum');
INSERT INTO CB_USER (ID,NAME,EMAIL,PHONE_NUMBER,PERMISSION_ID,LAST_LOCATION_ID,PASSWORD) VALUES (443,'Willow Medina','Pellentesque@arcueu.com',13604456582,2,0,'ornare. In faucibus.');
INSERT INTO CB_USER (ID,NAME,EMAIL,PHONE_NUMBER,PERMISSION_ID,LAST_LOCATION_ID,PASSWORD) VALUES (444,'Mikayla Ayers','arcu.Morbi@Sednecmetus.net',13133197883,2,0,'ultricies adipiscing, enim');
INSERT INTO CB_USER (ID,NAME,EMAIL,PHONE_NUMBER,PERMISSION_ID,LAST_LOCATION_ID,PASSWORD) VALUES (445,'Martha Parsons','augue.porttitor.interdum@maurisipsum.com',18498133603,2,0,'quam dignissim pharetra.');
INSERT INTO CB_USER (ID,NAME,EMAIL,PHONE_NUMBER,PERMISSION_ID,LAST_LOCATION_ID,PASSWORD) VALUES (446,'Abdul Acevedo','eu@ligulaeuenim.co.uk',13285186346,2,0,'aliquet odio.');
INSERT INTO CB_USER (ID,NAME,EMAIL,PHONE_NUMBER,PERMISSION_ID,LAST_LOCATION_ID,PASSWORD) VALUES (447,'Cynthia Hogan','molestie.pharetra@odioapurus.com',13208699706,2,0,'in');
INSERT INTO CB_USER (ID,NAME,EMAIL,PHONE_NUMBER,PERMISSION_ID,LAST_LOCATION_ID,PASSWORD) VALUES (448,'Quyn Bailey','consectetuer.adipiscing@porttitortellusnon.ca',18144938178,2,0,'mi');
INSERT INTO CB_USER (ID,NAME,EMAIL,PHONE_NUMBER,PERMISSION_ID,LAST_LOCATION_ID,PASSWORD) VALUES (449,'Michelle Acosta','mollis.vitae.posuere@estarcuac.ca',11548848799,2,0,'hendrerit consectetuer,');
INSERT INTO CB_USER (ID,NAME,EMAIL,PHONE_NUMBER,PERMISSION_ID,LAST_LOCATION_ID,PASSWORD) VALUES (450,'Kermit Ross','semper.erat.in@Aeneaneget.edu',15595219606,2,0,'Vivamus');
INSERT INTO CB_USER (ID,NAME,EMAIL,PHONE_NUMBER,PERMISSION_ID,LAST_LOCATION_ID,PASSWORD) VALUES (451,'Nina Montoya','amet.lorem@enimgravida.ca',18634196013,2,0,'sollicitudin orci');
INSERT INTO CB_USER (ID,NAME,EMAIL,PHONE_NUMBER,PERMISSION_ID,LAST_LOCATION_ID,PASSWORD) VALUES (452,'Buckminster Tate','in@sociisnatoquepenatibus.org',17352645230,2,0,'scelerisque sed,');
INSERT INTO CB_USER (ID,NAME,EMAIL,PHONE_NUMBER,PERMISSION_ID,LAST_LOCATION_ID,PASSWORD) VALUES (453,'Cassidy Cooke','congue.turpis@erat.net',14821136086,2,0,'lacus. Cras interdum. Nunc');
INSERT INTO CB_USER (ID,NAME,EMAIL,PHONE_NUMBER,PERMISSION_ID,LAST_LOCATION_ID,PASSWORD) VALUES (454,'Zachery Guerrero','ipsum.leo.elementum@ultricessitamet.net',18276442774,2,0,'ligula consectetuer');
INSERT INTO CB_USER (ID,NAME,EMAIL,PHONE_NUMBER,PERMISSION_ID,LAST_LOCATION_ID,PASSWORD) VALUES (455,'Rhiannon Mclaughlin','mauris.aliquam.eu@quam.com',18190550483,2,0,'laoreet, libero et');
INSERT INTO CB_USER (ID,NAME,EMAIL,PHONE_NUMBER,PERMISSION_ID,LAST_LOCATION_ID,PASSWORD) VALUES (456,'Chava Dorsey','dapibus.gravida@rutrummagna.com',17397770593,2,0,'nunc');
INSERT INTO CB_USER (ID,NAME,EMAIL,PHONE_NUMBER,PERMISSION_ID,LAST_LOCATION_ID,PASSWORD) VALUES (457,'Brennan Carey','pede@sedest.ca',18667189060,2,0,'tortor at risus. Nunc');
INSERT INTO CB_USER (ID,NAME,EMAIL,PHONE_NUMBER,PERMISSION_ID,LAST_LOCATION_ID,PASSWORD) VALUES (458,'Anne Marshall','Aliquam.gravida@sociisnatoquepenatibus.ca',10736128143,2,0,'bibendum ullamcorper. Duis');
INSERT INTO CB_USER (ID,NAME,EMAIL,PHONE_NUMBER,PERMISSION_ID,LAST_LOCATION_ID,PASSWORD) VALUES (459,'Lara Weber','nascetur.ridiculus.mus@Aeneaneget.com',16627229420,2,0,'interdum');
INSERT INTO CB_USER (ID,NAME,EMAIL,PHONE_NUMBER,PERMISSION_ID,LAST_LOCATION_ID,PASSWORD) VALUES (460,'Regan Castillo','eu.euismod.ac@rhoncus.co.uk',11742203561,2,0,'elit');
INSERT INTO CB_USER (ID,NAME,EMAIL,PHONE_NUMBER,PERMISSION_ID,LAST_LOCATION_ID,PASSWORD) VALUES (461,'Finn Rush','vitae.risus@ultricesmaurisipsum.net',13764267610,2,0,'posuere');
INSERT INTO CB_USER (ID,NAME,EMAIL,PHONE_NUMBER,PERMISSION_ID,LAST_LOCATION_ID,PASSWORD) VALUES (462,'Kirestin Mueller','Vestibulum.ante.ipsum@risusatfringilla.com',16347807623,2,0,'ligula. Nullam feugiat placerat');
INSERT INTO CB_USER (ID,NAME,EMAIL,PHONE_NUMBER,PERMISSION_ID,LAST_LOCATION_ID,PASSWORD) VALUES (463,'Tashya Dorsey','mattis.semper.dui@orci.edu',19045497305,2,0,'luctus felis purus');
INSERT INTO CB_USER (ID,NAME,EMAIL,PHONE_NUMBER,PERMISSION_ID,LAST_LOCATION_ID,PASSWORD) VALUES (464,'Wing Hansen','Phasellus.ornare@eratvolutpat.ca',17152559776,2,0,'vitae,');
INSERT INTO CB_USER (ID,NAME,EMAIL,PHONE_NUMBER,PERMISSION_ID,LAST_LOCATION_ID,PASSWORD) VALUES (465,'Destiny Powers','mus.Proin@consectetueradipiscingelit.ca',13556718575,2,0,'sem ut');
INSERT INTO CB_USER (ID,NAME,EMAIL,PHONE_NUMBER,PERMISSION_ID,LAST_LOCATION_ID,PASSWORD) VALUES (466,'Rinah Buckley','convallis.est.vitae@enimdiam.net',19009934687,2,0,'urna justo');
INSERT INTO CB_USER (ID,NAME,EMAIL,PHONE_NUMBER,PERMISSION_ID,LAST_LOCATION_ID,PASSWORD) VALUES (467,'Yuri Mccarty','cursus.et.magna@congueaaliquet.ca',18466916308,2,0,'hendrerit neque.');
INSERT INTO CB_USER (ID,NAME,EMAIL,PHONE_NUMBER,PERMISSION_ID,LAST_LOCATION_ID,PASSWORD) VALUES (468,'Kerry Humphrey','libero.dui@pede.ca',13789552911,2,0,'Quisque fringilla');
INSERT INTO CB_USER (ID,NAME,EMAIL,PHONE_NUMBER,PERMISSION_ID,LAST_LOCATION_ID,PASSWORD) VALUES (469,'Caleb Barrera','ipsum.nunc.id@imperdietnec.com',19551633886,2,0,'fermentum metus. Aenean sed');
INSERT INTO CB_USER (ID,NAME,EMAIL,PHONE_NUMBER,PERMISSION_ID,LAST_LOCATION_ID,PASSWORD) VALUES (470,'Hyatt Norton','Integer.tincidunt.aliquam@ipsumSuspendisse.com',16272793710,2,0,'at, libero.');
INSERT INTO CB_USER (ID,NAME,EMAIL,PHONE_NUMBER,PERMISSION_ID,LAST_LOCATION_ID,PASSWORD) VALUES (471,'Murphy Christensen','nibh.lacinia.orci@egetmetusIn.edu',15827260786,2,0,'sagittis. Duis gravida.');
INSERT INTO CB_USER (ID,NAME,EMAIL,PHONE_NUMBER,PERMISSION_ID,LAST_LOCATION_ID,PASSWORD) VALUES (472,'Ivana Mcintosh','turpis.non@etmagnis.co.uk',11358149643,2,0,'Curabitur sed tortor.');
INSERT INTO CB_USER (ID,NAME,EMAIL,PHONE_NUMBER,PERMISSION_ID,LAST_LOCATION_ID,PASSWORD) VALUES (473,'Evelyn Morin','eleifend.nec.malesuada@velesttempor.ca',17984158942,2,0,'est, mollis non, cursus');
INSERT INTO CB_USER (ID,NAME,EMAIL,PHONE_NUMBER,PERMISSION_ID,LAST_LOCATION_ID,PASSWORD) VALUES (474,'Paul Bowen','sodales@fringillaornare.org',13449174464,2,0,'Phasellus elit');
INSERT INTO CB_USER (ID,NAME,EMAIL,PHONE_NUMBER,PERMISSION_ID,LAST_LOCATION_ID,PASSWORD) VALUES (475,'Athena Hudson','posuere.enim.nisl@purus.edu',10305485394,2,0,'orci. Donec nibh. Quisque');
INSERT INTO CB_USER (ID,NAME,EMAIL,PHONE_NUMBER,PERMISSION_ID,LAST_LOCATION_ID,PASSWORD) VALUES (476,'Maryam Kline','nunc.ac.mattis@anteNunc.net',10671255313,2,0,'orci,');
INSERT INTO CB_USER (ID,NAME,EMAIL,PHONE_NUMBER,PERMISSION_ID,LAST_LOCATION_ID,PASSWORD) VALUES (477,'Bianca Rich','eros@vitae.edu',16468683421,2,0,'quam.');
INSERT INTO CB_USER (ID,NAME,EMAIL,PHONE_NUMBER,PERMISSION_ID,LAST_LOCATION_ID,PASSWORD) VALUES (478,'Russell Holloway','Integer.vulputate@acmattis.org',14764138008,2,0,'vel');
INSERT INTO CB_USER (ID,NAME,EMAIL,PHONE_NUMBER,PERMISSION_ID,LAST_LOCATION_ID,PASSWORD) VALUES (479,'Emi Waller','ut@Namporttitor.co.uk',17508769552,2,0,'id sapien. Cras');
INSERT INTO CB_USER (ID,NAME,EMAIL,PHONE_NUMBER,PERMISSION_ID,LAST_LOCATION_ID,PASSWORD) VALUES (480,'Gay Morin','Integer.in@nuncIn.ca',18862465849,2,0,'erat vel');
INSERT INTO CB_USER (ID,NAME,EMAIL,PHONE_NUMBER,PERMISSION_ID,LAST_LOCATION_ID,PASSWORD) VALUES (481,'Gil Meadows','Aliquam@pellentesquemassa.co.uk',17994125490,2,0,'dapibus id, blandit at,');
INSERT INTO CB_USER (ID,NAME,EMAIL,PHONE_NUMBER,PERMISSION_ID,LAST_LOCATION_ID,PASSWORD) VALUES (482,'Raven Anderson','habitant.morbi.tristique@ipsum.com',18041019971,2,0,'metus. In nec orci.');
INSERT INTO CB_USER (ID,NAME,EMAIL,PHONE_NUMBER,PERMISSION_ID,LAST_LOCATION_ID,PASSWORD) VALUES (483,'Kaseem Roberts','nec.leo@enim.co.uk',16931043850,2,0,'quam');
INSERT INTO CB_USER (ID,NAME,EMAIL,PHONE_NUMBER,PERMISSION_ID,LAST_LOCATION_ID,PASSWORD) VALUES (484,'Murphy Sharp','quis@temporarcu.net',14080843059,2,0,'velit dui,');
INSERT INTO CB_USER (ID,NAME,EMAIL,PHONE_NUMBER,PERMISSION_ID,LAST_LOCATION_ID,PASSWORD) VALUES (485,'Tobias Mosley','urna@estac.edu',10091660390,2,0,'quam quis diam. Pellentesque');
INSERT INTO CB_USER (ID,NAME,EMAIL,PHONE_NUMBER,PERMISSION_ID,LAST_LOCATION_ID,PASSWORD) VALUES (486,'Petra Spears','suscipit.nonummy@fermentum.co.uk',15390901556,2,0,'turpis vitae purus');
INSERT INTO CB_USER (ID,NAME,EMAIL,PHONE_NUMBER,PERMISSION_ID,LAST_LOCATION_ID,PASSWORD) VALUES (487,'MacKenzie Mccormick','elit@fringilla.co.uk',12639629617,2,0,'non, feugiat nec,');
INSERT INTO CB_USER (ID,NAME,EMAIL,PHONE_NUMBER,PERMISSION_ID,LAST_LOCATION_ID,PASSWORD) VALUES (488,'Marshall Alexander','ornare.placerat.orci@semper.co.uk',12665210319,2,0,'vehicula et, rutrum eu,');
INSERT INTO CB_USER (ID,NAME,EMAIL,PHONE_NUMBER,PERMISSION_ID,LAST_LOCATION_ID,PASSWORD) VALUES (489,'Gil Mcdonald','vitae.dolor@lorem.ca',19077391513,2,0,'imperdiet non, vestibulum');
INSERT INTO CB_USER (ID,NAME,EMAIL,PHONE_NUMBER,PERMISSION_ID,LAST_LOCATION_ID,PASSWORD) VALUES (490,'Keiko Berger','Vivamus.molestie.dapibus@dapibus.co.uk',13827302391,2,0,'risus. Morbi metus. Vivamus');
INSERT INTO CB_USER (ID,NAME,EMAIL,PHONE_NUMBER,PERMISSION_ID,LAST_LOCATION_ID,PASSWORD) VALUES (491,'Samantha Joyce','Aenean.euismod.mauris@nonvestibulum.org',12381965900,2,0,'non, vestibulum');
INSERT INTO CB_USER (ID,NAME,EMAIL,PHONE_NUMBER,PERMISSION_ID,LAST_LOCATION_ID,PASSWORD) VALUES (492,'Ainsley Barber','natoque.penatibus@interdum.net',14355169651,2,0,'Aliquam ultrices iaculis odio.');
INSERT INTO CB_USER (ID,NAME,EMAIL,PHONE_NUMBER,PERMISSION_ID,LAST_LOCATION_ID,PASSWORD) VALUES (493,'Brooke Richard','tristique.aliquet.Phasellus@necluctus.net',15736533757,2,0,'volutpat');
INSERT INTO CB_USER (ID,NAME,EMAIL,PHONE_NUMBER,PERMISSION_ID,LAST_LOCATION_ID,PASSWORD) VALUES (494,'Nomlanga Ellison','augue.ut@lectus.ca',13335458892,2,0,'malesuada');
INSERT INTO CB_USER (ID,NAME,EMAIL,PHONE_NUMBER,PERMISSION_ID,LAST_LOCATION_ID,PASSWORD) VALUES (495,'Evelyn Beck','sit@ante.ca',11560779917,2,0,'cursus purus.');
INSERT INTO CB_USER (ID,NAME,EMAIL,PHONE_NUMBER,PERMISSION_ID,LAST_LOCATION_ID,PASSWORD) VALUES (496,'Sage Mcfadden','scelerisque.sed.sapien@semperpretiumneque.com',12379904561,2,0,'augue scelerisque mollis. Phasellus');
INSERT INTO CB_USER (ID,NAME,EMAIL,PHONE_NUMBER,PERMISSION_ID,LAST_LOCATION_ID,PASSWORD) VALUES (497,'Ava Patterson','enim@eratEtiamvestibulum.org',10901804049,2,0,'magnis');
INSERT INTO CB_USER (ID,NAME,EMAIL,PHONE_NUMBER,PERMISSION_ID,LAST_LOCATION_ID,PASSWORD) VALUES (498,'Kevin Mendez','vehicula@penatibusetmagnis.ca',15914930212,2,0,'blandit at, nisi.');
INSERT INTO CB_USER (ID,NAME,EMAIL,PHONE_NUMBER,PERMISSION_ID,LAST_LOCATION_ID,PASSWORD) VALUES (499,'Sylvester Webster','facilisis.lorem@ridiculus.co.uk',18403309971,2,0,'sem,');
INSERT INTO CB_USER (ID,NAME,EMAIL,PHONE_NUMBER,PERMISSION_ID,LAST_LOCATION_ID,PASSWORD) VALUES (500,'Geoffrey Yang','fermentum.convallis@scelerisquenequesed.org',11140712490,2,0,'Aliquam tincidunt,');
INSERT INTO CB_USER (ID,NAME,EMAIL,PHONE_NUMBER,PERMISSION_ID,LAST_LOCATION_ID,PASSWORD) VALUES (501,'Noelle Combs','tristique.aliquet.Phasellus@lacusEtiam.co.uk',12671808065,2,0,'non massa');
INSERT INTO CB_USER (ID,NAME,EMAIL,PHONE_NUMBER,PERMISSION_ID,LAST_LOCATION_ID,PASSWORD) VALUES (502,'Basia Russo','ultrices@congue.com',12391107967,2,0,'lobortis');
INSERT INTO CB_USER (ID,NAME,EMAIL,PHONE_NUMBER,PERMISSION_ID,LAST_LOCATION_ID,PASSWORD) VALUES (503,'Kimberly Henry','sodales@lectuspede.ca',17962560277,2,0,'scelerisque, lorem ipsum sodales');
INSERT INTO CB_USER (ID,NAME,EMAIL,PHONE_NUMBER,PERMISSION_ID,LAST_LOCATION_ID,PASSWORD) VALUES (504,'Baker Burton','arcu@massaMauris.ca',19751277399,2,0,'turpis. In condimentum.');
INSERT INTO CB_USER (ID,NAME,EMAIL,PHONE_NUMBER,PERMISSION_ID,LAST_LOCATION_ID,PASSWORD) VALUES (505,'Stacy Walls','lobortis.augue.scelerisque@acmattissemper.edu',17365316912,2,0,'sociis natoque');
INSERT INTO CB_USER (ID,NAME,EMAIL,PHONE_NUMBER,PERMISSION_ID,LAST_LOCATION_ID,PASSWORD) VALUES (506,'Hilary Ratliff','mollis@Maecenas.com',18497017068,2,0,'vulputate');
INSERT INTO CB_USER (ID,NAME,EMAIL,PHONE_NUMBER,PERMISSION_ID,LAST_LOCATION_ID,PASSWORD) VALUES (507,'Callie Kane','erat.volutpat.Nulla@diamSeddiam.ca',19575814801,2,0,'malesuada fringilla est.');
INSERT INTO CB_USER (ID,NAME,EMAIL,PHONE_NUMBER,PERMISSION_ID,LAST_LOCATION_ID,PASSWORD) VALUES (508,'Blaine Marsh','Suspendisse@inlobortis.net',15505203512,2,0,'euismod ac, fermentum');
INSERT INTO CB_USER (ID,NAME,EMAIL,PHONE_NUMBER,PERMISSION_ID,LAST_LOCATION_ID,PASSWORD) VALUES (509,'Kenyon Buckley','varius.orci.in@In.co.uk',15945558907,2,0,'at arcu.');
INSERT INTO CB_USER (ID,NAME,EMAIL,PHONE_NUMBER,PERMISSION_ID,LAST_LOCATION_ID,PASSWORD) VALUES (510,'Gannon Anthony','mauris.sapien@suscipit.org',13358006263,2,0,'vulputate, risus a');
INSERT INTO CB_USER (ID,NAME,EMAIL,PHONE_NUMBER,PERMISSION_ID,LAST_LOCATION_ID,PASSWORD) VALUES (511,'Patience Solis','varius.et@lectus.com',13616356887,2,0,'dui. Cras pellentesque. Sed');
INSERT INTO CB_USER (ID,NAME,EMAIL,PHONE_NUMBER,PERMISSION_ID,LAST_LOCATION_ID,PASSWORD) VALUES (512,'Alexis Lamb','justo@sedest.ca',17714257469,2,0,'mauris, rhoncus');
INSERT INTO CB_USER (ID,NAME,EMAIL,PHONE_NUMBER,PERMISSION_ID,LAST_LOCATION_ID,PASSWORD) VALUES (513,'Nola Kennedy','quam.Pellentesque@euenim.org',10692881611,2,0,'aliquet, sem ut cursus');
INSERT INTO CB_USER (ID,NAME,EMAIL,PHONE_NUMBER,PERMISSION_ID,LAST_LOCATION_ID,PASSWORD) VALUES (514,'Harrison Velasquez','nibh.Phasellus.nulla@velitjusto.org',10877531296,2,0,'Ut semper pretium');
INSERT INTO CB_USER (ID,NAME,EMAIL,PHONE_NUMBER,PERMISSION_ID,LAST_LOCATION_ID,PASSWORD) VALUES (515,'Devin Dodson','gravida@dui.net',13122417857,2,0,'luctus ut, pellentesque eget,');
INSERT INTO CB_USER (ID,NAME,EMAIL,PHONE_NUMBER,PERMISSION_ID,LAST_LOCATION_ID,PASSWORD) VALUES (516,'Finn Barron','auctor@pede.net',16318579279,2,0,'nisi. Aenean eget metus.');
INSERT INTO CB_USER (ID,NAME,EMAIL,PHONE_NUMBER,PERMISSION_ID,LAST_LOCATION_ID,PASSWORD) VALUES (517,'Charity Reed','adipiscing.elit.Etiam@Duisami.co.uk',14887045198,2,0,'lectus justo eu');
INSERT INTO CB_USER (ID,NAME,EMAIL,PHONE_NUMBER,PERMISSION_ID,LAST_LOCATION_ID,PASSWORD) VALUES (518,'Keegan Wagner','urna@urnaNunc.edu',16312252432,2,0,'ac mattis semper,');
INSERT INTO CB_USER (ID,NAME,EMAIL,PHONE_NUMBER,PERMISSION_ID,LAST_LOCATION_ID,PASSWORD) VALUES (519,'Steven Battle','rutrum.lorem.ac@molestiearcuSed.ca',16078877999,2,0,'mollis lectus pede et');
INSERT INTO CB_USER (ID,NAME,EMAIL,PHONE_NUMBER,PERMISSION_ID,LAST_LOCATION_ID,PASSWORD) VALUES (520,'Jennifer Newton','sagittis@in.edu',17063499210,2,0,'commodo tincidunt nibh. Phasellus');
INSERT INTO CB_USER (ID,NAME,EMAIL,PHONE_NUMBER,PERMISSION_ID,LAST_LOCATION_ID,PASSWORD) VALUES (521,'Odysseus Yates','fringilla.ornare@velitQuisque.org',17171561793,2,0,'nec quam.');
INSERT INTO CB_USER (ID,NAME,EMAIL,PHONE_NUMBER,PERMISSION_ID,LAST_LOCATION_ID,PASSWORD) VALUES (522,'Britanni Edwards','odio@nibhvulputate.net',10884833587,2,0,'dictum');
INSERT INTO CB_USER (ID,NAME,EMAIL,PHONE_NUMBER,PERMISSION_ID,LAST_LOCATION_ID,PASSWORD) VALUES (523,'Shellie Cotton','ipsum.dolor@nisiAeneaneget.ca',10039720986,2,0,'varius');
INSERT INTO CB_USER (ID,NAME,EMAIL,PHONE_NUMBER,PERMISSION_ID,LAST_LOCATION_ID,PASSWORD) VALUES (524,'Dennis Tanner','sem@arcu.ca',19322099002,2,0,'egestas');
INSERT INTO CB_USER (ID,NAME,EMAIL,PHONE_NUMBER,PERMISSION_ID,LAST_LOCATION_ID,PASSWORD) VALUES (525,'Iola Charles','Suspendisse@diamdictumsapien.co.uk',11373221902,2,0,'Duis sit');
INSERT INTO CB_USER (ID,NAME,EMAIL,PHONE_NUMBER,PERMISSION_ID,LAST_LOCATION_ID,PASSWORD) VALUES (526,'Irene Harmon','egestas@tristiqueaceleifend.ca',17509227474,2,0,'Sed dictum.');
INSERT INTO CB_USER (ID,NAME,EMAIL,PHONE_NUMBER,PERMISSION_ID,LAST_LOCATION_ID,PASSWORD) VALUES (527,'Ahmed Welch','tortor.Nunc.commodo@facilisismagna.net',18900556327,2,0,'amet, consectetuer');
INSERT INTO CB_USER (ID,NAME,EMAIL,PHONE_NUMBER,PERMISSION_ID,LAST_LOCATION_ID,PASSWORD) VALUES (528,'Maile Herman','risus@arcuNuncmauris.ca',15390010816,2,0,'amet lorem semper');
INSERT INTO CB_USER (ID,NAME,EMAIL,PHONE_NUMBER,PERMISSION_ID,LAST_LOCATION_ID,PASSWORD) VALUES (529,'Darrel Fields','in.sodales@id.org',18515308723,2,0,'torquent per');
INSERT INTO CB_USER (ID,NAME,EMAIL,PHONE_NUMBER,PERMISSION_ID,LAST_LOCATION_ID,PASSWORD) VALUES (530,'Farrah Gomez','consectetuer@Vivamusrhoncus.com',13315225495,2,0,'mauris');
INSERT INTO CB_USER (ID,NAME,EMAIL,PHONE_NUMBER,PERMISSION_ID,LAST_LOCATION_ID,PASSWORD) VALUES (531,'Dante Barker','dictum.ultricies@quislectus.net',17032408095,2,0,'sem egestas blandit. Nam');
INSERT INTO CB_USER (ID,NAME,EMAIL,PHONE_NUMBER,PERMISSION_ID,LAST_LOCATION_ID,PASSWORD) VALUES (532,'Kelsie Acevedo','luctus@Sed.net',19481986245,2,0,'mauris eu elit. Nulla');
INSERT INTO CB_USER (ID,NAME,EMAIL,PHONE_NUMBER,PERMISSION_ID,LAST_LOCATION_ID,PASSWORD) VALUES (533,'Cody Day','ultricies.sem.magna@dui.edu',19108169289,2,0,'Fusce');
INSERT INTO CB_USER (ID,NAME,EMAIL,PHONE_NUMBER,PERMISSION_ID,LAST_LOCATION_ID,PASSWORD) VALUES (534,'Ferris Lucas','nec.luctus@Donec.org',11253932509,2,0,'adipiscing,');
INSERT INTO CB_USER (ID,NAME,EMAIL,PHONE_NUMBER,PERMISSION_ID,LAST_LOCATION_ID,PASSWORD) VALUES (535,'Zephr Edwards','ipsum.ac.mi@dolorDonec.ca',16150299227,2,0,'blandit mattis. Cras eget');
INSERT INTO CB_USER (ID,NAME,EMAIL,PHONE_NUMBER,PERMISSION_ID,LAST_LOCATION_ID,PASSWORD) VALUES (536,'Bernard Byers','Vivamus.non.lorem@pede.co.uk',17088474813,2,0,'lectus justo eu arcu.');
INSERT INTO CB_USER (ID,NAME,EMAIL,PHONE_NUMBER,PERMISSION_ID,LAST_LOCATION_ID,PASSWORD) VALUES (537,'Ronan Moody','pellentesque.a.facilisis@Praesentinterdumligula.co.uk',10221787411,2,0,'dolor.');
INSERT INTO CB_USER (ID,NAME,EMAIL,PHONE_NUMBER,PERMISSION_ID,LAST_LOCATION_ID,PASSWORD) VALUES (538,'Beatrice Sykes','egestas.a.scelerisque@consectetuercursuset.com',11423755563,2,0,'nunc est, mollis non,');
INSERT INTO CB_USER (ID,NAME,EMAIL,PHONE_NUMBER,PERMISSION_ID,LAST_LOCATION_ID,PASSWORD) VALUES (539,'Tatum Cunningham','In.ornare.sagittis@fermentummetusAenean.edu',13027560408,2,0,'et arcu imperdiet');
INSERT INTO CB_USER (ID,NAME,EMAIL,PHONE_NUMBER,PERMISSION_ID,LAST_LOCATION_ID,PASSWORD) VALUES (540,'Kylie Vargas','fringilla.porttitor.vulputate@hendrerit.co.uk',16970625976,2,0,'est. Mauris');
INSERT INTO CB_USER (ID,NAME,EMAIL,PHONE_NUMBER,PERMISSION_ID,LAST_LOCATION_ID,PASSWORD) VALUES (541,'Dexter Odom','amet.risus@atlacus.net',15470854528,2,0,'montes, nascetur ridiculus mus.');
INSERT INTO CB_USER (ID,NAME,EMAIL,PHONE_NUMBER,PERMISSION_ID,LAST_LOCATION_ID,PASSWORD) VALUES (542,'Roanna Crane','est.ac.mattis@musProin.ca',10363299781,2,0,'eu lacus. Quisque');
INSERT INTO CB_USER (ID,NAME,EMAIL,PHONE_NUMBER,PERMISSION_ID,LAST_LOCATION_ID,PASSWORD) VALUES (543,'Steven Odom','penatibus.et.magnis@Nullamfeugiatplacerat.co.uk',13750202665,2,0,'pellentesque. Sed');
INSERT INTO CB_USER (ID,NAME,EMAIL,PHONE_NUMBER,PERMISSION_ID,LAST_LOCATION_ID,PASSWORD) VALUES (544,'Warren Chaney','nulla.Integer.urna@Nullam.edu',17660066295,2,0,'Suspendisse aliquet molestie tellus.');
INSERT INTO CB_USER (ID,NAME,EMAIL,PHONE_NUMBER,PERMISSION_ID,LAST_LOCATION_ID,PASSWORD) VALUES (545,'Shannon Rivas','risus@dolornonummy.com',17918165522,2,0,'Morbi accumsan laoreet ipsum.');
INSERT INTO CB_USER (ID,NAME,EMAIL,PHONE_NUMBER,PERMISSION_ID,LAST_LOCATION_ID,PASSWORD) VALUES (546,'Blossom Velasquez','lorem.vehicula@arcu.com',13731144769,2,0,'velit. Aliquam');
INSERT INTO CB_USER (ID,NAME,EMAIL,PHONE_NUMBER,PERMISSION_ID,LAST_LOCATION_ID,PASSWORD) VALUES (547,'Samuel Kramer','dignissim.pharetra.Nam@vulputatemauris.co.uk',16735471920,2,0,'ut ipsum ac mi');
INSERT INTO CB_USER (ID,NAME,EMAIL,PHONE_NUMBER,PERMISSION_ID,LAST_LOCATION_ID,PASSWORD) VALUES (548,'Tanya Estes','euismod.est@FuscefeugiatLorem.net',18242944777,2,0,'sed, hendrerit a,');
INSERT INTO CB_USER (ID,NAME,EMAIL,PHONE_NUMBER,PERMISSION_ID,LAST_LOCATION_ID,PASSWORD) VALUES (549,'Phillip Barnett','sociis@cursus.net',18754129867,2,0,'Class aptent taciti sociosqu');
INSERT INTO CB_USER (ID,NAME,EMAIL,PHONE_NUMBER,PERMISSION_ID,LAST_LOCATION_ID,PASSWORD) VALUES (550,'Justine Conner','sollicitudin.adipiscing.ligula@enimnonnisi.co.uk',12236797851,2,0,'enim');
INSERT INTO CB_USER (ID,NAME,EMAIL,PHONE_NUMBER,PERMISSION_ID,LAST_LOCATION_ID,PASSWORD) VALUES (551,'Noel Roach','quis@varius.net',18289958635,2,0,'Integer mollis.');
INSERT INTO CB_USER (ID,NAME,EMAIL,PHONE_NUMBER,PERMISSION_ID,LAST_LOCATION_ID,PASSWORD) VALUES (552,'Hu Barron','lorem.luctus@egestas.edu',16777897836,2,0,'est, mollis');
INSERT INTO CB_USER (ID,NAME,EMAIL,PHONE_NUMBER,PERMISSION_ID,LAST_LOCATION_ID,PASSWORD) VALUES (553,'Omar Steele','ullamcorper.nisl.arcu@tinciduntnibhPhasellus.org',12606189335,2,0,'et,');
INSERT INTO CB_USER (ID,NAME,EMAIL,PHONE_NUMBER,PERMISSION_ID,LAST_LOCATION_ID,PASSWORD) VALUES (554,'Erin Burgess','tincidunt.nibh.Phasellus@fermentumconvallis.org',12919482384,2,0,'blandit enim');
INSERT INTO CB_USER (ID,NAME,EMAIL,PHONE_NUMBER,PERMISSION_ID,LAST_LOCATION_ID,PASSWORD) VALUES (555,'Zane Green','eu.ultrices.sit@semper.edu',13414415857,2,0,'in, tempus eu, ligula.');
INSERT INTO CB_USER (ID,NAME,EMAIL,PHONE_NUMBER,PERMISSION_ID,LAST_LOCATION_ID,PASSWORD) VALUES (556,'Leandra Bishop','lacus.Quisque.imperdiet@Donec.org',15889427974,2,0,'varius et, euismod');
INSERT INTO CB_USER (ID,NAME,EMAIL,PHONE_NUMBER,PERMISSION_ID,LAST_LOCATION_ID,PASSWORD) VALUES (557,'Kelly Whitehead','adipiscing@nequevitaesemper.ca',13382103769,2,0,'mollis');
INSERT INTO CB_USER (ID,NAME,EMAIL,PHONE_NUMBER,PERMISSION_ID,LAST_LOCATION_ID,PASSWORD) VALUES (558,'Evangeline Jensen','ultricies.sem.magna@egestas.edu',15525753913,2,0,'ante dictum');
INSERT INTO CB_USER (ID,NAME,EMAIL,PHONE_NUMBER,PERMISSION_ID,LAST_LOCATION_ID,PASSWORD) VALUES (559,'Aquila Doyle','Cras.vehicula.aliquet@perinceptoshymenaeos.net',12257125466,2,0,'risus, at fringilla purus');
INSERT INTO CB_USER (ID,NAME,EMAIL,PHONE_NUMBER,PERMISSION_ID,LAST_LOCATION_ID,PASSWORD) VALUES (560,'Kuame Puckett','metus.In@placeratCrasdictum.com',10167247513,2,0,'non,');
INSERT INTO CB_USER (ID,NAME,EMAIL,PHONE_NUMBER,PERMISSION_ID,LAST_LOCATION_ID,PASSWORD) VALUES (561,'Chaim Long','non.lacinia.at@ultricesposuere.ca',11601350652,2,0,'primis in faucibus orci');
INSERT INTO CB_USER (ID,NAME,EMAIL,PHONE_NUMBER,PERMISSION_ID,LAST_LOCATION_ID,PASSWORD) VALUES (562,'Mikayla Roman','Aliquam.gravida@eratsemperrutrum.com',18077689912,2,0,'elit');
INSERT INTO CB_USER (ID,NAME,EMAIL,PHONE_NUMBER,PERMISSION_ID,LAST_LOCATION_ID,PASSWORD) VALUES (563,'Margaret Mathews','cubilia.Curae@ullamcorpervelitin.net',15692942510,2,0,'lorem lorem,');
INSERT INTO CB_USER (ID,NAME,EMAIL,PHONE_NUMBER,PERMISSION_ID,LAST_LOCATION_ID,PASSWORD) VALUES (564,'Hop Holder','sodales@Proinvelarcu.com',18824596433,2,0,'sit amet, faucibus');
INSERT INTO CB_USER (ID,NAME,EMAIL,PHONE_NUMBER,PERMISSION_ID,LAST_LOCATION_ID,PASSWORD) VALUES (565,'Wallace Carlson','arcu@ligula.ca',10500305094,2,0,'luctus felis purus ac');
INSERT INTO CB_USER (ID,NAME,EMAIL,PHONE_NUMBER,PERMISSION_ID,LAST_LOCATION_ID,PASSWORD) VALUES (566,'Ralph Quinn','sit.amet.ultricies@euodioPhasellus.com',17974481979,2,0,'nec luctus felis purus');
INSERT INTO CB_USER (ID,NAME,EMAIL,PHONE_NUMBER,PERMISSION_ID,LAST_LOCATION_ID,PASSWORD) VALUES (567,'David Molina','Proin.vel.arcu@Vivamusnon.com',15235766252,2,0,'accumsan neque et nunc.');
INSERT INTO CB_USER (ID,NAME,EMAIL,PHONE_NUMBER,PERMISSION_ID,LAST_LOCATION_ID,PASSWORD) VALUES (568,'John Bishop','eu.ligula@acfacilisisfacilisis.org',12988028447,2,0,'quis');
INSERT INTO CB_USER (ID,NAME,EMAIL,PHONE_NUMBER,PERMISSION_ID,LAST_LOCATION_ID,PASSWORD) VALUES (569,'Hop Saunders','molestie@sociisnatoquepenatibus.com',14023633823,2,0,'Aliquam auctor, velit eget');
INSERT INTO CB_USER (ID,NAME,EMAIL,PHONE_NUMBER,PERMISSION_ID,LAST_LOCATION_ID,PASSWORD) VALUES (570,'Maile Conley','Duis@sagittisfelisDonec.ca',10946156717,2,0,'Proin ultrices.');
INSERT INTO CB_USER (ID,NAME,EMAIL,PHONE_NUMBER,PERMISSION_ID,LAST_LOCATION_ID,PASSWORD) VALUES (571,'Audrey Mann','in.consectetuer@lobortisquam.edu',17963193544,2,0,'Nullam scelerisque neque sed');
INSERT INTO CB_USER (ID,NAME,EMAIL,PHONE_NUMBER,PERMISSION_ID,LAST_LOCATION_ID,PASSWORD) VALUES (572,'Lilah Carson','Cras.lorem.lorem@loremluctusut.net',14923980557,2,0,'Cras');
INSERT INTO CB_USER (ID,NAME,EMAIL,PHONE_NUMBER,PERMISSION_ID,LAST_LOCATION_ID,PASSWORD) VALUES (573,'Indigo Sykes','orci.Ut.semper@condimentum.ca',15298261545,2,0,'ante ipsum');
INSERT INTO CB_USER (ID,NAME,EMAIL,PHONE_NUMBER,PERMISSION_ID,LAST_LOCATION_ID,PASSWORD) VALUES (574,'Carlos Vance','mi@inmagnaPhasellus.edu',19913134142,2,0,'metus. In lorem.');
INSERT INTO CB_USER (ID,NAME,EMAIL,PHONE_NUMBER,PERMISSION_ID,LAST_LOCATION_ID,PASSWORD) VALUES (575,'Blythe Mercer','nec@dignissimlacus.co.uk',18673721846,2,0,'dis parturient');
INSERT INTO CB_USER (ID,NAME,EMAIL,PHONE_NUMBER,PERMISSION_ID,LAST_LOCATION_ID,PASSWORD) VALUES (576,'Ryan Yang','blandit.viverra@nunc.com',12602253430,2,0,'in lobortis');
INSERT INTO CB_USER (ID,NAME,EMAIL,PHONE_NUMBER,PERMISSION_ID,LAST_LOCATION_ID,PASSWORD) VALUES (577,'Barclay Diaz','libero.et@Morbinonsapien.edu',13284656727,2,0,'in');
INSERT INTO CB_USER (ID,NAME,EMAIL,PHONE_NUMBER,PERMISSION_ID,LAST_LOCATION_ID,PASSWORD) VALUES (578,'Moses Buckley','arcu.Vestibulum.ante@tortorIntegeraliquam.co.uk',11613480174,2,0,'pellentesque massa lobortis ultrices.');
INSERT INTO CB_USER (ID,NAME,EMAIL,PHONE_NUMBER,PERMISSION_ID,LAST_LOCATION_ID,PASSWORD) VALUES (579,'Rae Emerson','Nullam@eu.ca',14513314753,2,0,'turpis vitae purus gravida');
INSERT INTO CB_USER (ID,NAME,EMAIL,PHONE_NUMBER,PERMISSION_ID,LAST_LOCATION_ID,PASSWORD) VALUES (580,'Lana Odom','vel@rhoncus.net',16195504232,2,0,'Nullam ut nisi a');
INSERT INTO CB_USER (ID,NAME,EMAIL,PHONE_NUMBER,PERMISSION_ID,LAST_LOCATION_ID,PASSWORD) VALUES (581,'Nell Cantu','metus.facilisis@habitantmorbi.co.uk',12692161081,2,0,'amet orci. Ut');
INSERT INTO CB_USER (ID,NAME,EMAIL,PHONE_NUMBER,PERMISSION_ID,LAST_LOCATION_ID,PASSWORD) VALUES (582,'Jolie Tran','sit.amet@egestaslaciniaSed.org',12752687423,2,0,'Integer eu lacus.');
INSERT INTO CB_USER (ID,NAME,EMAIL,PHONE_NUMBER,PERMISSION_ID,LAST_LOCATION_ID,PASSWORD) VALUES (583,'Caleb Franklin','Nullam@natoquepenatibus.com',14639084707,2,0,'massa. Quisque porttitor eros');
INSERT INTO CB_USER (ID,NAME,EMAIL,PHONE_NUMBER,PERMISSION_ID,LAST_LOCATION_ID,PASSWORD) VALUES (584,'Patrick Cantu','lectus.quis.massa@odio.com',17494212101,2,0,'Vestibulum ante');
INSERT INTO CB_USER (ID,NAME,EMAIL,PHONE_NUMBER,PERMISSION_ID,LAST_LOCATION_ID,PASSWORD) VALUES (585,'Anika Roth','Ut.sagittis@Maecenasliberoest.co.uk',15097390460,2,0,'ridiculus mus. Donec');
INSERT INTO CB_USER (ID,NAME,EMAIL,PHONE_NUMBER,PERMISSION_ID,LAST_LOCATION_ID,PASSWORD) VALUES (586,'Rebecca Armstrong','pede.Cum@euduiCum.net',11734985197,2,0,'risus. Quisque libero lacus,');
INSERT INTO CB_USER (ID,NAME,EMAIL,PHONE_NUMBER,PERMISSION_ID,LAST_LOCATION_ID,PASSWORD) VALUES (587,'Jessamine Wilson','nunc.nulla@Duis.edu',19948601472,2,0,'Suspendisse');
INSERT INTO CB_USER (ID,NAME,EMAIL,PHONE_NUMBER,PERMISSION_ID,LAST_LOCATION_ID,PASSWORD) VALUES (588,'John Gibson','eu@rutrumlorem.net',15151276938,2,0,'Donec egestas. Aliquam nec');
INSERT INTO CB_USER (ID,NAME,EMAIL,PHONE_NUMBER,PERMISSION_ID,LAST_LOCATION_ID,PASSWORD) VALUES (589,'Keiko Bowen','dictum.Proin@eu.net',12904071179,2,0,'Sed');
INSERT INTO CB_USER (ID,NAME,EMAIL,PHONE_NUMBER,PERMISSION_ID,LAST_LOCATION_ID,PASSWORD) VALUES (590,'Rigel Cote','amet.ultricies@diam.org',18004084174,2,0,'a odio semper');
INSERT INTO CB_USER (ID,NAME,EMAIL,PHONE_NUMBER,PERMISSION_ID,LAST_LOCATION_ID,PASSWORD) VALUES (591,'Valentine Bishop','Mauris.quis.turpis@ligulaelitpretium.co.uk',12865628954,2,0,'nec, diam.');
INSERT INTO CB_USER (ID,NAME,EMAIL,PHONE_NUMBER,PERMISSION_ID,LAST_LOCATION_ID,PASSWORD) VALUES (592,'Tyler Mayo','erat.Vivamus@Inmipede.edu',13263242254,2,0,'nunc. In at');
INSERT INTO CB_USER (ID,NAME,EMAIL,PHONE_NUMBER,PERMISSION_ID,LAST_LOCATION_ID,PASSWORD) VALUES (593,'Lunea Tyson','mattis.semper.dui@porttitorvulputateposuere.edu',11302007353,2,0,'Vestibulum ante');
INSERT INTO CB_USER (ID,NAME,EMAIL,PHONE_NUMBER,PERMISSION_ID,LAST_LOCATION_ID,PASSWORD) VALUES (594,'William Ruiz','Nam.porttitor.scelerisque@Proinnislsem.co.uk',12434108876,2,0,'erat eget');
INSERT INTO CB_USER (ID,NAME,EMAIL,PHONE_NUMBER,PERMISSION_ID,LAST_LOCATION_ID,PASSWORD) VALUES (595,'Barry Park','sagittis.semper@lobortis.net',12731634355,2,0,'vehicula et, rutrum');
INSERT INTO CB_USER (ID,NAME,EMAIL,PHONE_NUMBER,PERMISSION_ID,LAST_LOCATION_ID,PASSWORD) VALUES (596,'Heidi Woodward','feugiat.metus.sit@metus.net',14790131939,2,0,'molestie dapibus ligula. Aliquam');
INSERT INTO CB_USER (ID,NAME,EMAIL,PHONE_NUMBER,PERMISSION_ID,LAST_LOCATION_ID,PASSWORD) VALUES (597,'Lacey Shelton','sapien.gravida@ametluctusvulputate.org',12564605740,2,0,'diam.');
INSERT INTO CB_USER (ID,NAME,EMAIL,PHONE_NUMBER,PERMISSION_ID,LAST_LOCATION_ID,PASSWORD) VALUES (598,'Alexander Perkins','volutpat.Nulla@urna.net',12107855719,2,0,'rutrum, justo.');
INSERT INTO CB_USER (ID,NAME,EMAIL,PHONE_NUMBER,PERMISSION_ID,LAST_LOCATION_ID,PASSWORD) VALUES (599,'Oleg Gallagher','Nullam.velit@mollis.co.uk',10406635617,2,0,'Integer in magna.');
INSERT INTO CB_USER (ID,NAME,EMAIL,PHONE_NUMBER,PERMISSION_ID,LAST_LOCATION_ID,PASSWORD) VALUES (600,'Calvin Mccarty','ornare.tortor@metus.ca',18441524972,2,0,'commodo auctor');
INSERT INTO CB_USER (ID,NAME,EMAIL,PHONE_NUMBER,PERMISSION_ID,LAST_LOCATION_ID,PASSWORD) VALUES (601,'Jane Aguilar','non@elementumpurusaccumsan.org',17126372890,2,0,'tempus mauris erat eget');
INSERT INTO CB_USER (ID,NAME,EMAIL,PHONE_NUMBER,PERMISSION_ID,LAST_LOCATION_ID,PASSWORD) VALUES (602,'Sigourney Mccray','morbi.tristique@molestiepharetra.edu',15702293515,2,0,'quam. Curabitur vel');
INSERT INTO CB_USER (ID,NAME,EMAIL,PHONE_NUMBER,PERMISSION_ID,LAST_LOCATION_ID,PASSWORD) VALUES (603,'Declan Franks','arcu.Sed.et@cursuspurus.ca',10676033441,2,0,'tristique');
INSERT INTO CB_USER (ID,NAME,EMAIL,PHONE_NUMBER,PERMISSION_ID,LAST_LOCATION_ID,PASSWORD) VALUES (604,'Stella Barnes','vel.arcu@erateget.edu',17098586895,2,0,'lorem vitae odio');
INSERT INTO CB_USER (ID,NAME,EMAIL,PHONE_NUMBER,PERMISSION_ID,LAST_LOCATION_ID,PASSWORD) VALUES (605,'Abbot Richmond','sagittis.felis.Donec@seddolorFusce.edu',12658540755,2,0,'Suspendisse');
INSERT INTO CB_USER (ID,NAME,EMAIL,PHONE_NUMBER,PERMISSION_ID,LAST_LOCATION_ID,PASSWORD) VALUES (606,'Kevyn Fuller','tristique.pharetra@idsapienCras.co.uk',13650682205,2,0,'arcu');
INSERT INTO CB_USER (ID,NAME,EMAIL,PHONE_NUMBER,PERMISSION_ID,LAST_LOCATION_ID,PASSWORD) VALUES (607,'Abraham Zimmerman','Nunc.ac@velit.co.uk',18862870220,2,0,'vulputate,');
INSERT INTO CB_USER (ID,NAME,EMAIL,PHONE_NUMBER,PERMISSION_ID,LAST_LOCATION_ID,PASSWORD) VALUES (608,'Aristotle Ratliff','egestas.Aliquam.nec@penatibusetmagnis.com',10731322597,2,0,'Donec luctus');
INSERT INTO CB_USER (ID,NAME,EMAIL,PHONE_NUMBER,PERMISSION_ID,LAST_LOCATION_ID,PASSWORD) VALUES (609,'Amela Hardin','In.at@tellusid.edu',18296631254,2,0,'Nunc lectus pede, ultrices');
INSERT INTO CB_USER (ID,NAME,EMAIL,PHONE_NUMBER,PERMISSION_ID,LAST_LOCATION_ID,PASSWORD) VALUES (610,'Iris Wynn','in@est.ca',17416901281,2,0,'Phasellus libero mauris,');
INSERT INTO CB_USER (ID,NAME,EMAIL,PHONE_NUMBER,PERMISSION_ID,LAST_LOCATION_ID,PASSWORD) VALUES (611,'Paula Hickman','elit.pellentesque.a@sapienimperdietornare.edu',18876301591,2,0,'dignissim pharetra.');
INSERT INTO CB_USER (ID,NAME,EMAIL,PHONE_NUMBER,PERMISSION_ID,LAST_LOCATION_ID,PASSWORD) VALUES (612,'Randall Sharp','tincidunt@nonfeugiatnec.edu',17139532496,2,0,'justo faucibus lectus, a');
INSERT INTO CB_USER (ID,NAME,EMAIL,PHONE_NUMBER,PERMISSION_ID,LAST_LOCATION_ID,PASSWORD) VALUES (613,'Thaddeus Cervantes','non.sapien.molestie@interdumlibero.edu',19035730819,2,0,'egestas. Aliquam nec enim.');
INSERT INTO CB_USER (ID,NAME,EMAIL,PHONE_NUMBER,PERMISSION_ID,LAST_LOCATION_ID,PASSWORD) VALUES (614,'Chava Peterson','fringilla.purus.mauris@infelisNulla.edu',14096709201,2,0,'sagittis. Nullam');
INSERT INTO CB_USER (ID,NAME,EMAIL,PHONE_NUMBER,PERMISSION_ID,LAST_LOCATION_ID,PASSWORD) VALUES (615,'Kane Meyers','id@Crassed.com',17009061640,2,0,'magna a tortor.');
INSERT INTO CB_USER (ID,NAME,EMAIL,PHONE_NUMBER,PERMISSION_ID,LAST_LOCATION_ID,PASSWORD) VALUES (616,'Martin Baker','purus.gravida@Suspendissenon.com',15909608738,2,0,'Cras sed leo. Cras');
INSERT INTO CB_USER (ID,NAME,EMAIL,PHONE_NUMBER,PERMISSION_ID,LAST_LOCATION_ID,PASSWORD) VALUES (617,'Alana Chandler','Mauris.blandit@at.edu',16901486679,2,0,'ullamcorper magna. Sed');
INSERT INTO CB_USER (ID,NAME,EMAIL,PHONE_NUMBER,PERMISSION_ID,LAST_LOCATION_ID,PASSWORD) VALUES (618,'Ignatius Knox','a@eratnonummy.co.uk',10563776353,2,0,'Nam');
INSERT INTO CB_USER (ID,NAME,EMAIL,PHONE_NUMBER,PERMISSION_ID,LAST_LOCATION_ID,PASSWORD) VALUES (619,'Paul Cummings','ut@Aliquamtinciduntnunc.ca',13042760286,2,0,'cursus vestibulum. Mauris');
INSERT INTO CB_USER (ID,NAME,EMAIL,PHONE_NUMBER,PERMISSION_ID,LAST_LOCATION_ID,PASSWORD) VALUES (620,'Jackson Carroll','ornare.lectus.justo@enimCurabiturmassa.org',12918202248,2,0,'Mauris vestibulum,');
INSERT INTO CB_USER (ID,NAME,EMAIL,PHONE_NUMBER,PERMISSION_ID,LAST_LOCATION_ID,PASSWORD) VALUES (621,'Noble Woodward','Nullam@imperdietornareIn.org',17525385372,2,0,'metus. In lorem.');
INSERT INTO CB_USER (ID,NAME,EMAIL,PHONE_NUMBER,PERMISSION_ID,LAST_LOCATION_ID,PASSWORD) VALUES (622,'Ruby Brennan','amet.massa@purussapiengravida.ca',10428195833,2,0,'Sed');
INSERT INTO CB_USER (ID,NAME,EMAIL,PHONE_NUMBER,PERMISSION_ID,LAST_LOCATION_ID,PASSWORD) VALUES (623,'Ethan Ochoa','urna.Nunc.quis@ipsumDonecsollicitudin.org',14853601009,2,0,'dictum ultricies');
INSERT INTO CB_USER (ID,NAME,EMAIL,PHONE_NUMBER,PERMISSION_ID,LAST_LOCATION_ID,PASSWORD) VALUES (624,'September Bond','Suspendisse.eleifend@VivamusnisiMauris.edu',18395025707,2,0,'vel lectus. Cum sociis');
INSERT INTO CB_USER (ID,NAME,EMAIL,PHONE_NUMBER,PERMISSION_ID,LAST_LOCATION_ID,PASSWORD) VALUES (625,'Colby Austin','est@Nunc.org',18696612921,2,0,'ut quam');
INSERT INTO CB_USER (ID,NAME,EMAIL,PHONE_NUMBER,PERMISSION_ID,LAST_LOCATION_ID,PASSWORD) VALUES (626,'Gareth Kidd','dictum.eleifend@Nullamutnisi.net',15152466106,2,0,'ante blandit viverra.');
INSERT INTO CB_USER (ID,NAME,EMAIL,PHONE_NUMBER,PERMISSION_ID,LAST_LOCATION_ID,PASSWORD) VALUES (627,'Oren Randolph','sed.hendrerit@convallisconvallis.edu',11732975770,2,0,'Cras eu tellus eu');
INSERT INTO CB_USER (ID,NAME,EMAIL,PHONE_NUMBER,PERMISSION_ID,LAST_LOCATION_ID,PASSWORD) VALUES (628,'Stacey Mejia','nec.luctus@Sedeunibh.org',14247085215,2,0,'Cum sociis natoque');
INSERT INTO CB_USER (ID,NAME,EMAIL,PHONE_NUMBER,PERMISSION_ID,LAST_LOCATION_ID,PASSWORD) VALUES (629,'Sybil Brock','viverra.Maecenas@inmolestietortor.com',16912456448,2,0,'non');
INSERT INTO CB_USER (ID,NAME,EMAIL,PHONE_NUMBER,PERMISSION_ID,LAST_LOCATION_ID,PASSWORD) VALUES (630,'Derek Juarez','orci.adipiscing@Nuncsollicitudincommodo.edu',15885059247,2,0,'sagittis.');
INSERT INTO CB_USER (ID,NAME,EMAIL,PHONE_NUMBER,PERMISSION_ID,LAST_LOCATION_ID,PASSWORD) VALUES (631,'Barbara Coffey','ac.mi@nullavulputate.org',18060840373,2,0,'dictum');
INSERT INTO CB_USER (ID,NAME,EMAIL,PHONE_NUMBER,PERMISSION_ID,LAST_LOCATION_ID,PASSWORD) VALUES (632,'Jocelyn Mclaughlin','enim.Nunc.ut@neceleifend.com',12785210442,2,0,'felis purus ac tellus.');
INSERT INTO CB_USER (ID,NAME,EMAIL,PHONE_NUMBER,PERMISSION_ID,LAST_LOCATION_ID,PASSWORD) VALUES (633,'Brielle Myers','nec.eleifend@risus.edu',18912028154,2,0,'sit');
INSERT INTO CB_USER (ID,NAME,EMAIL,PHONE_NUMBER,PERMISSION_ID,LAST_LOCATION_ID,PASSWORD) VALUES (634,'Tyrone Zamora','et.euismod@senectusetnetus.co.uk',14061515601,2,0,'luctus');
INSERT INTO CB_USER (ID,NAME,EMAIL,PHONE_NUMBER,PERMISSION_ID,LAST_LOCATION_ID,PASSWORD) VALUES (635,'William Benton','scelerisque.scelerisque.dui@elitCurabitursed.ca',18322986607,2,0,'malesuada fringilla est. Mauris');
INSERT INTO CB_USER (ID,NAME,EMAIL,PHONE_NUMBER,PERMISSION_ID,LAST_LOCATION_ID,PASSWORD) VALUES (636,'Evan Bailey','orci.tincidunt.adipiscing@facilisis.org',10259924791,2,0,'mauris id');
INSERT INTO CB_USER (ID,NAME,EMAIL,PHONE_NUMBER,PERMISSION_ID,LAST_LOCATION_ID,PASSWORD) VALUES (637,'Phyllis Frye','aliquam@semperegestasurna.ca',17537844051,2,0,'tincidunt vehicula risus.');
INSERT INTO CB_USER (ID,NAME,EMAIL,PHONE_NUMBER,PERMISSION_ID,LAST_LOCATION_ID,PASSWORD) VALUES (638,'Adrian Ford','vitae@a.org',14282130087,2,0,'sem mollis');
INSERT INTO CB_USER (ID,NAME,EMAIL,PHONE_NUMBER,PERMISSION_ID,LAST_LOCATION_ID,PASSWORD) VALUES (639,'Julian Ayers','Quisque@diamloremauctor.com',14604490823,2,0,'fermentum risus, at fringilla');
INSERT INTO CB_USER (ID,NAME,EMAIL,PHONE_NUMBER,PERMISSION_ID,LAST_LOCATION_ID,PASSWORD) VALUES (640,'Cathleen Tran','sed.pede.nec@aarcu.net',17286935519,2,0,'dignissim. Maecenas');
INSERT INTO CB_USER (ID,NAME,EMAIL,PHONE_NUMBER,PERMISSION_ID,LAST_LOCATION_ID,PASSWORD) VALUES (641,'Ignacia Berry','ac.eleifend@ornareegestas.ca',14496806236,2,0,'eget, dictum');
INSERT INTO CB_USER (ID,NAME,EMAIL,PHONE_NUMBER,PERMISSION_ID,LAST_LOCATION_ID,PASSWORD) VALUES (642,'Kareem Hale','lectus@Etiamvestibulummassa.com',13322496246,2,0,'lacus. Etiam bibendum fermentum');
INSERT INTO CB_USER (ID,NAME,EMAIL,PHONE_NUMBER,PERMISSION_ID,LAST_LOCATION_ID,PASSWORD) VALUES (643,'Jermaine Harding','Duis.gravida.Praesent@eu.net',19674158562,2,0,'Quisque ac libero nec');
INSERT INTO CB_USER (ID,NAME,EMAIL,PHONE_NUMBER,PERMISSION_ID,LAST_LOCATION_ID,PASSWORD) VALUES (644,'Hunter Prince','non.arcu@rutrum.co.uk',12591350921,2,0,'lacinia mattis. Integer eu');
INSERT INTO CB_USER (ID,NAME,EMAIL,PHONE_NUMBER,PERMISSION_ID,LAST_LOCATION_ID,PASSWORD) VALUES (645,'Phelan Mcintyre','bibendum@consectetuerrhoncusNullam.co.uk',18910153313,2,0,'convallis est, vitae');
INSERT INTO CB_USER (ID,NAME,EMAIL,PHONE_NUMBER,PERMISSION_ID,LAST_LOCATION_ID,PASSWORD) VALUES (646,'Devin Haynes','interdum.Nunc.sollicitudin@amet.edu',12455015909,2,0,'mollis vitae,');
INSERT INTO CB_USER (ID,NAME,EMAIL,PHONE_NUMBER,PERMISSION_ID,LAST_LOCATION_ID,PASSWORD) VALUES (647,'Ingrid Carrillo','lacus@lobortis.co.uk',19864786529,2,0,'Praesent luctus.');
INSERT INTO CB_USER (ID,NAME,EMAIL,PHONE_NUMBER,PERMISSION_ID,LAST_LOCATION_ID,PASSWORD) VALUES (648,'Dakota Weiss','adipiscing@dictumaugue.co.uk',18254388054,2,0,'arcu. Nunc mauris.');
INSERT INTO CB_USER (ID,NAME,EMAIL,PHONE_NUMBER,PERMISSION_ID,LAST_LOCATION_ID,PASSWORD) VALUES (649,'Xaviera Kaufman','leo.Cras.vehicula@commodoauctorvelit.org',10638409564,2,0,'nec');
INSERT INTO CB_USER (ID,NAME,EMAIL,PHONE_NUMBER,PERMISSION_ID,LAST_LOCATION_ID,PASSWORD) VALUES (650,'Malachi Witt','nunc@acorciUt.co.uk',12684859629,2,0,'interdum.');
INSERT INTO CB_USER (ID,NAME,EMAIL,PHONE_NUMBER,PERMISSION_ID,LAST_LOCATION_ID,PASSWORD) VALUES (651,'Kitra Kim','vitae.erat@malesuadafringilla.ca',16342186476,2,0,'sodales nisi');
INSERT INTO CB_USER (ID,NAME,EMAIL,PHONE_NUMBER,PERMISSION_ID,LAST_LOCATION_ID,PASSWORD) VALUES (652,'Basil Mcguire','non.arcu.Vivamus@ligula.net',12698349496,2,0,'semper pretium');
INSERT INTO CB_USER (ID,NAME,EMAIL,PHONE_NUMBER,PERMISSION_ID,LAST_LOCATION_ID,PASSWORD) VALUES (653,'Bianca Pitts','Maecenas.malesuada.fringilla@noncursus.edu',19098395342,2,0,'eleifend');
INSERT INTO CB_USER (ID,NAME,EMAIL,PHONE_NUMBER,PERMISSION_ID,LAST_LOCATION_ID,PASSWORD) VALUES (654,'Caldwell Conner','purus.Maecenas.libero@urnaVivamusmolestie.org',19024474658,2,0,'Pellentesque habitant morbi');
INSERT INTO CB_USER (ID,NAME,EMAIL,PHONE_NUMBER,PERMISSION_ID,LAST_LOCATION_ID,PASSWORD) VALUES (655,'Rhona Chan','quis.pede.Praesent@vestibulummassa.org',17953700903,2,0,'eros non enim commodo');
INSERT INTO CB_USER (ID,NAME,EMAIL,PHONE_NUMBER,PERMISSION_ID,LAST_LOCATION_ID,PASSWORD) VALUES (656,'Jordan Frye','cursus.et@nisimagna.net',19555713302,2,0,'dolor, nonummy ac,');
INSERT INTO CB_USER (ID,NAME,EMAIL,PHONE_NUMBER,PERMISSION_ID,LAST_LOCATION_ID,PASSWORD) VALUES (657,'Boris Lynch','id.enim.Curabitur@Duis.net',18346193000,2,0,'vel est');
INSERT INTO CB_USER (ID,NAME,EMAIL,PHONE_NUMBER,PERMISSION_ID,LAST_LOCATION_ID,PASSWORD) VALUES (658,'Craig Buchanan','ipsum.primis.in@vulputatelacusCras.net',15046777073,2,0,'lobortis augue scelerisque mollis.');
INSERT INTO CB_USER (ID,NAME,EMAIL,PHONE_NUMBER,PERMISSION_ID,LAST_LOCATION_ID,PASSWORD) VALUES (659,'Lareina Moody','mus@nec.org',12013783273,2,0,'nisl');
INSERT INTO CB_USER (ID,NAME,EMAIL,PHONE_NUMBER,PERMISSION_ID,LAST_LOCATION_ID,PASSWORD) VALUES (660,'Lareina Hayden','ornare.lectus.justo@pellentesquemassa.net',12545876815,2,0,'orci. Phasellus');
INSERT INTO CB_USER (ID,NAME,EMAIL,PHONE_NUMBER,PERMISSION_ID,LAST_LOCATION_ID,PASSWORD) VALUES (661,'Daniel Harrington','et.ultrices@a.edu',11475712335,2,0,'mollis dui, in sodales');
INSERT INTO CB_USER (ID,NAME,EMAIL,PHONE_NUMBER,PERMISSION_ID,LAST_LOCATION_ID,PASSWORD) VALUES (662,'Dorian Dalton','ornare.In@adipiscing.co.uk',19360923507,2,0,'eu sem. Pellentesque ut');
INSERT INTO CB_USER (ID,NAME,EMAIL,PHONE_NUMBER,PERMISSION_ID,LAST_LOCATION_ID,PASSWORD) VALUES (663,'Silas Gibson','sociis.natoque@massaQuisque.org',15646871273,2,0,'orci. Phasellus');
INSERT INTO CB_USER (ID,NAME,EMAIL,PHONE_NUMBER,PERMISSION_ID,LAST_LOCATION_ID,PASSWORD) VALUES (664,'Idola Swanson','ante.dictum@nullaInteger.org',13299004771,2,0,'ac arcu.');
INSERT INTO CB_USER (ID,NAME,EMAIL,PHONE_NUMBER,PERMISSION_ID,LAST_LOCATION_ID,PASSWORD) VALUES (665,'Ezra Bailey','arcu.Vivamus@ametconsectetueradipiscing.net',14579631002,2,0,'mollis. Integer');
INSERT INTO CB_USER (ID,NAME,EMAIL,PHONE_NUMBER,PERMISSION_ID,LAST_LOCATION_ID,PASSWORD) VALUES (666,'Alexander Cote','vitae.aliquam.eros@eratin.com',13782659015,2,0,'eleifend egestas.');
INSERT INTO CB_USER (ID,NAME,EMAIL,PHONE_NUMBER,PERMISSION_ID,LAST_LOCATION_ID,PASSWORD) VALUES (667,'Madeline Burch','convallis.erat@commodo.edu',10465767616,2,0,'turpis.');
INSERT INTO CB_USER (ID,NAME,EMAIL,PHONE_NUMBER,PERMISSION_ID,LAST_LOCATION_ID,PASSWORD) VALUES (668,'Carolyn Roberson','semper@IntegermollisInteger.org',14792952198,2,0,'Morbi');
INSERT INTO CB_USER (ID,NAME,EMAIL,PHONE_NUMBER,PERMISSION_ID,LAST_LOCATION_ID,PASSWORD) VALUES (669,'Byron Rivas','montes.nascetur@suscipit.org',19444680089,2,0,'at arcu.');
INSERT INTO CB_USER (ID,NAME,EMAIL,PHONE_NUMBER,PERMISSION_ID,LAST_LOCATION_ID,PASSWORD) VALUES (670,'Dominic Rich','ac.mattis@massaMaurisvestibulum.com',14356069541,2,0,'malesuada fringilla est.');
INSERT INTO CB_USER (ID,NAME,EMAIL,PHONE_NUMBER,PERMISSION_ID,LAST_LOCATION_ID,PASSWORD) VALUES (671,'Joel Robles','scelerisque@Donec.net',14627885935,2,0,'sit amet');
INSERT INTO CB_USER (ID,NAME,EMAIL,PHONE_NUMBER,PERMISSION_ID,LAST_LOCATION_ID,PASSWORD) VALUES (672,'Flynn Washington','Suspendisse@loremloremluctus.org',15514104008,2,0,'lobortis tellus justo sit');
INSERT INTO CB_USER (ID,NAME,EMAIL,PHONE_NUMBER,PERMISSION_ID,LAST_LOCATION_ID,PASSWORD) VALUES (673,'Dominique Griffin','est.tempor.bibendum@tempor.net',16139731696,2,0,'faucibus lectus,');
INSERT INTO CB_USER (ID,NAME,EMAIL,PHONE_NUMBER,PERMISSION_ID,LAST_LOCATION_ID,PASSWORD) VALUES (674,'Naida Sanford','eget.tincidunt@nonegestasa.edu',15550782322,2,0,'consectetuer ipsum nunc id');
INSERT INTO CB_USER (ID,NAME,EMAIL,PHONE_NUMBER,PERMISSION_ID,LAST_LOCATION_ID,PASSWORD) VALUES (675,'Ross Martin','magna.Duis.dignissim@lacusUt.ca',17584832902,2,0,'auctor, velit');
INSERT INTO CB_USER (ID,NAME,EMAIL,PHONE_NUMBER,PERMISSION_ID,LAST_LOCATION_ID,PASSWORD) VALUES (676,'Ifeoma Wells','interdum.libero@vitae.net',14293206353,2,0,'egestas,');
INSERT INTO CB_USER (ID,NAME,EMAIL,PHONE_NUMBER,PERMISSION_ID,LAST_LOCATION_ID,PASSWORD) VALUES (677,'Lane Kirby','malesuada.Integer@ametrisus.org',13061063476,2,0,'sed consequat auctor,');
INSERT INTO CB_USER (ID,NAME,EMAIL,PHONE_NUMBER,PERMISSION_ID,LAST_LOCATION_ID,PASSWORD) VALUES (678,'Chelsea Kaufman','mi.pede.nonummy@semmolestie.org',11848873989,2,0,'euismod enim. Etiam');
INSERT INTO CB_USER (ID,NAME,EMAIL,PHONE_NUMBER,PERMISSION_ID,LAST_LOCATION_ID,PASSWORD) VALUES (679,'Drew Cannon','Phasellus.libero.mauris@dictumultricies.co.uk',18577649263,2,0,'Class aptent taciti');
INSERT INTO CB_USER (ID,NAME,EMAIL,PHONE_NUMBER,PERMISSION_ID,LAST_LOCATION_ID,PASSWORD) VALUES (680,'Luke Booth','malesuada@amet.ca',18032779140,2,0,'arcu. Aliquam ultrices');
INSERT INTO CB_USER (ID,NAME,EMAIL,PHONE_NUMBER,PERMISSION_ID,LAST_LOCATION_ID,PASSWORD) VALUES (681,'Kylan Moon','luctus.aliquet.odio@ipsumleoelementum.net',10128581975,2,0,'egestas rhoncus.');
INSERT INTO CB_USER (ID,NAME,EMAIL,PHONE_NUMBER,PERMISSION_ID,LAST_LOCATION_ID,PASSWORD) VALUES (682,'Tad Burns','ligula.elit@enim.net',11143381903,2,0,'primis in faucibus orci');
INSERT INTO CB_USER (ID,NAME,EMAIL,PHONE_NUMBER,PERMISSION_ID,LAST_LOCATION_ID,PASSWORD) VALUES (683,'Charity Green','malesuada.fringilla@Duisrisusodio.org',16303625363,2,0,'et arcu imperdiet ullamcorper.');
INSERT INTO CB_USER (ID,NAME,EMAIL,PHONE_NUMBER,PERMISSION_ID,LAST_LOCATION_ID,PASSWORD) VALUES (684,'Danielle Hopkins','pede.nec.ante@eget.org',12927759606,2,0,'gravida');
INSERT INTO CB_USER (ID,NAME,EMAIL,PHONE_NUMBER,PERMISSION_ID,LAST_LOCATION_ID,PASSWORD) VALUES (685,'Kennan Hardin','Curabitur.ut@velnislQuisque.org',16613441608,2,0,'Aliquam ultrices iaculis odio.');
INSERT INTO CB_USER (ID,NAME,EMAIL,PHONE_NUMBER,PERMISSION_ID,LAST_LOCATION_ID,PASSWORD) VALUES (686,'Melyssa Sellers','tellus.justo.sit@aliquam.com',13007757789,2,0,'gravida.');
INSERT INTO CB_USER (ID,NAME,EMAIL,PHONE_NUMBER,PERMISSION_ID,LAST_LOCATION_ID,PASSWORD) VALUES (687,'Lunea Petty','Phasellus.fermentum.convallis@montesnasceturridiculus.co.uk',13406913322,2,0,'In faucibus. Morbi');
INSERT INTO CB_USER (ID,NAME,EMAIL,PHONE_NUMBER,PERMISSION_ID,LAST_LOCATION_ID,PASSWORD) VALUES (688,'Xandra Mccarty','pede@Integerin.edu',15003607101,2,0,'consectetuer adipiscing elit.');
INSERT INTO CB_USER (ID,NAME,EMAIL,PHONE_NUMBER,PERMISSION_ID,LAST_LOCATION_ID,PASSWORD) VALUES (689,'Scarlet Greene','Donec.tempor@ante.net',10413319119,2,0,'Aenean eget');
INSERT INTO CB_USER (ID,NAME,EMAIL,PHONE_NUMBER,PERMISSION_ID,LAST_LOCATION_ID,PASSWORD) VALUES (690,'Denise Fisher','convallis.in@amet.co.uk',16354548321,2,0,'Nulla aliquet. Proin');
INSERT INTO CB_USER (ID,NAME,EMAIL,PHONE_NUMBER,PERMISSION_ID,LAST_LOCATION_ID,PASSWORD) VALUES (691,'Ayanna Vang','molestie.pharetra@placeratorcilacus.com',19302187846,2,0,'mauris blandit mattis. Cras');
INSERT INTO CB_USER (ID,NAME,EMAIL,PHONE_NUMBER,PERMISSION_ID,LAST_LOCATION_ID,PASSWORD) VALUES (692,'Wade Shaffer','gravida.sagittis@etmagnis.ca',16882091919,2,0,'Nunc ut erat.');
INSERT INTO CB_USER (ID,NAME,EMAIL,PHONE_NUMBER,PERMISSION_ID,LAST_LOCATION_ID,PASSWORD) VALUES (693,'Xenos Gordon','scelerisque.lorem@egetmagna.edu',15463660839,2,0,'imperdiet ornare. In');
INSERT INTO CB_USER (ID,NAME,EMAIL,PHONE_NUMBER,PERMISSION_ID,LAST_LOCATION_ID,PASSWORD) VALUES (694,'Harlan Hensley','nec.tellus@ametornarelectus.edu',11210517925,2,0,'a,');
INSERT INTO CB_USER (ID,NAME,EMAIL,PHONE_NUMBER,PERMISSION_ID,LAST_LOCATION_ID,PASSWORD) VALUES (695,'Kieran Nelson','tempor@scelerisquedui.com',12646339745,2,0,'a, malesuada id,');
INSERT INTO CB_USER (ID,NAME,EMAIL,PHONE_NUMBER,PERMISSION_ID,LAST_LOCATION_ID,PASSWORD) VALUES (696,'Cruz Mccullough','tellus@nisi.ca',13022977677,2,0,'eu erat semper rutrum.');
INSERT INTO CB_USER (ID,NAME,EMAIL,PHONE_NUMBER,PERMISSION_ID,LAST_LOCATION_ID,PASSWORD) VALUES (697,'Cally Murray','diam.luctus.lobortis@pedePraesenteu.edu',15114351255,2,0,'sed sem egestas');
INSERT INTO CB_USER (ID,NAME,EMAIL,PHONE_NUMBER,PERMISSION_ID,LAST_LOCATION_ID,PASSWORD) VALUES (698,'Micah Hernandez','neque.tellus@disparturientmontes.com',17593971021,2,0,'mauris. Suspendisse');
INSERT INTO CB_USER (ID,NAME,EMAIL,PHONE_NUMBER,PERMISSION_ID,LAST_LOCATION_ID,PASSWORD) VALUES (699,'Nicole Lara','ultrices.iaculis.odio@CurabiturmassaVestibulum.com',13947400381,2,0,'Duis sit amet diam');
INSERT INTO CB_USER (ID,NAME,EMAIL,PHONE_NUMBER,PERMISSION_ID,LAST_LOCATION_ID,PASSWORD) VALUES (700,'Kermit Simmons','Pellentesque.habitant.morbi@Aliquamfringilla.org',11758077531,2,0,'accumsan laoreet ipsum. Curabitur');
INSERT INTO CB_USER (ID,NAME,EMAIL,PHONE_NUMBER,PERMISSION_ID,LAST_LOCATION_ID,PASSWORD) VALUES (701,'Tamara Palmer','vitae.odio@libero.ca',12943922365,2,0,'suscipit, est ac facilisis');
INSERT INTO CB_USER (ID,NAME,EMAIL,PHONE_NUMBER,PERMISSION_ID,LAST_LOCATION_ID,PASSWORD) VALUES (702,'Wyoming Love','cursus.non.egestas@Suspendissenon.edu',18981107092,2,0,'sagittis felis.');
INSERT INTO CB_USER (ID,NAME,EMAIL,PHONE_NUMBER,PERMISSION_ID,LAST_LOCATION_ID,PASSWORD) VALUES (703,'Damon Jacobson','Nunc@orci.com',13574730591,2,0,'pretium');
INSERT INTO CB_USER (ID,NAME,EMAIL,PHONE_NUMBER,PERMISSION_ID,LAST_LOCATION_ID,PASSWORD) VALUES (704,'Fletcher Monroe','lectus@antelectusconvallis.ca',12324966243,2,0,'vel, convallis');
INSERT INTO CB_USER (ID,NAME,EMAIL,PHONE_NUMBER,PERMISSION_ID,LAST_LOCATION_ID,PASSWORD) VALUES (705,'Kato Wells','amet.lorem.semper@etliberoProin.org',11419450980,2,0,'amet, consectetuer');
INSERT INTO CB_USER (ID,NAME,EMAIL,PHONE_NUMBER,PERMISSION_ID,LAST_LOCATION_ID,PASSWORD) VALUES (706,'Nasim Mcbride','orci.adipiscing.non@duinec.co.uk',17204825729,2,0,'varius orci, in consequat');
INSERT INTO CB_USER (ID,NAME,EMAIL,PHONE_NUMBER,PERMISSION_ID,LAST_LOCATION_ID,PASSWORD) VALUES (707,'Kelly Gonzalez','Integer.sem.elit@magnaaneque.ca',11751577085,2,0,'ipsum porta');
INSERT INTO CB_USER (ID,NAME,EMAIL,PHONE_NUMBER,PERMISSION_ID,LAST_LOCATION_ID,PASSWORD) VALUES (708,'Salvador Summers','cursus.vestibulum.Mauris@diam.co.uk',11397024048,2,0,'penatibus');
INSERT INTO CB_USER (ID,NAME,EMAIL,PHONE_NUMBER,PERMISSION_ID,LAST_LOCATION_ID,PASSWORD) VALUES (709,'Demetria Patrick','pede.nonummy.ut@pharetrautpharetra.org',10506512611,2,0,'lacus vestibulum lorem,');
INSERT INTO CB_USER (ID,NAME,EMAIL,PHONE_NUMBER,PERMISSION_ID,LAST_LOCATION_ID,PASSWORD) VALUES (710,'Whitney Salazar','lectus.convallis.est@tellussem.edu',10125352330,2,0,'tempor arcu.');
INSERT INTO CB_USER (ID,NAME,EMAIL,PHONE_NUMBER,PERMISSION_ID,LAST_LOCATION_ID,PASSWORD) VALUES (711,'Harlan Humphrey','volutpat.nunc.sit@dolorNulla.com',16444632858,2,0,'consectetuer mauris');
INSERT INTO CB_USER (ID,NAME,EMAIL,PHONE_NUMBER,PERMISSION_ID,LAST_LOCATION_ID,PASSWORD) VALUES (712,'Kaye Whitehead','ac.libero.nec@Vestibulumut.edu',14757868582,2,0,'nisi magna sed');
INSERT INTO CB_USER (ID,NAME,EMAIL,PHONE_NUMBER,PERMISSION_ID,LAST_LOCATION_ID,PASSWORD) VALUES (713,'Ora Gould','est.mollis.non@tellusPhaselluselit.com',10584307042,2,0,'nisi. Aenean');
INSERT INTO CB_USER (ID,NAME,EMAIL,PHONE_NUMBER,PERMISSION_ID,LAST_LOCATION_ID,PASSWORD) VALUES (714,'Elton Lindsey','velit@nuncest.ca',15140965413,2,0,'dignissim');
INSERT INTO CB_USER (ID,NAME,EMAIL,PHONE_NUMBER,PERMISSION_ID,LAST_LOCATION_ID,PASSWORD) VALUES (715,'Reed Andrews','leo.Morbi@pedeacurna.org',11602907185,2,0,'neque pellentesque');
INSERT INTO CB_USER (ID,NAME,EMAIL,PHONE_NUMBER,PERMISSION_ID,LAST_LOCATION_ID,PASSWORD) VALUES (716,'Lucy Porter','purus@vitaesemperegestas.co.uk',10280508352,2,0,'ac nulla. In tincidunt');
INSERT INTO CB_USER (ID,NAME,EMAIL,PHONE_NUMBER,PERMISSION_ID,LAST_LOCATION_ID,PASSWORD) VALUES (717,'Hasad Davidson','sagittis.placerat@Quisqueimperdiet.ca',14869509949,2,0,'risus. Morbi metus.');
INSERT INTO CB_USER (ID,NAME,EMAIL,PHONE_NUMBER,PERMISSION_ID,LAST_LOCATION_ID,PASSWORD) VALUES (718,'Nehru Pope','Vivamus.non.lorem@rutrumnon.net',11539982408,2,0,'netus et malesuada');
INSERT INTO CB_USER (ID,NAME,EMAIL,PHONE_NUMBER,PERMISSION_ID,LAST_LOCATION_ID,PASSWORD) VALUES (719,'Myles Donaldson','nisi.dictum.augue@dolor.com',13400106770,2,0,'Quisque porttitor eros');
INSERT INTO CB_USER (ID,NAME,EMAIL,PHONE_NUMBER,PERMISSION_ID,LAST_LOCATION_ID,PASSWORD) VALUES (720,'Kelsey Valdez','facilisis@Quisquepurussapien.com',17125156424,2,0,'malesuada. Integer id');
INSERT INTO CB_USER (ID,NAME,EMAIL,PHONE_NUMBER,PERMISSION_ID,LAST_LOCATION_ID,PASSWORD) VALUES (721,'Noah Dale','tempor@Maecenas.ca',18229920455,2,0,'vel arcu. Curabitur ut');
INSERT INTO CB_USER (ID,NAME,EMAIL,PHONE_NUMBER,PERMISSION_ID,LAST_LOCATION_ID,PASSWORD) VALUES (722,'Lesley Lester','nulla@ultrices.com',18254906205,2,0,'amet, consectetuer adipiscing');
INSERT INTO CB_USER (ID,NAME,EMAIL,PHONE_NUMBER,PERMISSION_ID,LAST_LOCATION_ID,PASSWORD) VALUES (723,'Ronan Morris','mauris@gravida.edu',10656688511,2,0,'Sed id');
INSERT INTO CB_USER (ID,NAME,EMAIL,PHONE_NUMBER,PERMISSION_ID,LAST_LOCATION_ID,PASSWORD) VALUES (724,'Keiko Haney','pharetra.Nam@at.com',19627362560,2,0,'metus eu erat');
INSERT INTO CB_USER (ID,NAME,EMAIL,PHONE_NUMBER,PERMISSION_ID,LAST_LOCATION_ID,PASSWORD) VALUES (725,'Ifeoma Peterson','tellus.lorem@vehiculaet.com',12481986717,2,0,'Maecenas malesuada fringilla est.');
INSERT INTO CB_USER (ID,NAME,EMAIL,PHONE_NUMBER,PERMISSION_ID,LAST_LOCATION_ID,PASSWORD) VALUES (726,'Jared Trevino','et.pede@dolorFusce.net',17718004752,2,0,'sem mollis dui,');
INSERT INTO CB_USER (ID,NAME,EMAIL,PHONE_NUMBER,PERMISSION_ID,LAST_LOCATION_ID,PASSWORD) VALUES (727,'Frances Stevens','augue.Sed.molestie@diam.com',17486008457,2,0,'massa');
INSERT INTO CB_USER (ID,NAME,EMAIL,PHONE_NUMBER,PERMISSION_ID,LAST_LOCATION_ID,PASSWORD) VALUES (728,'Lucius Haynes','aliquet@nisinibh.edu',11664647576,2,0,'aliquet libero. Integer');
INSERT INTO CB_USER (ID,NAME,EMAIL,PHONE_NUMBER,PERMISSION_ID,LAST_LOCATION_ID,PASSWORD) VALUES (729,'Harriet Garner','lobortis@mauris.org',17616787129,2,0,'Donec fringilla. Donec feugiat');
INSERT INTO CB_USER (ID,NAME,EMAIL,PHONE_NUMBER,PERMISSION_ID,LAST_LOCATION_ID,PASSWORD) VALUES (730,'Chastity Jarvis','nascetur.ridiculus@utmolestie.net',18048889498,2,0,'Quisque');
INSERT INTO CB_USER (ID,NAME,EMAIL,PHONE_NUMBER,PERMISSION_ID,LAST_LOCATION_ID,PASSWORD) VALUES (731,'Cullen Bean','fringilla.cursus.purus@vel.org',18968895590,2,0,'dictum augue malesuada malesuada.');
INSERT INTO CB_USER (ID,NAME,EMAIL,PHONE_NUMBER,PERMISSION_ID,LAST_LOCATION_ID,PASSWORD) VALUES (732,'Hakeem Blair','placerat@quisdiamPellentesque.com',13079618318,2,0,'dui. Cras pellentesque. Sed');
INSERT INTO CB_USER (ID,NAME,EMAIL,PHONE_NUMBER,PERMISSION_ID,LAST_LOCATION_ID,PASSWORD) VALUES (733,'Leo Henderson','nisl.Maecenas@bibendum.ca',15570775741,2,0,'amet');
INSERT INTO CB_USER (ID,NAME,EMAIL,PHONE_NUMBER,PERMISSION_ID,LAST_LOCATION_ID,PASSWORD) VALUES (734,'Nomlanga Townsend','ut@NuncmaurisMorbi.net',16841434119,2,0,'quis diam luctus');
INSERT INTO CB_USER (ID,NAME,EMAIL,PHONE_NUMBER,PERMISSION_ID,LAST_LOCATION_ID,PASSWORD) VALUES (735,'Carolyn Leon','quis@anteipsum.ca',18416057336,2,0,'Sed neque. Sed');
INSERT INTO CB_USER (ID,NAME,EMAIL,PHONE_NUMBER,PERMISSION_ID,LAST_LOCATION_ID,PASSWORD) VALUES (736,'Keiko Abbott','ut.pharetra@atiaculisquis.net',19209587095,2,0,'metus.');
INSERT INTO CB_USER (ID,NAME,EMAIL,PHONE_NUMBER,PERMISSION_ID,LAST_LOCATION_ID,PASSWORD) VALUES (737,'Noble Decker','Nam@aptent.ca',16937714182,2,0,'convallis, ante');
INSERT INTO CB_USER (ID,NAME,EMAIL,PHONE_NUMBER,PERMISSION_ID,LAST_LOCATION_ID,PASSWORD) VALUES (738,'Cedric Mejia','adipiscing.non@purusinmolestie.ca',17949854601,2,0,'ac metus vitae');
INSERT INTO CB_USER (ID,NAME,EMAIL,PHONE_NUMBER,PERMISSION_ID,LAST_LOCATION_ID,PASSWORD) VALUES (739,'Cade Acosta','sagittis@anteiaculis.org',17737736535,2,0,'cursus. Integer');
INSERT INTO CB_USER (ID,NAME,EMAIL,PHONE_NUMBER,PERMISSION_ID,LAST_LOCATION_ID,PASSWORD) VALUES (740,'Maggie Potts','ridiculus.mus.Proin@Maurisquis.net',19332614928,2,0,'lectus. Cum sociis natoque');
INSERT INTO CB_USER (ID,NAME,EMAIL,PHONE_NUMBER,PERMISSION_ID,LAST_LOCATION_ID,PASSWORD) VALUES (741,'Brenden Wiley','luctus@maurisrhoncus.net',17981584911,2,0,'nec urna');
INSERT INTO CB_USER (ID,NAME,EMAIL,PHONE_NUMBER,PERMISSION_ID,LAST_LOCATION_ID,PASSWORD) VALUES (742,'Whilemina Kent','lobortis.tellus.justo@pellentesqueafacilisis.org',11930703837,2,0,'interdum enim non');
INSERT INTO CB_USER (ID,NAME,EMAIL,PHONE_NUMBER,PERMISSION_ID,LAST_LOCATION_ID,PASSWORD) VALUES (743,'Carly Delgado','nulla.vulputate.dui@litora.net',16208486604,2,0,'dis');
INSERT INTO CB_USER (ID,NAME,EMAIL,PHONE_NUMBER,PERMISSION_ID,LAST_LOCATION_ID,PASSWORD) VALUES (744,'Haley Lloyd','mi@elementumduiquis.co.uk',18008416966,2,0,'magna.');
INSERT INTO CB_USER (ID,NAME,EMAIL,PHONE_NUMBER,PERMISSION_ID,LAST_LOCATION_ID,PASSWORD) VALUES (745,'Teagan Howell','neque.tellus@utlacusNulla.edu',18674239242,2,0,'nibh.');
INSERT INTO CB_USER (ID,NAME,EMAIL,PHONE_NUMBER,PERMISSION_ID,LAST_LOCATION_ID,PASSWORD) VALUES (746,'Scott Craft','lorem.eget@lacusAliquamrutrum.org',14006448635,2,0,'tellus non magna.');
INSERT INTO CB_USER (ID,NAME,EMAIL,PHONE_NUMBER,PERMISSION_ID,LAST_LOCATION_ID,PASSWORD) VALUES (747,'Jenette Hopper','Cras.interdum.Nunc@blanditviverraDonec.edu',18334025727,2,0,'sit amet,');
INSERT INTO CB_USER (ID,NAME,EMAIL,PHONE_NUMBER,PERMISSION_ID,LAST_LOCATION_ID,PASSWORD) VALUES (748,'Nora Kramer','condimentum@musDonecdignissim.ca',10151996398,2,0,'Cras dictum ultricies ligula.');
INSERT INTO CB_USER (ID,NAME,EMAIL,PHONE_NUMBER,PERMISSION_ID,LAST_LOCATION_ID,PASSWORD) VALUES (749,'Kasimir Mays','ut@Morbiquisurna.org',10118699786,2,0,'massa. Quisque');
INSERT INTO CB_USER (ID,NAME,EMAIL,PHONE_NUMBER,PERMISSION_ID,LAST_LOCATION_ID,PASSWORD) VALUES (750,'Serena Riddle','rutrum.lorem@Cumsociisnatoque.net',11110213548,2,0,'lectus quis massa. Mauris');
INSERT INTO CB_USER (ID,NAME,EMAIL,PHONE_NUMBER,PERMISSION_ID,LAST_LOCATION_ID,PASSWORD) VALUES (751,'Dakota Jefferson','luctus.et.ultrices@vitae.edu',17366996915,2,0,'sit amet orci. Ut');
INSERT INTO CB_USER (ID,NAME,EMAIL,PHONE_NUMBER,PERMISSION_ID,LAST_LOCATION_ID,PASSWORD) VALUES (752,'Blake Logan','dis.parturient@lobortistellus.org',12697090534,2,0,'ipsum nunc');
INSERT INTO CB_USER (ID,NAME,EMAIL,PHONE_NUMBER,PERMISSION_ID,LAST_LOCATION_ID,PASSWORD) VALUES (753,'Tana Valdez','vulputate.posuere@egetvolutpat.com',12273041694,2,0,'at pede.');
INSERT INTO CB_USER (ID,NAME,EMAIL,PHONE_NUMBER,PERMISSION_ID,LAST_LOCATION_ID,PASSWORD) VALUES (754,'Yetta Harrell','fringilla.mi.lacinia@vel.com',19211277026,2,0,'Vivamus');
INSERT INTO CB_USER (ID,NAME,EMAIL,PHONE_NUMBER,PERMISSION_ID,LAST_LOCATION_ID,PASSWORD) VALUES (755,'Leandra Dickson','luctus.ipsum.leo@gravidamauris.com',19512223951,2,0,'amet ante.');
INSERT INTO CB_USER (ID,NAME,EMAIL,PHONE_NUMBER,PERMISSION_ID,LAST_LOCATION_ID,PASSWORD) VALUES (756,'August Dorsey','fringilla.euismod@Sedmalesuada.org',17538796896,2,0,'arcu');
INSERT INTO CB_USER (ID,NAME,EMAIL,PHONE_NUMBER,PERMISSION_ID,LAST_LOCATION_ID,PASSWORD) VALUES (757,'Elizabeth Stout','risus.at@ligula.com',12511941595,2,0,'commodo ipsum. Suspendisse');
INSERT INTO CB_USER (ID,NAME,EMAIL,PHONE_NUMBER,PERMISSION_ID,LAST_LOCATION_ID,PASSWORD) VALUES (758,'Drake Le','tellus.Aenean.egestas@vel.ca',12389335064,2,0,'Vivamus euismod');
INSERT INTO CB_USER (ID,NAME,EMAIL,PHONE_NUMBER,PERMISSION_ID,LAST_LOCATION_ID,PASSWORD) VALUES (759,'Jemima Cox','pede.nonummy.ut@maurisSuspendissealiquet.edu',14269775990,2,0,'mattis semper,');
INSERT INTO CB_USER (ID,NAME,EMAIL,PHONE_NUMBER,PERMISSION_ID,LAST_LOCATION_ID,PASSWORD) VALUES (760,'Lawrence Kidd','purus@risusat.ca',19644996985,2,0,'neque tellus, imperdiet');
INSERT INTO CB_USER (ID,NAME,EMAIL,PHONE_NUMBER,PERMISSION_ID,LAST_LOCATION_ID,PASSWORD) VALUES (761,'Ria Boyle','ut@utmi.co.uk',13648909181,2,0,'Suspendisse');
INSERT INTO CB_USER (ID,NAME,EMAIL,PHONE_NUMBER,PERMISSION_ID,LAST_LOCATION_ID,PASSWORD) VALUES (762,'Imani Puckett','convallis@blandit.edu',15602800562,2,0,'eros');
INSERT INTO CB_USER (ID,NAME,EMAIL,PHONE_NUMBER,PERMISSION_ID,LAST_LOCATION_ID,PASSWORD) VALUES (763,'Malachi Lott','et@erateget.co.uk',16235087123,2,0,'suscipit nonummy. Fusce fermentum');
INSERT INTO CB_USER (ID,NAME,EMAIL,PHONE_NUMBER,PERMISSION_ID,LAST_LOCATION_ID,PASSWORD) VALUES (764,'Mallory Avila','sit.amet.ornare@utaliquamiaculis.co.uk',12618534411,2,0,'in felis.');
INSERT INTO CB_USER (ID,NAME,EMAIL,PHONE_NUMBER,PERMISSION_ID,LAST_LOCATION_ID,PASSWORD) VALUES (765,'Mariam Serrano','in@ac.edu',11060313824,2,0,'hendrerit consectetuer,');
INSERT INTO CB_USER (ID,NAME,EMAIL,PHONE_NUMBER,PERMISSION_ID,LAST_LOCATION_ID,PASSWORD) VALUES (766,'Cassandra Raymond','Cras.vulputate@urnaetarcu.ca',10384561233,2,0,'at');
INSERT INTO CB_USER (ID,NAME,EMAIL,PHONE_NUMBER,PERMISSION_ID,LAST_LOCATION_ID,PASSWORD) VALUES (767,'Jana Sherman','vulputate.mauris@penatibusetmagnis.com',13366200290,2,0,'Aenean');
INSERT INTO CB_USER (ID,NAME,EMAIL,PHONE_NUMBER,PERMISSION_ID,LAST_LOCATION_ID,PASSWORD) VALUES (768,'Dane Prince','nec@lacus.ca',15112099815,2,0,'Cras');
INSERT INTO CB_USER (ID,NAME,EMAIL,PHONE_NUMBER,PERMISSION_ID,LAST_LOCATION_ID,PASSWORD) VALUES (769,'Derek Barron','est.Mauris@sagittisfelis.org',19387653433,2,0,'mi enim,');
INSERT INTO CB_USER (ID,NAME,EMAIL,PHONE_NUMBER,PERMISSION_ID,LAST_LOCATION_ID,PASSWORD) VALUES (770,'Nadine Cooper','dapibus.ligula@quispedePraesent.edu',13896746728,2,0,'congue, elit');
INSERT INTO CB_USER (ID,NAME,EMAIL,PHONE_NUMBER,PERMISSION_ID,LAST_LOCATION_ID,PASSWORD) VALUES (771,'Michael Parsons','quis.arcu@sed.ca',13195993015,2,0,'sollicitudin a, malesuada');
INSERT INTO CB_USER (ID,NAME,EMAIL,PHONE_NUMBER,PERMISSION_ID,LAST_LOCATION_ID,PASSWORD) VALUES (772,'Zenia Swanson','enim@Nullamlobortisquam.ca',11675751037,2,0,'quam a felis ullamcorper');
INSERT INTO CB_USER (ID,NAME,EMAIL,PHONE_NUMBER,PERMISSION_ID,LAST_LOCATION_ID,PASSWORD) VALUES (773,'Mira Cohen','habitant.morbi.tristique@necdiam.com',10388085572,2,0,'Curabitur sed');
INSERT INTO CB_USER (ID,NAME,EMAIL,PHONE_NUMBER,PERMISSION_ID,LAST_LOCATION_ID,PASSWORD) VALUES (774,'Kitra Monroe','enim.sit.amet@sed.org',12006648159,2,0,'ante. Vivamus');
INSERT INTO CB_USER (ID,NAME,EMAIL,PHONE_NUMBER,PERMISSION_ID,LAST_LOCATION_ID,PASSWORD) VALUES (775,'Abraham Wall','facilisis@est.net',15428944170,2,0,'magna. Sed eu eros.');
INSERT INTO CB_USER (ID,NAME,EMAIL,PHONE_NUMBER,PERMISSION_ID,LAST_LOCATION_ID,PASSWORD) VALUES (776,'Hu Tran','vitae.sodales.at@in.com',10030322461,2,0,'et magnis dis');
INSERT INTO CB_USER (ID,NAME,EMAIL,PHONE_NUMBER,PERMISSION_ID,LAST_LOCATION_ID,PASSWORD) VALUES (777,'Gloria Higgins','ullamcorper@aliquetdiam.edu',10203701509,2,0,'Mauris molestie pharetra');
INSERT INTO CB_USER (ID,NAME,EMAIL,PHONE_NUMBER,PERMISSION_ID,LAST_LOCATION_ID,PASSWORD) VALUES (778,'Geoffrey Hamilton','mi@porttitorscelerisque.edu',10389583511,2,0,'enim nec');
INSERT INTO CB_USER (ID,NAME,EMAIL,PHONE_NUMBER,PERMISSION_ID,LAST_LOCATION_ID,PASSWORD) VALUES (779,'Meghan Mason','tellus.Aenean@Integersemelit.edu',18822178631,2,0,'imperdiet');
INSERT INTO CB_USER (ID,NAME,EMAIL,PHONE_NUMBER,PERMISSION_ID,LAST_LOCATION_ID,PASSWORD) VALUES (780,'Ralph Larsen','arcu@Seddiam.ca',19958244241,2,0,'orci. Donec');
INSERT INTO CB_USER (ID,NAME,EMAIL,PHONE_NUMBER,PERMISSION_ID,LAST_LOCATION_ID,PASSWORD) VALUES (781,'Candice Robbins','tellus.sem@utnisi.com',16637557894,2,0,'sit amet massa. Quisque');
INSERT INTO CB_USER (ID,NAME,EMAIL,PHONE_NUMBER,PERMISSION_ID,LAST_LOCATION_ID,PASSWORD) VALUES (782,'Kennedy Strong','fermentum.fermentum@ornarefacilisiseget.edu',16808011732,2,0,'sociosqu ad litora');
INSERT INTO CB_USER (ID,NAME,EMAIL,PHONE_NUMBER,PERMISSION_ID,LAST_LOCATION_ID,PASSWORD) VALUES (783,'Patrick Mcneil','neque@sitametdapibus.org',10130580803,2,0,'Ut tincidunt');
INSERT INTO CB_USER (ID,NAME,EMAIL,PHONE_NUMBER,PERMISSION_ID,LAST_LOCATION_ID,PASSWORD) VALUES (784,'Mary Fowler','nonummy@arcu.co.uk',12290485934,2,0,'urna. Ut');
INSERT INTO CB_USER (ID,NAME,EMAIL,PHONE_NUMBER,PERMISSION_ID,LAST_LOCATION_ID,PASSWORD) VALUES (785,'Pascale Neal','elementum.purus@semperegestasurna.ca',11554171685,2,0,'ridiculus');
INSERT INTO CB_USER (ID,NAME,EMAIL,PHONE_NUMBER,PERMISSION_ID,LAST_LOCATION_ID,PASSWORD) VALUES (786,'Adena Berger','Nunc.mauris@augueeu.co.uk',19853012916,2,0,'est mauris,');
INSERT INTO CB_USER (ID,NAME,EMAIL,PHONE_NUMBER,PERMISSION_ID,LAST_LOCATION_ID,PASSWORD) VALUES (787,'Frances Johnston','Donec@faucibuslectusa.com',10226701605,2,0,'ipsum cursus vestibulum.');
INSERT INTO CB_USER (ID,NAME,EMAIL,PHONE_NUMBER,PERMISSION_ID,LAST_LOCATION_ID,PASSWORD) VALUES (788,'Britanney Whitney','fermentum@Praesenteu.net',14483356839,2,0,'Quisque');
INSERT INTO CB_USER (ID,NAME,EMAIL,PHONE_NUMBER,PERMISSION_ID,LAST_LOCATION_ID,PASSWORD) VALUES (789,'Len Barnett','Cum.sociis.natoque@cubiliaCurae.org',15622515818,2,0,'vel pede blandit');
INSERT INTO CB_USER (ID,NAME,EMAIL,PHONE_NUMBER,PERMISSION_ID,LAST_LOCATION_ID,PASSWORD) VALUES (790,'Price Valenzuela','nec.leo@nec.ca',12180998716,2,0,'Cum');
INSERT INTO CB_USER (ID,NAME,EMAIL,PHONE_NUMBER,PERMISSION_ID,LAST_LOCATION_ID,PASSWORD) VALUES (791,'Camille Wheeler','Pellentesque.tincidunt@ultriciesornareelit.co.uk',14342325046,2,0,'vitae diam. Proin');
INSERT INTO CB_USER (ID,NAME,EMAIL,PHONE_NUMBER,PERMISSION_ID,LAST_LOCATION_ID,PASSWORD) VALUES (792,'Baker Lowe','fringilla.cursus@liberonec.edu',10363184679,2,0,'Nunc mauris sapien, cursus');
INSERT INTO CB_USER (ID,NAME,EMAIL,PHONE_NUMBER,PERMISSION_ID,LAST_LOCATION_ID,PASSWORD) VALUES (793,'Audrey Gibbs','orci.in@loremloremluctus.edu',16436543213,2,0,'tempor arcu. Vestibulum');
INSERT INTO CB_USER (ID,NAME,EMAIL,PHONE_NUMBER,PERMISSION_ID,LAST_LOCATION_ID,PASSWORD) VALUES (794,'Keiko Stephenson','suscipit@euarcu.ca',17876257822,2,0,'tempus risus. Donec egestas.');
INSERT INTO CB_USER (ID,NAME,EMAIL,PHONE_NUMBER,PERMISSION_ID,LAST_LOCATION_ID,PASSWORD) VALUES (795,'Denise Mcguire','elementum.lorem.ut@faucibusorci.net',15679835831,2,0,'Aliquam');
INSERT INTO CB_USER (ID,NAME,EMAIL,PHONE_NUMBER,PERMISSION_ID,LAST_LOCATION_ID,PASSWORD) VALUES (796,'Ferdinand Weaver','lorem@Maurisblandit.co.uk',19903053055,2,0,'dictum');
INSERT INTO CB_USER (ID,NAME,EMAIL,PHONE_NUMBER,PERMISSION_ID,LAST_LOCATION_ID,PASSWORD) VALUES (797,'Theodore Roberson','amet.ultricies@massa.ca',19239939005,2,0,'magnis dis');
INSERT INTO CB_USER (ID,NAME,EMAIL,PHONE_NUMBER,PERMISSION_ID,LAST_LOCATION_ID,PASSWORD) VALUES (798,'Jerome Weiss','mi.pede@non.edu',15001556724,2,0,'magna nec quam.');
INSERT INTO CB_USER (ID,NAME,EMAIL,PHONE_NUMBER,PERMISSION_ID,LAST_LOCATION_ID,PASSWORD) VALUES (799,'Simon Hensley','ultrices.Vivamus@suscipit.ca',11980876531,2,0,'libero. Integer in');
INSERT INTO CB_USER (ID,NAME,EMAIL,PHONE_NUMBER,PERMISSION_ID,LAST_LOCATION_ID,PASSWORD) VALUES (800,'Stacy Tucker','sit.amet@vel.edu',12639635778,2,0,'ut');
INSERT INTO CB_USER (ID,NAME,EMAIL,PHONE_NUMBER,PERMISSION_ID,LAST_LOCATION_ID,PASSWORD) VALUES (801,'Kaitlin Mcpherson','Integer.aliquam@fringillaporttitor.org',14464349165,2,0,'non lorem vitae');
INSERT INTO CB_USER (ID,NAME,EMAIL,PHONE_NUMBER,PERMISSION_ID,LAST_LOCATION_ID,PASSWORD) VALUES (802,'Leroy Jimenez','odio.sagittis@vehicula.net',10140916476,2,0,'nostra, per');
INSERT INTO CB_USER (ID,NAME,EMAIL,PHONE_NUMBER,PERMISSION_ID,LAST_LOCATION_ID,PASSWORD) VALUES (803,'Chaney Martinez','sapien.Aenean@nibh.net',15417626868,2,0,'tincidunt pede');
INSERT INTO CB_USER (ID,NAME,EMAIL,PHONE_NUMBER,PERMISSION_ID,LAST_LOCATION_ID,PASSWORD) VALUES (804,'Pamela Warren','Praesent.interdum.ligula@sitametconsectetuer.net',18869874389,2,0,'Sed id risus quis');
INSERT INTO CB_USER (ID,NAME,EMAIL,PHONE_NUMBER,PERMISSION_ID,LAST_LOCATION_ID,PASSWORD) VALUES (805,'Petra Mullins','netus.et@arcueu.org',12831119583,2,0,'Mauris');
INSERT INTO CB_USER (ID,NAME,EMAIL,PHONE_NUMBER,PERMISSION_ID,LAST_LOCATION_ID,PASSWORD) VALUES (806,'Kennan Ingram','in@mauris.org',15380638973,2,0,'ac, fermentum vel, mauris.');
INSERT INTO CB_USER (ID,NAME,EMAIL,PHONE_NUMBER,PERMISSION_ID,LAST_LOCATION_ID,PASSWORD) VALUES (807,'Oliver Wiggins','felis.eget@quisurna.edu',10501680830,2,0,'nonummy ultricies');
INSERT INTO CB_USER (ID,NAME,EMAIL,PHONE_NUMBER,PERMISSION_ID,LAST_LOCATION_ID,PASSWORD) VALUES (808,'Ariana Hewitt','Vivamus.non@risusatfringilla.ca',15588397058,2,0,'cursus');
INSERT INTO CB_USER (ID,NAME,EMAIL,PHONE_NUMBER,PERMISSION_ID,LAST_LOCATION_ID,PASSWORD) VALUES (809,'Ruby Gordon','auctor.velit.eget@Nuncquis.org',15761408447,2,0,'ut, nulla. Cras eu');
INSERT INTO CB_USER (ID,NAME,EMAIL,PHONE_NUMBER,PERMISSION_ID,LAST_LOCATION_ID,PASSWORD) VALUES (810,'Benjamin Serrano','interdum@tortoratrisus.net',10396443293,2,0,'consectetuer euismod');
INSERT INTO CB_USER (ID,NAME,EMAIL,PHONE_NUMBER,PERMISSION_ID,LAST_LOCATION_ID,PASSWORD) VALUES (811,'Serina Maddox','blandit.congue@lobortisauguescelerisque.ca',10090897637,2,0,'faucibus id, libero.');
INSERT INTO CB_USER (ID,NAME,EMAIL,PHONE_NUMBER,PERMISSION_ID,LAST_LOCATION_ID,PASSWORD) VALUES (812,'Montana Burke','amet@Nulla.edu',10869955131,2,0,'lorem.');
INSERT INTO CB_USER (ID,NAME,EMAIL,PHONE_NUMBER,PERMISSION_ID,LAST_LOCATION_ID,PASSWORD) VALUES (813,'Azalia Bryan','a.auctor.non@magna.net',10470346664,2,0,'Sed molestie.');
INSERT INTO CB_USER (ID,NAME,EMAIL,PHONE_NUMBER,PERMISSION_ID,LAST_LOCATION_ID,PASSWORD) VALUES (814,'Jaden Watkins','libero@Uttinciduntvehicula.ca',16636976437,2,0,'mi lorem, vehicula et,');
INSERT INTO CB_USER (ID,NAME,EMAIL,PHONE_NUMBER,PERMISSION_ID,LAST_LOCATION_ID,PASSWORD) VALUES (815,'Kirk Barrera','montes.nascetur@sodalespurus.com',17602701448,2,0,'amet ultricies sem');
INSERT INTO CB_USER (ID,NAME,EMAIL,PHONE_NUMBER,PERMISSION_ID,LAST_LOCATION_ID,PASSWORD) VALUES (816,'Frances Mcbride','lectus.pede@imperdietullamcorper.co.uk',18302639849,2,0,'commodo ipsum. Suspendisse');
INSERT INTO CB_USER (ID,NAME,EMAIL,PHONE_NUMBER,PERMISSION_ID,LAST_LOCATION_ID,PASSWORD) VALUES (817,'Axel Cantrell','id.ante.Nunc@Nullamut.com',15391835100,2,0,'elementum purus, accumsan');
INSERT INTO CB_USER (ID,NAME,EMAIL,PHONE_NUMBER,PERMISSION_ID,LAST_LOCATION_ID,PASSWORD) VALUES (818,'Britanni Kidd','augue.eu.tempor@Curabituregestas.org',12948907749,2,0,'erat');
INSERT INTO CB_USER (ID,NAME,EMAIL,PHONE_NUMBER,PERMISSION_ID,LAST_LOCATION_ID,PASSWORD) VALUES (819,'Armand Morris','odio.vel.est@Nullafacilisis.edu',12203165409,2,0,'sapien, cursus in,');
INSERT INTO CB_USER (ID,NAME,EMAIL,PHONE_NUMBER,PERMISSION_ID,LAST_LOCATION_ID,PASSWORD) VALUES (820,'Harrison Weeks','est.mollis.non@aliquetodio.ca',16425383422,2,0,'felis ullamcorper viverra. Maecenas');
INSERT INTO CB_USER (ID,NAME,EMAIL,PHONE_NUMBER,PERMISSION_ID,LAST_LOCATION_ID,PASSWORD) VALUES (821,'Katell Snow','quis.urna@Morbiquis.net',18700800282,2,0,'Vivamus nibh dolor, nonummy');
INSERT INTO CB_USER (ID,NAME,EMAIL,PHONE_NUMBER,PERMISSION_ID,LAST_LOCATION_ID,PASSWORD) VALUES (822,'Moses Short','Donec.elementum.lorem@dictum.edu',13493643529,2,0,'Nam');
INSERT INTO CB_USER (ID,NAME,EMAIL,PHONE_NUMBER,PERMISSION_ID,LAST_LOCATION_ID,PASSWORD) VALUES (823,'Jordan Mcdowell','mattis@sapien.com',10659783706,2,0,'ornare. In');
INSERT INTO CB_USER (ID,NAME,EMAIL,PHONE_NUMBER,PERMISSION_ID,LAST_LOCATION_ID,PASSWORD) VALUES (824,'Austin Jackson','Aliquam@enimconsequatpurus.net',19526940729,2,0,'sem ut');
INSERT INTO CB_USER (ID,NAME,EMAIL,PHONE_NUMBER,PERMISSION_ID,LAST_LOCATION_ID,PASSWORD) VALUES (825,'Quemby Hooper','Aliquam@enimNuncut.org',17261517798,2,0,'magna.');
INSERT INTO CB_USER (ID,NAME,EMAIL,PHONE_NUMBER,PERMISSION_ID,LAST_LOCATION_ID,PASSWORD) VALUES (826,'Meredith Barnett','lorem.vitae@eutelluseu.net',13768850784,2,0,'orci. Phasellus');
INSERT INTO CB_USER (ID,NAME,EMAIL,PHONE_NUMBER,PERMISSION_ID,LAST_LOCATION_ID,PASSWORD) VALUES (827,'Irma Mcfadden','neque.vitae@idenimCurabitur.ca',15182432067,2,0,'ac, eleifend vitae, erat.');
INSERT INTO CB_USER (ID,NAME,EMAIL,PHONE_NUMBER,PERMISSION_ID,LAST_LOCATION_ID,PASSWORD) VALUES (828,'Isabelle Klein','quis.diam.luctus@Curabitursed.com',18662308026,2,0,'Quisque ornare tortor');
INSERT INTO CB_USER (ID,NAME,EMAIL,PHONE_NUMBER,PERMISSION_ID,LAST_LOCATION_ID,PASSWORD) VALUES (829,'Tyler Grimes','ac.metus@Donec.co.uk',15463243863,2,0,'mollis nec, cursus');
INSERT INTO CB_USER (ID,NAME,EMAIL,PHONE_NUMBER,PERMISSION_ID,LAST_LOCATION_ID,PASSWORD) VALUES (830,'Aline Stevenson','sagittis.lobortis.mauris@Crasconvallis.edu',10292190788,2,0,'nec ante blandit viverra.');
INSERT INTO CB_USER (ID,NAME,EMAIL,PHONE_NUMBER,PERMISSION_ID,LAST_LOCATION_ID,PASSWORD) VALUES (831,'Charde Small','Duis.ac@tristiquepellentesque.co.uk',15174228884,2,0,'nulla ante, iaculis');
INSERT INTO CB_USER (ID,NAME,EMAIL,PHONE_NUMBER,PERMISSION_ID,LAST_LOCATION_ID,PASSWORD) VALUES (832,'Francis Conley','ullamcorper.eu.euismod@Nullamvitae.com',10872043534,2,0,'Quisque');
INSERT INTO CB_USER (ID,NAME,EMAIL,PHONE_NUMBER,PERMISSION_ID,LAST_LOCATION_ID,PASSWORD) VALUES (833,'Wayne Fleming','dolor.Quisque.tincidunt@fermentum.org',18409355646,2,0,'laoreet, libero et tristique');
INSERT INTO CB_USER (ID,NAME,EMAIL,PHONE_NUMBER,PERMISSION_ID,LAST_LOCATION_ID,PASSWORD) VALUES (834,'Laurel Riley','blandit.congue@Duisa.co.uk',16147074211,2,0,'placerat, augue. Sed');
INSERT INTO CB_USER (ID,NAME,EMAIL,PHONE_NUMBER,PERMISSION_ID,LAST_LOCATION_ID,PASSWORD) VALUES (835,'Rinah Neal','In@utdolordapibus.ca',17665841268,2,0,'mauris');
INSERT INTO CB_USER (ID,NAME,EMAIL,PHONE_NUMBER,PERMISSION_ID,LAST_LOCATION_ID,PASSWORD) VALUES (836,'Vaughan Mooney','libero.Proin.sed@In.ca',13242726927,2,0,'vulputate');
INSERT INTO CB_USER (ID,NAME,EMAIL,PHONE_NUMBER,PERMISSION_ID,LAST_LOCATION_ID,PASSWORD) VALUES (837,'Wallace Hale','dolor@urnasuscipitnonummy.org',19830021575,2,0,'iaculis odio. Nam');
INSERT INTO CB_USER (ID,NAME,EMAIL,PHONE_NUMBER,PERMISSION_ID,LAST_LOCATION_ID,PASSWORD) VALUES (838,'Adrienne Weeks','Curabitur.sed.tortor@duiFuscediam.co.uk',11411799308,2,0,'augue scelerisque mollis.');
INSERT INTO CB_USER (ID,NAME,EMAIL,PHONE_NUMBER,PERMISSION_ID,LAST_LOCATION_ID,PASSWORD) VALUES (839,'Ferdinand Odom','a.nunc@egestasurnajusto.net',18482813188,2,0,'hymenaeos. Mauris ut');
INSERT INTO CB_USER (ID,NAME,EMAIL,PHONE_NUMBER,PERMISSION_ID,LAST_LOCATION_ID,PASSWORD) VALUES (840,'Kiona Bright','sed@ornare.com',10351702291,2,0,'mauris. Integer sem');
INSERT INTO CB_USER (ID,NAME,EMAIL,PHONE_NUMBER,PERMISSION_ID,LAST_LOCATION_ID,PASSWORD) VALUES (841,'Vaughan Freeman','taciti.sociosqu.ad@Aliquamvulputate.org',10718277329,2,0,'mauris. Morbi non');
INSERT INTO CB_USER (ID,NAME,EMAIL,PHONE_NUMBER,PERMISSION_ID,LAST_LOCATION_ID,PASSWORD) VALUES (842,'Illana Fox','consectetuer.cursus.et@tellussemmollis.edu',15860469197,2,0,'egestas. Sed pharetra,');
INSERT INTO CB_USER (ID,NAME,EMAIL,PHONE_NUMBER,PERMISSION_ID,LAST_LOCATION_ID,PASSWORD) VALUES (843,'Tucker Greene','sollicitudin.orci@maurisidsapien.net',11850025039,2,0,'aliquet');
INSERT INTO CB_USER (ID,NAME,EMAIL,PHONE_NUMBER,PERMISSION_ID,LAST_LOCATION_ID,PASSWORD) VALUES (844,'Noelle Dunn','enim.commodo.hendrerit@elementum.edu',17447221685,2,0,'condimentum eget,');
INSERT INTO CB_USER (ID,NAME,EMAIL,PHONE_NUMBER,PERMISSION_ID,LAST_LOCATION_ID,PASSWORD) VALUES (845,'Chiquita Martinez','nascetur.ridiculus.mus@Integersemelit.com',16605224628,2,0,'eget metus eu');
INSERT INTO CB_USER (ID,NAME,EMAIL,PHONE_NUMBER,PERMISSION_ID,LAST_LOCATION_ID,PASSWORD) VALUES (846,'Elvis Pace','velit@Suspendissesagittis.co.uk',18730713246,2,0,'nec,');
INSERT INTO CB_USER (ID,NAME,EMAIL,PHONE_NUMBER,PERMISSION_ID,LAST_LOCATION_ID,PASSWORD) VALUES (847,'Randall Craig','amet@ullamcorpereu.com',14394131782,2,0,'Mauris');
INSERT INTO CB_USER (ID,NAME,EMAIL,PHONE_NUMBER,PERMISSION_ID,LAST_LOCATION_ID,PASSWORD) VALUES (848,'Kelsie Sellers','rutrum@Sedpharetra.edu',13835394638,2,0,'massa. Vestibulum accumsan neque');
INSERT INTO CB_USER (ID,NAME,EMAIL,PHONE_NUMBER,PERMISSION_ID,LAST_LOCATION_ID,PASSWORD) VALUES (849,'Clayton Cook','lacus@et.com',12659835531,2,0,'amet, dapibus id,');
INSERT INTO CB_USER (ID,NAME,EMAIL,PHONE_NUMBER,PERMISSION_ID,LAST_LOCATION_ID,PASSWORD) VALUES (850,'Kyle Head','Nunc.ac@nibhenim.edu',14048650865,2,0,'mi lacinia');
INSERT INTO CB_USER (ID,NAME,EMAIL,PHONE_NUMBER,PERMISSION_ID,LAST_LOCATION_ID,PASSWORD) VALUES (851,'Sophia Moran','tellus.imperdiet.non@variusorci.edu',11536975386,2,0,'Praesent');
INSERT INTO CB_USER (ID,NAME,EMAIL,PHONE_NUMBER,PERMISSION_ID,LAST_LOCATION_ID,PASSWORD) VALUES (852,'Tiger Brown','urna.Nunc.quis@quam.org',10275765671,2,0,'nonummy ut, molestie');
INSERT INTO CB_USER (ID,NAME,EMAIL,PHONE_NUMBER,PERMISSION_ID,LAST_LOCATION_ID,PASSWORD) VALUES (853,'TaShya Case','sociis.natoque@necmetus.co.uk',13240121985,2,0,'nec ante.');
INSERT INTO CB_USER (ID,NAME,EMAIL,PHONE_NUMBER,PERMISSION_ID,LAST_LOCATION_ID,PASSWORD) VALUES (854,'Xenos Cobb','et.lacinia.vitae@metusIn.org',12964173425,2,0,'hendrerit id, ante. Nunc');
INSERT INTO CB_USER (ID,NAME,EMAIL,PHONE_NUMBER,PERMISSION_ID,LAST_LOCATION_ID,PASSWORD) VALUES (855,'Kaitlin Hahn','Pellentesque@aarcu.edu',10530178123,2,0,'elit. Curabitur');
INSERT INTO CB_USER (ID,NAME,EMAIL,PHONE_NUMBER,PERMISSION_ID,LAST_LOCATION_ID,PASSWORD) VALUES (856,'Melvin Haney','dictum@ornareFusce.ca',12065787916,2,0,'vestibulum lorem, sit amet');
INSERT INTO CB_USER (ID,NAME,EMAIL,PHONE_NUMBER,PERMISSION_ID,LAST_LOCATION_ID,PASSWORD) VALUES (857,'Kai Vaughn','et.pede@quisaccumsan.ca',16983197108,2,0,'Integer sem elit, pharetra');
INSERT INTO CB_USER (ID,NAME,EMAIL,PHONE_NUMBER,PERMISSION_ID,LAST_LOCATION_ID,PASSWORD) VALUES (858,'Justina Hopper','enim.consequat@vitaepurus.net',12259981837,2,0,'malesuada malesuada.');
INSERT INTO CB_USER (ID,NAME,EMAIL,PHONE_NUMBER,PERMISSION_ID,LAST_LOCATION_ID,PASSWORD) VALUES (859,'Grant Wilder','diam.luctus.lobortis@laciniavitae.edu',12065971479,2,0,'Aliquam nec enim.');
INSERT INTO CB_USER (ID,NAME,EMAIL,PHONE_NUMBER,PERMISSION_ID,LAST_LOCATION_ID,PASSWORD) VALUES (860,'Tatum Watkins','neque.pellentesque@nec.org',10467609530,2,0,'Lorem ipsum dolor sit');
INSERT INTO CB_USER (ID,NAME,EMAIL,PHONE_NUMBER,PERMISSION_ID,LAST_LOCATION_ID,PASSWORD) VALUES (861,'Valentine Merrill','ligula.Aenean@vitaeerat.com',18156531742,2,0,'elit');
INSERT INTO CB_USER (ID,NAME,EMAIL,PHONE_NUMBER,PERMISSION_ID,LAST_LOCATION_ID,PASSWORD) VALUES (862,'Mufutau Chan','imperdiet.non@sollicitudin.co.uk',11349364943,2,0,'blandit');
INSERT INTO CB_USER (ID,NAME,EMAIL,PHONE_NUMBER,PERMISSION_ID,LAST_LOCATION_ID,PASSWORD) VALUES (863,'Elton Brock','nec@dictummi.co.uk',18775373125,2,0,'sit amet, risus. Donec');
INSERT INTO CB_USER (ID,NAME,EMAIL,PHONE_NUMBER,PERMISSION_ID,LAST_LOCATION_ID,PASSWORD) VALUES (864,'Xena Conway','Sed.id@Quisquefringilla.com',14854874043,2,0,'nec quam.');
INSERT INTO CB_USER (ID,NAME,EMAIL,PHONE_NUMBER,PERMISSION_ID,LAST_LOCATION_ID,PASSWORD) VALUES (865,'Mira Charles','orci.Phasellus@orciadipiscingnon.net',16780981859,2,0,'parturient montes,');
INSERT INTO CB_USER (ID,NAME,EMAIL,PHONE_NUMBER,PERMISSION_ID,LAST_LOCATION_ID,PASSWORD) VALUES (866,'Shea Singleton','quis@a.org',19647456380,2,0,'vitae,');
INSERT INTO CB_USER (ID,NAME,EMAIL,PHONE_NUMBER,PERMISSION_ID,LAST_LOCATION_ID,PASSWORD) VALUES (867,'Madeline Nicholson','montes@AeneanmassaInteger.org',19072094174,2,0,'leo. Cras');
INSERT INTO CB_USER (ID,NAME,EMAIL,PHONE_NUMBER,PERMISSION_ID,LAST_LOCATION_ID,PASSWORD) VALUES (868,'Angela Marsh','ridiculus@rhoncusid.net',19211584507,2,0,'ornare, lectus ante dictum');
INSERT INTO CB_USER (ID,NAME,EMAIL,PHONE_NUMBER,PERMISSION_ID,LAST_LOCATION_ID,PASSWORD) VALUES (869,'Demetrius Brock','risus@malesuada.edu',11380646764,2,0,'luctus ut, pellentesque');
INSERT INTO CB_USER (ID,NAME,EMAIL,PHONE_NUMBER,PERMISSION_ID,LAST_LOCATION_ID,PASSWORD) VALUES (870,'Gillian Williamson','diam.Pellentesque@ridiculusmusAenean.net',12394581479,2,0,'dolor.');
INSERT INTO CB_USER (ID,NAME,EMAIL,PHONE_NUMBER,PERMISSION_ID,LAST_LOCATION_ID,PASSWORD) VALUES (871,'Alyssa Hutchinson','scelerisque.neque@ipsumnunc.ca',19114507586,2,0,'vitae');
INSERT INTO CB_USER (ID,NAME,EMAIL,PHONE_NUMBER,PERMISSION_ID,LAST_LOCATION_ID,PASSWORD) VALUES (872,'Evan Riggs','dui@euismodurna.net',14264883478,2,0,'massa. Integer vitae nibh.');
INSERT INTO CB_USER (ID,NAME,EMAIL,PHONE_NUMBER,PERMISSION_ID,LAST_LOCATION_ID,PASSWORD) VALUES (873,'Sade Middleton','natoque@magnaSuspendisse.ca',16079002032,2,0,'in');
INSERT INTO CB_USER (ID,NAME,EMAIL,PHONE_NUMBER,PERMISSION_ID,LAST_LOCATION_ID,PASSWORD) VALUES (874,'Shellie Macdonald','fermentum.risus@eratsemper.org',19893316753,2,0,'egestas, urna');
INSERT INTO CB_USER (ID,NAME,EMAIL,PHONE_NUMBER,PERMISSION_ID,LAST_LOCATION_ID,PASSWORD) VALUES (875,'Cadman Workman','eu.sem@congueelitsed.com',14395646541,2,0,'lobortis ultrices. Vivamus');
INSERT INTO CB_USER (ID,NAME,EMAIL,PHONE_NUMBER,PERMISSION_ID,LAST_LOCATION_ID,PASSWORD) VALUES (876,'Kevyn Stanley','gravida.molestie.arcu@Nullafacilisis.com',13588881595,2,0,'purus,');
INSERT INTO CB_USER (ID,NAME,EMAIL,PHONE_NUMBER,PERMISSION_ID,LAST_LOCATION_ID,PASSWORD) VALUES (877,'Eve Raymond','Aliquam.nisl.Nulla@ridiculusmusDonec.co.uk',18827485368,2,0,'eu enim.');
INSERT INTO CB_USER (ID,NAME,EMAIL,PHONE_NUMBER,PERMISSION_ID,LAST_LOCATION_ID,PASSWORD) VALUES (878,'Camden Todd','egestas@facilisismagna.co.uk',18352292190,2,0,'dapibus gravida. Aliquam');
INSERT INTO CB_USER (ID,NAME,EMAIL,PHONE_NUMBER,PERMISSION_ID,LAST_LOCATION_ID,PASSWORD) VALUES (879,'Gannon Webb','Fusce.dolor.quam@Morbi.ca',15788951181,2,0,'eget lacus.');
INSERT INTO CB_USER (ID,NAME,EMAIL,PHONE_NUMBER,PERMISSION_ID,LAST_LOCATION_ID,PASSWORD) VALUES (880,'Bert Berger','est@auctornonfeugiat.ca',15755597781,2,0,'gravida. Aliquam');
INSERT INTO CB_USER (ID,NAME,EMAIL,PHONE_NUMBER,PERMISSION_ID,LAST_LOCATION_ID,PASSWORD) VALUES (881,'Randall Rivera','Mauris.molestie@velitAliquamnisl.net',13828222318,2,0,'mi felis, adipiscing');
INSERT INTO CB_USER (ID,NAME,EMAIL,PHONE_NUMBER,PERMISSION_ID,LAST_LOCATION_ID,PASSWORD) VALUES (882,'Cain Wilkerson','mi@Phasellusfermentumconvallis.co.uk',10634930497,2,0,'Nunc laoreet');
INSERT INTO CB_USER (ID,NAME,EMAIL,PHONE_NUMBER,PERMISSION_ID,LAST_LOCATION_ID,PASSWORD) VALUES (883,'Denton Booker','ipsum.Suspendisse@ligulaelitpretium.co.uk',11121363695,2,0,'Fusce dolor quam, elementum');
INSERT INTO CB_USER (ID,NAME,EMAIL,PHONE_NUMBER,PERMISSION_ID,LAST_LOCATION_ID,PASSWORD) VALUES (884,'Asher Alvarez','lacus.Quisque.imperdiet@Etiam.co.uk',14895898909,2,0,'Maecenas ornare egestas');
INSERT INTO CB_USER (ID,NAME,EMAIL,PHONE_NUMBER,PERMISSION_ID,LAST_LOCATION_ID,PASSWORD) VALUES (885,'Yardley Coffey','id.ante@dui.org',10989435035,2,0,'libero. Proin mi.');
INSERT INTO CB_USER (ID,NAME,EMAIL,PHONE_NUMBER,PERMISSION_ID,LAST_LOCATION_ID,PASSWORD) VALUES (886,'Leslie Talley','mus.Proin.vel@acurna.co.uk',19177859342,2,0,'in faucibus');
INSERT INTO CB_USER (ID,NAME,EMAIL,PHONE_NUMBER,PERMISSION_ID,LAST_LOCATION_ID,PASSWORD) VALUES (887,'Fatima Gallegos','molestie.tortor.nibh@amet.org',14201815394,2,0,'sed tortor. Integer');
INSERT INTO CB_USER (ID,NAME,EMAIL,PHONE_NUMBER,PERMISSION_ID,LAST_LOCATION_ID,PASSWORD) VALUES (888,'Richard Fulton','arcu.imperdiet.ullamcorper@ac.co.uk',14453855338,2,0,'ac turpis egestas.');
INSERT INTO CB_USER (ID,NAME,EMAIL,PHONE_NUMBER,PERMISSION_ID,LAST_LOCATION_ID,PASSWORD) VALUES (889,'Sonya Alexander','massa.Mauris@ligulaDonec.edu',10256443261,2,0,'amet ultricies sem');
INSERT INTO CB_USER (ID,NAME,EMAIL,PHONE_NUMBER,PERMISSION_ID,LAST_LOCATION_ID,PASSWORD) VALUES (890,'Sasha Valentine','torquent.per@ipsumDonec.org',19695813065,2,0,'Aliquam auctor,');
INSERT INTO CB_USER (ID,NAME,EMAIL,PHONE_NUMBER,PERMISSION_ID,LAST_LOCATION_ID,PASSWORD) VALUES (891,'Giselle Carney','amet.consectetuer@ametorci.edu',12686997913,2,0,'mauris');
INSERT INTO CB_USER (ID,NAME,EMAIL,PHONE_NUMBER,PERMISSION_ID,LAST_LOCATION_ID,PASSWORD) VALUES (892,'Asher Booker','Mauris.nulla@Nunclaoreetlectus.ca',17134560831,2,0,'varius et, euismod et,');
INSERT INTO CB_USER (ID,NAME,EMAIL,PHONE_NUMBER,PERMISSION_ID,LAST_LOCATION_ID,PASSWORD) VALUES (893,'Hope Salinas','varius.et.euismod@eget.net',13214560305,2,0,'pede. Cras vulputate');
INSERT INTO CB_USER (ID,NAME,EMAIL,PHONE_NUMBER,PERMISSION_ID,LAST_LOCATION_ID,PASSWORD) VALUES (894,'Constance Lynch','nonummy.ut@variusultrices.edu',15459991493,2,0,'mauris, rhoncus');
INSERT INTO CB_USER (ID,NAME,EMAIL,PHONE_NUMBER,PERMISSION_ID,LAST_LOCATION_ID,PASSWORD) VALUES (895,'Isaac Cline','risus.a.ultricies@sedpede.edu',14235119442,2,0,'neque');
INSERT INTO CB_USER (ID,NAME,EMAIL,PHONE_NUMBER,PERMISSION_ID,LAST_LOCATION_ID,PASSWORD) VALUES (896,'Wayne Hess','ante.lectus.convallis@cursusa.net',12744321674,2,0,'Mauris');
INSERT INTO CB_USER (ID,NAME,EMAIL,PHONE_NUMBER,PERMISSION_ID,LAST_LOCATION_ID,PASSWORD) VALUES (897,'Hamilton Coleman','at.velit.Cras@convallisdolorQuisque.com',17696630825,2,0,'sed tortor. Integer aliquam');
INSERT INTO CB_USER (ID,NAME,EMAIL,PHONE_NUMBER,PERMISSION_ID,LAST_LOCATION_ID,PASSWORD) VALUES (898,'Melodie Sears','Nunc.pulvinar@tortornibh.ca',15514477235,2,0,'dolor.');
INSERT INTO CB_USER (ID,NAME,EMAIL,PHONE_NUMBER,PERMISSION_ID,LAST_LOCATION_ID,PASSWORD) VALUES (899,'Shoshana Mueller','ligula.Aenean.euismod@vestibulum.org',11921955738,2,0,'non, hendrerit');
INSERT INTO CB_USER (ID,NAME,EMAIL,PHONE_NUMBER,PERMISSION_ID,LAST_LOCATION_ID,PASSWORD) VALUES (900,'Galvin Bernard','fermentum@ametconsectetueradipiscing.co.uk',10547411781,2,0,'non, feugiat nec, diam.');
INSERT INTO CB_USER (ID,NAME,EMAIL,PHONE_NUMBER,PERMISSION_ID,LAST_LOCATION_ID,PASSWORD) VALUES (901,'Gareth Downs','orci@NullaaliquetProin.net',17430361100,2,0,'velit. Pellentesque');
INSERT INTO CB_USER (ID,NAME,EMAIL,PHONE_NUMBER,PERMISSION_ID,LAST_LOCATION_ID,PASSWORD) VALUES (902,'Jerome Hurst','Suspendisse.dui.Fusce@etarcuimperdiet.edu',15277856402,2,0,'facilisis, magna tellus');
INSERT INTO CB_USER (ID,NAME,EMAIL,PHONE_NUMBER,PERMISSION_ID,LAST_LOCATION_ID,PASSWORD) VALUES (903,'Hilda Nolan','Quisque.ornare@nequeetnunc.org',17010506545,2,0,'dui. Cum');
INSERT INTO CB_USER (ID,NAME,EMAIL,PHONE_NUMBER,PERMISSION_ID,LAST_LOCATION_ID,PASSWORD) VALUES (904,'Ainsley Hodge','mus@Ut.net',17379718647,2,0,'purus');
INSERT INTO CB_USER (ID,NAME,EMAIL,PHONE_NUMBER,PERMISSION_ID,LAST_LOCATION_ID,PASSWORD) VALUES (905,'Magee Harrison','lobortis.augue@ataugue.co.uk',16755329236,2,0,'nibh.');
INSERT INTO CB_USER (ID,NAME,EMAIL,PHONE_NUMBER,PERMISSION_ID,LAST_LOCATION_ID,PASSWORD) VALUES (906,'Imani Harper','enim.Etiam@porttitor.ca',18998626573,2,0,'Vestibulum ante ipsum');
INSERT INTO CB_USER (ID,NAME,EMAIL,PHONE_NUMBER,PERMISSION_ID,LAST_LOCATION_ID,PASSWORD) VALUES (907,'Shad Velazquez','non@orci.edu',17248647912,2,0,'pede, nonummy ut,');
INSERT INTO CB_USER (ID,NAME,EMAIL,PHONE_NUMBER,PERMISSION_ID,LAST_LOCATION_ID,PASSWORD) VALUES (908,'Brynn Owens','turpis@Nuncsollicitudincommodo.com',19353538217,2,0,'est tempor bibendum.');
INSERT INTO CB_USER (ID,NAME,EMAIL,PHONE_NUMBER,PERMISSION_ID,LAST_LOCATION_ID,PASSWORD) VALUES (909,'Alisa Craig','eu@Proin.edu',15984333842,2,0,'nulla. Integer vulputate, risus');
INSERT INTO CB_USER (ID,NAME,EMAIL,PHONE_NUMBER,PERMISSION_ID,LAST_LOCATION_ID,PASSWORD) VALUES (910,'May Washington','sociis@aliquetliberoInteger.net',19941725676,2,0,'tincidunt dui augue eu');
INSERT INTO CB_USER (ID,NAME,EMAIL,PHONE_NUMBER,PERMISSION_ID,LAST_LOCATION_ID,PASSWORD) VALUES (911,'Zorita Macdonald','malesuada@dis.com',14174157521,2,0,'suscipit, est ac facilisis');
INSERT INTO CB_USER (ID,NAME,EMAIL,PHONE_NUMBER,PERMISSION_ID,LAST_LOCATION_ID,PASSWORD) VALUES (912,'Ray Newman','vitae.erat.vel@Suspendissetristiqueneque.com',12013721741,2,0,'lorem semper auctor.');
INSERT INTO CB_USER (ID,NAME,EMAIL,PHONE_NUMBER,PERMISSION_ID,LAST_LOCATION_ID,PASSWORD) VALUES (913,'Janna Howard','aliquam.adipiscing.lacus@Sed.org',13513306086,2,0,'Cras');
INSERT INTO CB_USER (ID,NAME,EMAIL,PHONE_NUMBER,PERMISSION_ID,LAST_LOCATION_ID,PASSWORD) VALUES (914,'Kessie Barnett','egestas.Aliquam@Vivamus.edu',15155136227,2,0,'Integer');
INSERT INTO CB_USER (ID,NAME,EMAIL,PHONE_NUMBER,PERMISSION_ID,LAST_LOCATION_ID,PASSWORD) VALUES (915,'Xerxes Dale','pharetra.Quisque.ac@Phasellus.org',14763113256,2,0,'Phasellus fermentum convallis ligula.');
INSERT INTO CB_USER (ID,NAME,EMAIL,PHONE_NUMBER,PERMISSION_ID,LAST_LOCATION_ID,PASSWORD) VALUES (916,'Paloma Woodward','sed.sapien.Nunc@Curabitur.ca',12392416210,2,0,'consectetuer adipiscing elit. Curabitur');
INSERT INTO CB_USER (ID,NAME,EMAIL,PHONE_NUMBER,PERMISSION_ID,LAST_LOCATION_ID,PASSWORD) VALUES (917,'Grace Mccoy','eleifend@orcilobortis.org',15467576832,2,0,'ante. Nunc mauris sapien,');
INSERT INTO CB_USER (ID,NAME,EMAIL,PHONE_NUMBER,PERMISSION_ID,LAST_LOCATION_ID,PASSWORD) VALUES (918,'Jaime Romero','sem.consequat@penatibuset.com',17290074695,2,0,'sagittis semper. Nam');
INSERT INTO CB_USER (ID,NAME,EMAIL,PHONE_NUMBER,PERMISSION_ID,LAST_LOCATION_ID,PASSWORD) VALUES (919,'Hanae Wynn','libero@augue.edu',19627429313,2,0,'felis. Donec tempor,');
INSERT INTO CB_USER (ID,NAME,EMAIL,PHONE_NUMBER,PERMISSION_ID,LAST_LOCATION_ID,PASSWORD) VALUES (920,'Tashya Alford','erat.in.consectetuer@mifringillami.net',19895458520,2,0,'diam. Pellentesque habitant morbi');
INSERT INTO CB_USER (ID,NAME,EMAIL,PHONE_NUMBER,PERMISSION_ID,LAST_LOCATION_ID,PASSWORD) VALUES (921,'Abdul Leonard','habitant.morbi.tristique@Phasellusornare.net',12909802114,2,0,'amet');
INSERT INTO CB_USER (ID,NAME,EMAIL,PHONE_NUMBER,PERMISSION_ID,LAST_LOCATION_ID,PASSWORD) VALUES (922,'Denton Knight','elit.pretium.et@metusvitaevelit.ca',11080249459,2,0,'sed, sapien.');
INSERT INTO CB_USER (ID,NAME,EMAIL,PHONE_NUMBER,PERMISSION_ID,LAST_LOCATION_ID,PASSWORD) VALUES (923,'Emerson Bright','Duis.volutpat.nunc@etarcu.edu',18265363397,2,0,'eu,');
INSERT INTO CB_USER (ID,NAME,EMAIL,PHONE_NUMBER,PERMISSION_ID,LAST_LOCATION_ID,PASSWORD) VALUES (924,'Shellie Wilson','Class.aptent@amet.com',10922568701,2,0,'quam dignissim pharetra. Nam');
INSERT INTO CB_USER (ID,NAME,EMAIL,PHONE_NUMBER,PERMISSION_ID,LAST_LOCATION_ID,PASSWORD) VALUES (925,'Hayes Guerrero','tristique.ac@In.ca',18709266978,2,0,'sed tortor. Integer aliquam');
INSERT INTO CB_USER (ID,NAME,EMAIL,PHONE_NUMBER,PERMISSION_ID,LAST_LOCATION_ID,PASSWORD) VALUES (926,'Clinton Rosa','eros.Nam@odiosagittissemper.net',15852399920,2,0,'in');
INSERT INTO CB_USER (ID,NAME,EMAIL,PHONE_NUMBER,PERMISSION_ID,LAST_LOCATION_ID,PASSWORD) VALUES (927,'Erica Hunt','Proin.ultrices.Duis@duiaugue.org',15793571984,2,0,'enim. Suspendisse');
INSERT INTO CB_USER (ID,NAME,EMAIL,PHONE_NUMBER,PERMISSION_ID,LAST_LOCATION_ID,PASSWORD) VALUES (928,'Christopher Watts','consectetuer@semperegestas.com',18955135355,2,0,'facilisi. Sed neque.');
INSERT INTO CB_USER (ID,NAME,EMAIL,PHONE_NUMBER,PERMISSION_ID,LAST_LOCATION_ID,PASSWORD) VALUES (929,'Valentine Espinoza','nisi.Cum@Classaptenttaciti.net',14478931152,2,0,'neque et nunc.');
INSERT INTO CB_USER (ID,NAME,EMAIL,PHONE_NUMBER,PERMISSION_ID,LAST_LOCATION_ID,PASSWORD) VALUES (930,'Grant Pena','mauris@utnulla.co.uk',12417669785,2,0,'Sed molestie. Sed');
INSERT INTO CB_USER (ID,NAME,EMAIL,PHONE_NUMBER,PERMISSION_ID,LAST_LOCATION_ID,PASSWORD) VALUES (931,'Arden Powell','pede@vitaevelit.edu',10375660029,2,0,'ut eros non');
INSERT INTO CB_USER (ID,NAME,EMAIL,PHONE_NUMBER,PERMISSION_ID,LAST_LOCATION_ID,PASSWORD) VALUES (932,'Wynne Schultz','non.ante.bibendum@sem.net',11548774768,2,0,'lectus.');
INSERT INTO CB_USER (ID,NAME,EMAIL,PHONE_NUMBER,PERMISSION_ID,LAST_LOCATION_ID,PASSWORD) VALUES (933,'Dale Zamora','Nunc.lectus.pede@lectus.ca',10292443744,2,0,'Nunc quis');
INSERT INTO CB_USER (ID,NAME,EMAIL,PHONE_NUMBER,PERMISSION_ID,LAST_LOCATION_ID,PASSWORD) VALUES (934,'Lane Howard','rhoncus.Nullam@aliquamenimnec.org',13677998730,2,0,'netus et malesuada');
INSERT INTO CB_USER (ID,NAME,EMAIL,PHONE_NUMBER,PERMISSION_ID,LAST_LOCATION_ID,PASSWORD) VALUES (935,'Gabriel Haynes','et.magnis.dis@et.net',14396704612,2,0,'justo. Praesent luctus. Curabitur');
INSERT INTO CB_USER (ID,NAME,EMAIL,PHONE_NUMBER,PERMISSION_ID,LAST_LOCATION_ID,PASSWORD) VALUES (936,'Leonard Mcclure','ut.sem.Nulla@quisturpis.com',18849795559,2,0,'Cras');
INSERT INTO CB_USER (ID,NAME,EMAIL,PHONE_NUMBER,PERMISSION_ID,LAST_LOCATION_ID,PASSWORD) VALUES (937,'Dieter Herrera','Quisque.ac.libero@atiaculisquis.net',12776672914,2,0,'dictum cursus. Nunc mauris');
INSERT INTO CB_USER (ID,NAME,EMAIL,PHONE_NUMBER,PERMISSION_ID,LAST_LOCATION_ID,PASSWORD) VALUES (938,'Nayda Fowler','Aliquam.ornare.libero@quispedeSuspendisse.com',13722293675,2,0,'elit, a feugiat');
INSERT INTO CB_USER (ID,NAME,EMAIL,PHONE_NUMBER,PERMISSION_ID,LAST_LOCATION_ID,PASSWORD) VALUES (939,'Cameron Goodman','ante@et.ca',18373322431,2,0,'velit justo nec');
INSERT INTO CB_USER (ID,NAME,EMAIL,PHONE_NUMBER,PERMISSION_ID,LAST_LOCATION_ID,PASSWORD) VALUES (940,'Lynn Greene','leo@anteVivamusnon.co.uk',16165545574,2,0,'id, mollis');
INSERT INTO CB_USER (ID,NAME,EMAIL,PHONE_NUMBER,PERMISSION_ID,LAST_LOCATION_ID,PASSWORD) VALUES (941,'Nichole Stokes','lacus.pede.sagittis@Suspendissesagittis.net',13860398559,2,0,'Donec est. Nunc ullamcorper,');
INSERT INTO CB_USER (ID,NAME,EMAIL,PHONE_NUMBER,PERMISSION_ID,LAST_LOCATION_ID,PASSWORD) VALUES (942,'Halee Daniels','non.lorem.vitae@Curabitur.com',19551732154,2,0,'a, dui.');
INSERT INTO CB_USER (ID,NAME,EMAIL,PHONE_NUMBER,PERMISSION_ID,LAST_LOCATION_ID,PASSWORD) VALUES (943,'Christopher Tran','sit.amet.ultricies@ornare.org',11220514825,2,0,'purus ac tellus. Suspendisse');
INSERT INTO CB_USER (ID,NAME,EMAIL,PHONE_NUMBER,PERMISSION_ID,LAST_LOCATION_ID,PASSWORD) VALUES (944,'Hunter Lawson','sit@ultriciesdignissimlacus.org',11765505131,2,0,'magna. Phasellus dolor elit,');
INSERT INTO CB_USER (ID,NAME,EMAIL,PHONE_NUMBER,PERMISSION_ID,LAST_LOCATION_ID,PASSWORD) VALUES (945,'Willa Chavez','sem.vitae.aliquam@sapiengravidanon.co.uk',15503543550,2,0,'placerat. Cras');
INSERT INTO CB_USER (ID,NAME,EMAIL,PHONE_NUMBER,PERMISSION_ID,LAST_LOCATION_ID,PASSWORD) VALUES (946,'Macaulay Richard','vehicula@porttitorscelerisqueneque.co.uk',15821704995,2,0,'Proin ultrices. Duis volutpat');
INSERT INTO CB_USER (ID,NAME,EMAIL,PHONE_NUMBER,PERMISSION_ID,LAST_LOCATION_ID,PASSWORD) VALUES (947,'James Velazquez','dui.Fusce@Nuncmauris.edu',19027912915,2,0,'consectetuer euismod est');
INSERT INTO CB_USER (ID,NAME,EMAIL,PHONE_NUMBER,PERMISSION_ID,LAST_LOCATION_ID,PASSWORD) VALUES (948,'Orla Skinner','Donec@urnanecluctus.net',19645407163,2,0,'vulputate, nisi sem semper');
INSERT INTO CB_USER (ID,NAME,EMAIL,PHONE_NUMBER,PERMISSION_ID,LAST_LOCATION_ID,PASSWORD) VALUES (949,'Jerome Stevens','pede.nec.ante@Phasellusdolor.ca',14213021090,2,0,'turpis non enim. Mauris');
INSERT INTO CB_USER (ID,NAME,EMAIL,PHONE_NUMBER,PERMISSION_ID,LAST_LOCATION_ID,PASSWORD) VALUES (950,'Howard Oneil','feugiat@seddui.co.uk',13296374115,2,0,'Duis');
INSERT INTO CB_USER (ID,NAME,EMAIL,PHONE_NUMBER,PERMISSION_ID,LAST_LOCATION_ID,PASSWORD) VALUES (951,'Calvin Meyer','montes.nascetur@luctus.ca',14247245630,2,0,'vulputate velit eu sem.');
INSERT INTO CB_USER (ID,NAME,EMAIL,PHONE_NUMBER,PERMISSION_ID,LAST_LOCATION_ID,PASSWORD) VALUES (952,'Candace Austin','posuere.cubilia.Curae@atlacusQuisque.org',12730974215,2,0,'Suspendisse');
INSERT INTO CB_USER (ID,NAME,EMAIL,PHONE_NUMBER,PERMISSION_ID,LAST_LOCATION_ID,PASSWORD) VALUES (953,'Dara Craft','posuere@Suspendissecommodotincidunt.ca',16715061031,2,0,'montes, nascetur');
INSERT INTO CB_USER (ID,NAME,EMAIL,PHONE_NUMBER,PERMISSION_ID,LAST_LOCATION_ID,PASSWORD) VALUES (954,'Phyllis Marsh','Curae.Donec.tincidunt@lobortis.co.uk',14233666160,2,0,'mi');
INSERT INTO CB_USER (ID,NAME,EMAIL,PHONE_NUMBER,PERMISSION_ID,LAST_LOCATION_ID,PASSWORD) VALUES (955,'Eleanor Armstrong','nibh@nondapibus.org',18835024052,2,0,'Morbi quis urna.');
INSERT INTO CB_USER (ID,NAME,EMAIL,PHONE_NUMBER,PERMISSION_ID,LAST_LOCATION_ID,PASSWORD) VALUES (956,'Carter Hudson','placerat.orci.lacus@ultriciesdignissimlacus.com',14078597622,2,0,'Integer urna. Vivamus');
INSERT INTO CB_USER (ID,NAME,EMAIL,PHONE_NUMBER,PERMISSION_ID,LAST_LOCATION_ID,PASSWORD) VALUES (957,'Kitra Boone','et.pede@turpis.edu',15260673622,2,0,'aliquet. Proin velit. Sed');
INSERT INTO CB_USER (ID,NAME,EMAIL,PHONE_NUMBER,PERMISSION_ID,LAST_LOCATION_ID,PASSWORD) VALUES (958,'Beatrice Shannon','libero.mauris.aliquam@magnaetipsum.ca',15660228455,2,0,'a,');
INSERT INTO CB_USER (ID,NAME,EMAIL,PHONE_NUMBER,PERMISSION_ID,LAST_LOCATION_ID,PASSWORD) VALUES (959,'Darius Kirkland','nonummy@sitamet.net',12951784255,2,0,'arcu. Aliquam');
INSERT INTO CB_USER (ID,NAME,EMAIL,PHONE_NUMBER,PERMISSION_ID,LAST_LOCATION_ID,PASSWORD) VALUES (960,'Quyn Estrada','orci@Etiam.net',10137181645,2,0,'Nullam feugiat');
INSERT INTO CB_USER (ID,NAME,EMAIL,PHONE_NUMBER,PERMISSION_ID,LAST_LOCATION_ID,PASSWORD) VALUES (961,'Rhiannon Sutton','ultrices.iaculis@placeratvelitQuisque.com',16126384754,2,0,'turpis non enim.');
INSERT INTO CB_USER (ID,NAME,EMAIL,PHONE_NUMBER,PERMISSION_ID,LAST_LOCATION_ID,PASSWORD) VALUES (962,'Sybill Craft','blandit.congue@velvenenatis.co.uk',16618678863,2,0,'eu turpis.');
INSERT INTO CB_USER (ID,NAME,EMAIL,PHONE_NUMBER,PERMISSION_ID,LAST_LOCATION_ID,PASSWORD) VALUES (963,'Kenyon Mcmillan','Praesent.interdum.ligula@consectetuereuismodest.net',14147318434,2,0,'neque tellus,');
INSERT INTO CB_USER (ID,NAME,EMAIL,PHONE_NUMBER,PERMISSION_ID,LAST_LOCATION_ID,PASSWORD) VALUES (964,'Quentin Owens','nulla.Donec@sit.edu',12292653615,2,0,'nec tempus mauris');
INSERT INTO CB_USER (ID,NAME,EMAIL,PHONE_NUMBER,PERMISSION_ID,LAST_LOCATION_ID,PASSWORD) VALUES (965,'Wyoming Gallegos','ipsum@lacusNullatincidunt.net',10694004846,2,0,'Nullam enim. Sed nulla');
INSERT INTO CB_USER (ID,NAME,EMAIL,PHONE_NUMBER,PERMISSION_ID,LAST_LOCATION_ID,PASSWORD) VALUES (966,'Lawrence Sargent','nec.ante@accumsan.co.uk',11374740312,2,0,'erat nonummy ultricies');
INSERT INTO CB_USER (ID,NAME,EMAIL,PHONE_NUMBER,PERMISSION_ID,LAST_LOCATION_ID,PASSWORD) VALUES (967,'Jerry Emerson','arcu@nec.net',18668190348,2,0,'erat volutpat.');
INSERT INTO CB_USER (ID,NAME,EMAIL,PHONE_NUMBER,PERMISSION_ID,LAST_LOCATION_ID,PASSWORD) VALUES (968,'Arsenio Marquez','elit.Etiam.laoreet@malesuadafames.edu',13718697606,2,0,'consequat auctor, nunc nulla');
INSERT INTO CB_USER (ID,NAME,EMAIL,PHONE_NUMBER,PERMISSION_ID,LAST_LOCATION_ID,PASSWORD) VALUES (969,'Courtney Cox','nunc.sed.pede@Nunc.net',16571430708,2,0,'mollis. Integer tincidunt aliquam');
INSERT INTO CB_USER (ID,NAME,EMAIL,PHONE_NUMBER,PERMISSION_ID,LAST_LOCATION_ID,PASSWORD) VALUES (970,'Blair Blackwell','Suspendisse.non@duiquis.net',19416852724,2,0,'nec tempus mauris erat');
INSERT INTO CB_USER (ID,NAME,EMAIL,PHONE_NUMBER,PERMISSION_ID,LAST_LOCATION_ID,PASSWORD) VALUES (971,'Kibo Marquez','Duis@Intincidunt.co.uk',14948595460,2,0,'neque.');
INSERT INTO CB_USER (ID,NAME,EMAIL,PHONE_NUMBER,PERMISSION_ID,LAST_LOCATION_ID,PASSWORD) VALUES (972,'Berk Harvey','faucibus.orci.luctus@magna.ca',14412743081,2,0,'Phasellus vitae mauris sit');
INSERT INTO CB_USER (ID,NAME,EMAIL,PHONE_NUMBER,PERMISSION_ID,LAST_LOCATION_ID,PASSWORD) VALUES (973,'Alexa Vaughan','egestas.blandit@ligulaAenean.org',12721503558,2,0,'velit');
INSERT INTO CB_USER (ID,NAME,EMAIL,PHONE_NUMBER,PERMISSION_ID,LAST_LOCATION_ID,PASSWORD) VALUES (974,'Moses Fuentes','tellus@laoreet.org',12868035794,2,0,'libero. Donec');
INSERT INTO CB_USER (ID,NAME,EMAIL,PHONE_NUMBER,PERMISSION_ID,LAST_LOCATION_ID,PASSWORD) VALUES (975,'Willow Frye','dis.parturient.montes@Duisat.edu',12085887878,2,0,'eu turpis.');
INSERT INTO CB_USER (ID,NAME,EMAIL,PHONE_NUMBER,PERMISSION_ID,LAST_LOCATION_ID,PASSWORD) VALUES (976,'Martin Keller','posuere.at.velit@Etiamligula.co.uk',13423418840,2,0,'Nunc pulvinar');
INSERT INTO CB_USER (ID,NAME,EMAIL,PHONE_NUMBER,PERMISSION_ID,LAST_LOCATION_ID,PASSWORD) VALUES (977,'Baxter Glover','arcu@Vestibulum.co.uk',16245535831,2,0,'bibendum fermentum metus. Aenean');
INSERT INTO CB_USER (ID,NAME,EMAIL,PHONE_NUMBER,PERMISSION_ID,LAST_LOCATION_ID,PASSWORD) VALUES (978,'Rigel Dennis','turpis.Nulla@tinciduntnuncac.com',11949709765,2,0,'aliquet odio. Etiam');
INSERT INTO CB_USER (ID,NAME,EMAIL,PHONE_NUMBER,PERMISSION_ID,LAST_LOCATION_ID,PASSWORD) VALUES (979,'Rigel Logan','eu.odio.Phasellus@velitCras.co.uk',16621188801,2,0,'Vivamus nibh dolor,');
INSERT INTO CB_USER (ID,NAME,EMAIL,PHONE_NUMBER,PERMISSION_ID,LAST_LOCATION_ID,PASSWORD) VALUES (980,'Cally Bernard','et@Namtempor.org',15957197305,2,0,'nec metus');
INSERT INTO CB_USER (ID,NAME,EMAIL,PHONE_NUMBER,PERMISSION_ID,LAST_LOCATION_ID,PASSWORD) VALUES (981,'Alfreda Calhoun','ante.blandit.viverra@molestiesodalesMauris.edu',13683189871,2,0,'at, velit. Cras');
INSERT INTO CB_USER (ID,NAME,EMAIL,PHONE_NUMBER,PERMISSION_ID,LAST_LOCATION_ID,PASSWORD) VALUES (982,'Connor Schultz','sed.tortor.Integer@Sed.org',11120321210,2,0,'Sed');
INSERT INTO CB_USER (ID,NAME,EMAIL,PHONE_NUMBER,PERMISSION_ID,LAST_LOCATION_ID,PASSWORD) VALUES (983,'Barry Crane','mauris@necmalesuada.org',12372789904,2,0,'facilisis');
INSERT INTO CB_USER (ID,NAME,EMAIL,PHONE_NUMBER,PERMISSION_ID,LAST_LOCATION_ID,PASSWORD) VALUES (984,'Mariam West','vel.vulputate@a.co.uk',11576657020,2,0,'hendrerit. Donec porttitor');
INSERT INTO CB_USER (ID,NAME,EMAIL,PHONE_NUMBER,PERMISSION_ID,LAST_LOCATION_ID,PASSWORD) VALUES (985,'Nathaniel Soto','mauris@risus.com',12825767719,2,0,'lorem,');
INSERT INTO CB_USER (ID,NAME,EMAIL,PHONE_NUMBER,PERMISSION_ID,LAST_LOCATION_ID,PASSWORD) VALUES (986,'Rhoda Peck','sociis.natoque@faucibusMorbivehicula.org',16588774226,2,0,'nibh vulputate mauris');
INSERT INTO CB_USER (ID,NAME,EMAIL,PHONE_NUMBER,PERMISSION_ID,LAST_LOCATION_ID,PASSWORD) VALUES (987,'Mannix Montgomery','Proin.nisl@nibhlacinia.com',13204492158,2,0,'Donec est. Nunc');
INSERT INTO CB_USER (ID,NAME,EMAIL,PHONE_NUMBER,PERMISSION_ID,LAST_LOCATION_ID,PASSWORD) VALUES (988,'Brittany Whitehead','Quisque@accumsanneque.org',15574673479,2,0,'Fusce diam');
INSERT INTO CB_USER (ID,NAME,EMAIL,PHONE_NUMBER,PERMISSION_ID,LAST_LOCATION_ID,PASSWORD) VALUES (989,'Harding Holden','Etiam.vestibulum.massa@nonummyipsumnon.net',13956683869,2,0,'Nunc ut erat.');
INSERT INTO CB_USER (ID,NAME,EMAIL,PHONE_NUMBER,PERMISSION_ID,LAST_LOCATION_ID,PASSWORD) VALUES (990,'Harding Boyer','id.enim.Curabitur@senectus.com',15682104314,2,0,'magna.');
INSERT INTO CB_USER (ID,NAME,EMAIL,PHONE_NUMBER,PERMISSION_ID,LAST_LOCATION_ID,PASSWORD) VALUES (991,'Amela Campbell','Nulla@Vestibulum.co.uk',19029674936,2,0,'ipsum. Phasellus vitae mauris');
INSERT INTO CB_USER (ID,NAME,EMAIL,PHONE_NUMBER,PERMISSION_ID,LAST_LOCATION_ID,PASSWORD) VALUES (992,'Stuart May','Nunc.ut@Nullasempertellus.com',10638125748,2,0,'arcu.');
INSERT INTO CB_USER (ID,NAME,EMAIL,PHONE_NUMBER,PERMISSION_ID,LAST_LOCATION_ID,PASSWORD) VALUES (993,'Leonard Strickland','urna.Ut.tincidunt@augueutlacus.edu',17990733087,2,0,'imperdiet,');
INSERT INTO CB_USER (ID,NAME,EMAIL,PHONE_NUMBER,PERMISSION_ID,LAST_LOCATION_ID,PASSWORD) VALUES (994,'Yen Montoya','elit@Maurisnon.com',13503948739,2,0,'Ut sagittis lobortis');
INSERT INTO CB_USER (ID,NAME,EMAIL,PHONE_NUMBER,PERMISSION_ID,LAST_LOCATION_ID,PASSWORD) VALUES (995,'Octavius Dunlap','elementum.at.egestas@sapien.co.uk',10311688249,2,0,'urna. Vivamus molestie');
INSERT INTO CB_USER (ID,NAME,EMAIL,PHONE_NUMBER,PERMISSION_ID,LAST_LOCATION_ID,PASSWORD) VALUES (996,'Reece Goff','risus.In.mi@acnulla.co.uk',15573778702,2,0,'tristique senectus');
INSERT INTO CB_USER (ID,NAME,EMAIL,PHONE_NUMBER,PERMISSION_ID,LAST_LOCATION_ID,PASSWORD) VALUES (997,'Ifeoma Moreno','montes.nascetur.ridiculus@mollis.com',10622352054,2,0,'sodales purus, in');
INSERT INTO CB_USER (ID,NAME,EMAIL,PHONE_NUMBER,PERMISSION_ID,LAST_LOCATION_ID,PASSWORD) VALUES (998,'Ryder Holden','venenatis@neque.ca',13264541770,2,0,'aliquet odio. Etiam');
INSERT INTO CB_USER (ID,NAME,EMAIL,PHONE_NUMBER,PERMISSION_ID,LAST_LOCATION_ID,PASSWORD) VALUES (999,'Jared Foley','nisl.arcu@metusInlorem.net',11256989073,2,0,'fames ac');
INSERT INTO CB_USER (ID,NAME,EMAIL,PHONE_NUMBER,PERMISSION_ID,LAST_LOCATION_ID,PASSWORD) VALUES (1000,'Barrett Ware','ipsum@mattisCras.com',10812660651,2,0,'ligula.');
INSERT INTO CB_USER (ID,NAME,EMAIL,PHONE_NUMBER,PERMISSION_ID,LAST_LOCATION_ID,PASSWORD) VALUES (1001,'Lucius England','risus.Donec.nibh@faucibusorciluctus.net',17487713821,2,0,'mauris. Morbi non');
INSERT INTO CB_USER (ID,NAME,EMAIL,PHONE_NUMBER,PERMISSION_ID,LAST_LOCATION_ID,PASSWORD) VALUES (1002,'Jorden Wooten','ut@rutrum.net',14436394777,2,0,'ipsum porta');

--==========================  Event Data  =====================--

--==========================  EventTime Data  =====================--

--==========================  EventDescription Data  =====================--

--==========================  EventImage Data  =====================--

--==========================  Skill Data  =====================--

INSERT INTO SKILL (ID,VALUE) VALUES (3,'eget, volutpat ornare,');
INSERT INTO SKILL (ID,VALUE) VALUES (4,'dignissim. Maecenas ornare');
INSERT INTO SKILL (ID,VALUE) VALUES (5,'venenatis vel, faucibus');
INSERT INTO SKILL (ID,VALUE) VALUES (6,'Sed');
INSERT INTO SKILL (ID,VALUE) VALUES (7,'ornare, libero');
INSERT INTO SKILL (ID,VALUE) VALUES (8,'rutrum lorem');
INSERT INTO SKILL (ID,VALUE) VALUES (9,'est.');
INSERT INTO SKILL (ID,VALUE) VALUES (10,'sit amet, consectetuer');
INSERT INTO SKILL (ID,VALUE) VALUES (11,'lacus.');
INSERT INTO SKILL (ID,VALUE) VALUES (12,'ipsum primis');
INSERT INTO SKILL (ID,VALUE) VALUES (13,'odio');
INSERT INTO SKILL (ID,VALUE) VALUES (14,'ridiculus mus.');
INSERT INTO SKILL (ID,VALUE) VALUES (15,'rutrum');
INSERT INTO SKILL (ID,VALUE) VALUES (16,'varius');
INSERT INTO SKILL (ID,VALUE) VALUES (17,'eget, dictum placerat,');
INSERT INTO SKILL (ID,VALUE) VALUES (18,'Aliquam adipiscing lobortis');
INSERT INTO SKILL (ID,VALUE) VALUES (19,'dui. Fusce');
INSERT INTO SKILL (ID,VALUE) VALUES (20,'Mauris quis');
INSERT INTO SKILL (ID,VALUE) VALUES (21,'inceptos');
INSERT INTO SKILL (ID,VALUE) VALUES (22,'nec, mollis');
INSERT INTO SKILL (ID,VALUE) VALUES (23,'netus et');
INSERT INTO SKILL (ID,VALUE) VALUES (24,'libero. Morbi accumsan');
INSERT INTO SKILL (ID,VALUE) VALUES (25,'massa. Vestibulum accumsan');
INSERT INTO SKILL (ID,VALUE) VALUES (26,'gravida. Aliquam tincidunt,');
INSERT INTO SKILL (ID,VALUE) VALUES (27,'Sed et');
INSERT INTO SKILL (ID,VALUE) VALUES (28,'Donec');
INSERT INTO SKILL (ID,VALUE) VALUES (29,'montes, nascetur');
INSERT INTO SKILL (ID,VALUE) VALUES (30,'Aliquam ornare,');
INSERT INTO SKILL (ID,VALUE) VALUES (31,'adipiscing elit. Etiam');
INSERT INTO SKILL (ID,VALUE) VALUES (32,'Sed dictum. Proin');
INSERT INTO SKILL (ID,VALUE) VALUES (33,'magnis');
INSERT INTO SKILL (ID,VALUE) VALUES (34,'nec mauris');
INSERT INTO SKILL (ID,VALUE) VALUES (35,'Curae; Phasellus');
INSERT INTO SKILL (ID,VALUE) VALUES (36,'semper auctor. Mauris');
INSERT INTO SKILL (ID,VALUE) VALUES (37,'SedDIMENT');
INSERT INTO SKILL (ID,VALUE) VALUES (38,'et');
INSERT INTO SKILL (ID,VALUE) VALUES (39,'ipsum.');
INSERT INTO SKILL (ID,VALUE) VALUES (40,'cursus, diam');
INSERT INTO SKILL (ID,VALUE) VALUES (41,'a');
INSERT INTO SKILL (ID,VALUE) VALUES (42,'sed orci lobortis');
INSERT INTO SKILL (ID,VALUE) VALUES (43,'nunc. Quisque ornare');
INSERT INTO SKILL (ID,VALUE) VALUES (44,'ac nulla.');
INSERT INTO SKILL (ID,VALUE) VALUES (45,'libero nec');
INSERT INTO SKILL (ID,VALUE) VALUES (46,'commodo ipsum. Suspendisse');
INSERT INTO SKILL (ID,VALUE) VALUES (47,'id');
INSERT INTO SKILL (ID,VALUE) VALUES (48,'semper erat,');
INSERT INTO SKILL (ID,VALUE) VALUES (49,'Suspendisse commodo');
INSERT INTO SKILL (ID,VALUE) VALUES (50,'erat semper');
INSERT INTO SKILL (ID,VALUE) VALUES (51,'tempor');
INSERT INTO SKILL (ID,VALUE) VALUES (52,'lacus. Mauris');
INSERT INTO SKILL (ID,VALUE) VALUES (53,'augue');
INSERT INTO SKILL (ID,VALUE) VALUES (54,'enim. Curabitur');
INSERT INTO SKILL (ID,VALUE) VALUES (55,'eget');
INSERT INTO SKILL (ID,VALUE) VALUES (56,'ridiculus mus. Aenean');
INSERT INTO SKILL (ID,VALUE) VALUES (57,'ultricies ligula.');
INSERT INTO SKILL (ID,VALUE) VALUES (58,'luctus, ipsum leo');
INSERT INTO SKILL (ID,VALUE) VALUES (59,'id,');
INSERT INTO SKILL (ID,VALUE) VALUES (60,'montes, THE MATGNIFICIENT');
INSERT INTO SKILL (ID,VALUE) VALUES (61,'fringilla est.');
INSERT INTO SKILL (ID,VALUE) VALUES (62,'fringilla. Donec');
INSERT INTO SKILL (ID,VALUE) VALUES (63,'aliquet');
INSERT INTO SKILL (ID,VALUE) VALUES (64,'libero et');
INSERT INTO SKILL (ID,VALUE) VALUES (65,'non, lobortis quis,');
INSERT INTO SKILL (ID,VALUE) VALUES (66,'augue ut lacus.');
INSERT INTO SKILL (ID,VALUE) VALUES (67,'vitae risus. Duis');
INSERT INTO SKILL (ID,VALUE) VALUES (68,'sociis natoque penatibus');
INSERT INTO SKILL (ID,VALUE) VALUES (69,'amet metus.');
INSERT INTO SKILL (ID,VALUE) VALUES (70,'lacus. Mauris IDE');
INSERT INTO SKILL (ID,VALUE) VALUES (71,'Nunc quis');
INSERT INTO SKILL (ID,VALUE) VALUES (72,'Aliquam');
INSERT INTO SKILL (ID,VALUE) VALUES (73,'elementum, lorem');
INSERT INTO SKILL (ID,VALUE) VALUES (74,'aliquet, metus urna');
INSERT INTO SKILL (ID,VALUE) VALUES (75,'Lorem ipsum dolor');
INSERT INTO SKILL (ID,VALUE) VALUES (76,'montes, nascetur ridiculus');
INSERT INTO SKILL (ID,VALUE) VALUES (77,'ac tellus.');
INSERT INTO SKILL (ID,VALUE) VALUES (78,'ut quam vel');
INSERT INTO SKILL (ID,VALUE) VALUES (79,'et, rutrum');
INSERT INTO SKILL (ID,VALUE) VALUES (80,'vitae velit');
INSERT INTO SKILL (ID,VALUE) VALUES (81,'bibendum ullamcorper. Duis');
INSERT INTO SKILL (ID,VALUE) VALUES (82,'mauris id');
INSERT INTO SKILL (ID,VALUE) VALUES (83,'eget,');
INSERT INTO SKILL (ID,VALUE) VALUES (84,'at,');
INSERT INTO SKILL (ID,VALUE) VALUES (85,'ante');
INSERT INTO SKILL (ID,VALUE) VALUES (86,'amet risus. Donec');
INSERT INTO SKILL (ID,VALUE) VALUES (87,'est arcu ac');
INSERT INTO SKILL (ID,VALUE) VALUES (88,'Nam');
INSERT INTO SKILL (ID,VALUE) VALUES (89,'facilisi. Sed neque.');
INSERT INTO SKILL (ID,VALUE) VALUES (90,'euismod est arcu');
INSERT INTO SKILL (ID,VALUE) VALUES (91,'Donec tincidunt. Donec');
INSERT INTO SKILL (ID,VALUE) VALUES (92,'nunc');
INSERT INTO SKILL (ID,VALUE) VALUES (93,'a, auctor');
INSERT INTO SKILL (ID,VALUE) VALUES (94,'ornare placerat, orci');
INSERT INTO SKILL (ID,VALUE) VALUES (95,'Fusce feugiat.');
INSERT INTO SKILL (ID,VALUE) VALUES (96,'Curabitur vel lectus.');
INSERT INTO SKILL (ID,VALUE) VALUES (97,'mauris iDE');
INSERT INTO SKILL (ID,VALUE) VALUES (98,'elit sed');
INSERT INTO SKILL (ID,VALUE) VALUES (99,'erat. Vivamus nisi.');
INSERT INTO SKILL (ID,VALUE) VALUES (100,'per conubia');
INSERT INTO SKILL (ID,VALUE) VALUES (101,'et ipsum cursus');
INSERT INTO SKILL (ID,VALUE) VALUES (102,'non');
INSERT INTO SKILL (ID,VALUE) VALUES (103,'ac, eleifend vitae,');
INSERT INTO SKILL (ID,VALUE) VALUES (104,'Donec tempor,');
INSERT INTO SKILL (ID,VALUE) VALUES (105,'venenatis a, magna.');
INSERT INTO SKILL (ID,VALUE) VALUES (106,'Curae; Pallus');
INSERT INTO SKILL (ID,VALUE) VALUES (107,'ut lacus.');
INSERT INTO SKILL (ID,VALUE) VALUES (108,'lobortis');
INSERT INTO SKILL (ID,VALUE) VALUES (109,'cursus. IntegerAMOUS');
INSERT INTO SKILL (ID,VALUE) VALUES (110,'risus. In');
INSERT INTO SKILL (ID,VALUE) VALUES (111,'massa. Quisque porttitor');
INSERT INTO SKILL (ID,VALUE) VALUES (112,'gravida molestie arcu.');
INSERT INTO SKILL (ID,VALUE) VALUES (113,'lacus. Ut');
INSERT INTO SKILL (ID,VALUE) VALUES (114,'felis. Donec tempor,');
INSERT INTO SKILL (ID,VALUE) VALUES (115,'odio vel est');
INSERT INTO SKILL (ID,VALUE) VALUES (116,'metus');
INSERT INTO SKILL (ID,VALUE) VALUES (117,'conubia nostra, per');
INSERT INTO SKILL (ID,VALUE) VALUES (118,'magna.');
INSERT INTO SKILL (ID,VALUE) VALUES (119,'ante dictum');
INSERT INTO SKILL (ID,VALUE) VALUES (120,'Aenean');
INSERT INTO SKILL (ID,VALUE) VALUES (121,'ac');
INSERT INTO SKILL (ID,VALUE) VALUES (122,'blandit enim consequat');
INSERT INTO SKILL (ID,VALUE) VALUES (123,'aliquet, metus');
INSERT INTO SKILL (ID,VALUE) VALUES (124,'Etiam');
INSERT INTO SKILL (ID,VALUE) VALUES (125,'egetTY');
INSERT INTO SKILL (ID,VALUE) VALUES (126,'risus. Donec');
INSERT INTO SKILL (ID,VALUE) VALUES (127,'eget metus. In');
INSERT INTO SKILL (ID,VALUE) VALUES (128,'Pellentesque');
INSERT INTO SKILL (ID,VALUE) VALUES (129,'malesuada');
INSERT INTO SKILL (ID,VALUE) VALUES (130,'quis,');
INSERT INTO SKILL (ID,VALUE) VALUES (131,'est. Nunc laoreet');
INSERT INTO SKILL (ID,VALUE) VALUES (132,'justo faucibus');
INSERT INTO SKILL (ID,VALUE) VALUES (133,'lorem, vehicula et,');
INSERT INTO SKILL (ID,VALUE) VALUES (134,'mattis. Cras eget');
INSERT INTO SKILL (ID,VALUE) VALUES (135,'mus.');
INSERT INTO SKILL (ID,VALUE) VALUES (136,'natoque');
INSERT INTO SKILL (ID,VALUE) VALUES (137,'ipsum leo');
INSERT INTO SKILL (ID,VALUE) VALUES (138,'suscipit nonummy. Fusce');
INSERT INTO SKILL (ID,VALUE) VALUES (139,'mollis. Phasellus libero');
INSERT INTO SKILL (ID,VALUE) VALUES (140,'Morbi');
INSERT INTO SKILL (ID,VALUE) VALUES (141,'sed');
INSERT INTO SKILL (ID,VALUE) VALUES (142,'tempor,');
INSERT INTO SKILL (ID,VALUE) VALUES (143,'arcu. Curabitur ut');
INSERT INTO SKILL (ID,VALUE) VALUES (144,'est, congue a,');
INSERT INTO SKILL (ID,VALUE) VALUES (145,'nec tempus scelerisque,');
INSERT INTO SKILL (ID,VALUE) VALUES (146,'ut eros');
INSERT INTO SKILL (ID,VALUE) VALUES (147,'nec');
INSERT INTO SKILL (ID,VALUE) VALUES (148,'Proin non');
INSERT INTO SKILL (ID,VALUE) VALUES (149,'est. Nunc ullamcorper,');
INSERT INTO SKILL (ID,VALUE) VALUES (150,'DonecKY');
INSERT INTO SKILL (ID,VALUE) VALUES (151,'dignissim. Maecenas');
INSERT INTO SKILL (ID,VALUE) VALUES (152,'nec tellus. Nunc');
INSERT INTO SKILL (ID,VALUE) VALUES (153,'enim.');
INSERT INTO SKILL (ID,VALUE) VALUES (154,'imperdiet, erat nonummy');
INSERT INTO SKILL (ID,VALUE) VALUES (155,'arcu.');
INSERT INTO SKILL (ID,VALUE) VALUES (156,'dapibus gravida. Aliquam');
INSERT INTO SKILL (ID,VALUE) VALUES (157,'orci tincidunt');
INSERT INTO SKILL (ID,VALUE) VALUES (158,'dignissim tempor');
INSERT INTO SKILL (ID,VALUE) VALUES (159,'sedDY');
INSERT INTO SKILL (ID,VALUE) VALUES (160,'iaculis');
INSERT INTO SKILL (ID,VALUE) VALUES (161,'a,');
INSERT INTO SKILL (ID,VALUE) VALUES (162,'aY');
INSERT INTO SKILL (ID,VALUE) VALUES (163,'Aenean massa. Integer');
INSERT INTO SKILL (ID,VALUE) VALUES (164,'nec, leo.');
INSERT INTO SKILL (ID,VALUE) VALUES (165,'arcu. Nunc mauris.');
INSERT INTO SKILL (ID,VALUE) VALUES (166,'diam dictum sapien.');
INSERT INTO SKILL (ID,VALUE) VALUES (167,'placerat. Cras');
INSERT INTO SKILL (ID,VALUE) VALUES (168,'Ut semper pretium');
INSERT INTO SKILL (ID,VALUE) VALUES (169,'consequat');
INSERT INTO SKILL (ID,VALUE) VALUES (170,'sem');
INSERT INTO SKILL (ID,VALUE) VALUES (171,'sit');
INSERT INTO SKILL (ID,VALUE) VALUES (172,'litora torquent per');
INSERT INTO SKILL (ID,VALUE) VALUES (173,'Cras dolor');
INSERT INTO SKILL (ID,VALUE) VALUES (174,'augue, eu');
INSERT INTO SKILL (ID,VALUE) VALUES (175,'eu turpis.');
INSERT INTO SKILL (ID,VALUE) VALUES (176,'velit. Cras');
INSERT INTO SKILL (ID,VALUE) VALUES (177,'Duis dignissim');
INSERT INTO SKILL (ID,VALUE) VALUES (178,'dignissim magna a');
INSERT INTO SKILL (ID,VALUE) VALUES (179,'mauris. Morbi');
INSERT INTO SKILL (ID,VALUE) VALUES (180,'tempus');
INSERT INTO SKILL (ID,VALUE) VALUES (181,'mollis nec, cursus');
INSERT INTO SKILL (ID,VALUE) VALUES (182,'erat volutpat. Nulla');
INSERT INTO SKILL (ID,VALUE) VALUES (183,'lorem lorem,');
INSERT INTO SKILL (ID,VALUE) VALUES (184,'vulputate,');
INSERT INTO SKILL (ID,VALUE) VALUES (185,'nascetur');
INSERT INTO SKILL (ID,VALUE) VALUES (186,'nonummy ut,');
INSERT INTO SKILL (ID,VALUE) VALUES (187,'a,Y');
INSERT INTO SKILL (ID,VALUE) VALUES (188,'non magna.');
INSERT INTO SKILL (ID,VALUE) VALUES (189,'DonecY');
INSERT INTO SKILL (ID,VALUE) VALUES (190,'sitTY');
INSERT INTO SKILL (ID,VALUE) VALUES (191,'sed, est.');
INSERT INTO SKILL (ID,VALUE) VALUES (192,'luctus sit');
INSERT INTO SKILL (ID,VALUE) VALUES (193,'ultricies ligula. Nullam');
INSERT INTO SKILL (ID,VALUE) VALUES (194,'ut lacus. Nulla');
INSERT INTO SKILL (ID,VALUE) VALUES (195,'In');
INSERT INTO SKILL (ID,VALUE) VALUES (196,'nulla.');
INSERT INTO SKILL (ID,VALUE) VALUES (197,'SedY');
INSERT INTO SKILL (ID,VALUE) VALUES (198,'AeneanY');
INSERT INTO SKILL (ID,VALUE) VALUES (199,'lorem ipsum sodales');
INSERT INTO SKILL (ID,VALUE) VALUES (200,'nulla ante, iaculis');
INSERT INTO SKILL (ID,VALUE) VALUES (201,'Fusce');
INSERT INTO SKILL (ID,VALUE) VALUES (202,'FusceY');

--==========================  SkillMap Data  =====================--

--==========================  SkillDescription Data  =====================--

--==========================  Coordinate Data  =====================--

INSERT INTO COORDINATE (ID,LONGITUDE,LATITUDE) VALUES (3,'-124.03528','67.79927');
INSERT INTO COORDINATE (ID,LONGITUDE,LATITUDE) VALUES (4,'24.92134','22.86880');
INSERT INTO COORDINATE (ID,LONGITUDE,LATITUDE) VALUES (5,'15.50179','-8.17171');
INSERT INTO COORDINATE (ID,LONGITUDE,LATITUDE) VALUES (6,'139.96203','-56.11052');
INSERT INTO COORDINATE (ID,LONGITUDE,LATITUDE) VALUES (7,'102.98748','72.64040');
INSERT INTO COORDINATE (ID,LONGITUDE,LATITUDE) VALUES (8,'-21.98096','49.95999');
INSERT INTO COORDINATE (ID,LONGITUDE,LATITUDE) VALUES (9,'42.40660','55.09961');
INSERT INTO COORDINATE (ID,LONGITUDE,LATITUDE) VALUES (10,'-22.21168','29.35283');
INSERT INTO COORDINATE (ID,LONGITUDE,LATITUDE) VALUES (11,'108.08298','86.35027');
INSERT INTO COORDINATE (ID,LONGITUDE,LATITUDE) VALUES (12,'136.03006','13.80631');
INSERT INTO COORDINATE (ID,LONGITUDE,LATITUDE) VALUES (13,'5.52911','30.47745');
INSERT INTO COORDINATE (ID,LONGITUDE,LATITUDE) VALUES (14,'42.92913','-45.92790');
INSERT INTO COORDINATE (ID,LONGITUDE,LATITUDE) VALUES (15,'134.66045','-84.01894');
INSERT INTO COORDINATE (ID,LONGITUDE,LATITUDE) VALUES (16,'-13.10921','-40.54563');
INSERT INTO COORDINATE (ID,LONGITUDE,LATITUDE) VALUES (17,'88.48957','69.57983');
INSERT INTO COORDINATE (ID,LONGITUDE,LATITUDE) VALUES (18,'58.90934','79.58763');
INSERT INTO COORDINATE (ID,LONGITUDE,LATITUDE) VALUES (19,'116.03907','12.62647');
INSERT INTO COORDINATE (ID,LONGITUDE,LATITUDE) VALUES (20,'-39.61136','53.07865');
INSERT INTO COORDINATE (ID,LONGITUDE,LATITUDE) VALUES (21,'96.97507','4.78719');
INSERT INTO COORDINATE (ID,LONGITUDE,LATITUDE) VALUES (22,'12.32595','-0.24450');
INSERT INTO COORDINATE (ID,LONGITUDE,LATITUDE) VALUES (23,'145.27369','59.62765');
INSERT INTO COORDINATE (ID,LONGITUDE,LATITUDE) VALUES (24,'-24.36746','-2.97208');
INSERT INTO COORDINATE (ID,LONGITUDE,LATITUDE) VALUES (25,'58.74027','-88.91549');
INSERT INTO COORDINATE (ID,LONGITUDE,LATITUDE) VALUES (26,'83.32108','49.97265');
INSERT INTO COORDINATE (ID,LONGITUDE,LATITUDE) VALUES (27,'154.34629','7.15646');
INSERT INTO COORDINATE (ID,LONGITUDE,LATITUDE) VALUES (28,'19.53843','71.44988');
INSERT INTO COORDINATE (ID,LONGITUDE,LATITUDE) VALUES (29,'-54.98983','-65.84986');
INSERT INTO COORDINATE (ID,LONGITUDE,LATITUDE) VALUES (30,'8.82916','81.46553');
INSERT INTO COORDINATE (ID,LONGITUDE,LATITUDE) VALUES (31,'158.80500','61.93709');
INSERT INTO COORDINATE (ID,LONGITUDE,LATITUDE) VALUES (32,'48.82498','25.90027');
INSERT INTO COORDINATE (ID,LONGITUDE,LATITUDE) VALUES (33,'61.86094','27.65854');
INSERT INTO COORDINATE (ID,LONGITUDE,LATITUDE) VALUES (34,'107.58609','77.77476');
INSERT INTO COORDINATE (ID,LONGITUDE,LATITUDE) VALUES (35,'17.35850','83.35248');
INSERT INTO COORDINATE (ID,LONGITUDE,LATITUDE) VALUES (36,'66.28229','-71.17743');
INSERT INTO COORDINATE (ID,LONGITUDE,LATITUDE) VALUES (37,'65.97171','-67.64803');
INSERT INTO COORDINATE (ID,LONGITUDE,LATITUDE) VALUES (38,'66.47493','-39.88192');
INSERT INTO COORDINATE (ID,LONGITUDE,LATITUDE) VALUES (39,'171.92130','35.22991');
INSERT INTO COORDINATE (ID,LONGITUDE,LATITUDE) VALUES (40,'-154.46398','5.16206');
INSERT INTO COORDINATE (ID,LONGITUDE,LATITUDE) VALUES (41,'134.71149','45.49049');
INSERT INTO COORDINATE (ID,LONGITUDE,LATITUDE) VALUES (42,'-119.27913','16.41645');
INSERT INTO COORDINATE (ID,LONGITUDE,LATITUDE) VALUES (43,'90.57969','38.19973');
INSERT INTO COORDINATE (ID,LONGITUDE,LATITUDE) VALUES (44,'105.21291','-79.33970');
INSERT INTO COORDINATE (ID,LONGITUDE,LATITUDE) VALUES (45,'171.86383','83.11488');
INSERT INTO COORDINATE (ID,LONGITUDE,LATITUDE) VALUES (46,'6.78123','57.78766');
INSERT INTO COORDINATE (ID,LONGITUDE,LATITUDE) VALUES (47,'147.36587','-68.76662');
INSERT INTO COORDINATE (ID,LONGITUDE,LATITUDE) VALUES (48,'-38.85346','72.39662');
INSERT INTO COORDINATE (ID,LONGITUDE,LATITUDE) VALUES (49,'-156.82180','24.69771');
INSERT INTO COORDINATE (ID,LONGITUDE,LATITUDE) VALUES (50,'2.26251','26.48906');
INSERT INTO COORDINATE (ID,LONGITUDE,LATITUDE) VALUES (51,'-159.84877','-17.68231');
INSERT INTO COORDINATE (ID,LONGITUDE,LATITUDE) VALUES (52,'-53.54685','6.97915');
INSERT INTO COORDINATE (ID,LONGITUDE,LATITUDE) VALUES (53,'59.03419','-30.54240');
INSERT INTO COORDINATE (ID,LONGITUDE,LATITUDE) VALUES (54,'-133.30470','1.10188');
INSERT INTO COORDINATE (ID,LONGITUDE,LATITUDE) VALUES (55,'148.96820','-14.16934');
INSERT INTO COORDINATE (ID,LONGITUDE,LATITUDE) VALUES (56,'106.95936','82.08148');
INSERT INTO COORDINATE (ID,LONGITUDE,LATITUDE) VALUES (57,'131.74738','6.38128');
INSERT INTO COORDINATE (ID,LONGITUDE,LATITUDE) VALUES (58,'-59.37447','-65.86677');
INSERT INTO COORDINATE (ID,LONGITUDE,LATITUDE) VALUES (59,'100.40497','12.03420');
INSERT INTO COORDINATE (ID,LONGITUDE,LATITUDE) VALUES (60,'34.31982','50.80028');
INSERT INTO COORDINATE (ID,LONGITUDE,LATITUDE) VALUES (61,'130.94164','25.13069');
INSERT INTO COORDINATE (ID,LONGITUDE,LATITUDE) VALUES (62,'74.99693','77.48058');
INSERT INTO COORDINATE (ID,LONGITUDE,LATITUDE) VALUES (63,'150.59082','78.83161');
INSERT INTO COORDINATE (ID,LONGITUDE,LATITUDE) VALUES (64,'-130.31088','5.80910');
INSERT INTO COORDINATE (ID,LONGITUDE,LATITUDE) VALUES (65,'-115.26898','77.30901');
INSERT INTO COORDINATE (ID,LONGITUDE,LATITUDE) VALUES (66,'129.25051','4.43135');
INSERT INTO COORDINATE (ID,LONGITUDE,LATITUDE) VALUES (67,'-128.21367','-67.87437');
INSERT INTO COORDINATE (ID,LONGITUDE,LATITUDE) VALUES (68,'-176.95209','-34.39861');
INSERT INTO COORDINATE (ID,LONGITUDE,LATITUDE) VALUES (69,'-74.72839','-63.14953');
INSERT INTO COORDINATE (ID,LONGITUDE,LATITUDE) VALUES (70,'-90.19124','26.40218');
INSERT INTO COORDINATE (ID,LONGITUDE,LATITUDE) VALUES (71,'166.31864','12.44597');
INSERT INTO COORDINATE (ID,LONGITUDE,LATITUDE) VALUES (72,'-179.97455','62.49952');
INSERT INTO COORDINATE (ID,LONGITUDE,LATITUDE) VALUES (73,'69.05174','70.33737');
INSERT INTO COORDINATE (ID,LONGITUDE,LATITUDE) VALUES (74,'144.91645','-62.08091');
INSERT INTO COORDINATE (ID,LONGITUDE,LATITUDE) VALUES (75,'3.69321','-4.63428');
INSERT INTO COORDINATE (ID,LONGITUDE,LATITUDE) VALUES (76,'30.37901','54.88124');
INSERT INTO COORDINATE (ID,LONGITUDE,LATITUDE) VALUES (77,'18.50008','-25.37721');
INSERT INTO COORDINATE (ID,LONGITUDE,LATITUDE) VALUES (78,'-4.47501','48.64999');
INSERT INTO COORDINATE (ID,LONGITUDE,LATITUDE) VALUES (79,'1.95743','5.93355');
INSERT INTO COORDINATE (ID,LONGITUDE,LATITUDE) VALUES (80,'-11.53997','-82.61724');
INSERT INTO COORDINATE (ID,LONGITUDE,LATITUDE) VALUES (81,'50.20882','-88.29879');
INSERT INTO COORDINATE (ID,LONGITUDE,LATITUDE) VALUES (82,'141.15224','-49.85943');
INSERT INTO COORDINATE (ID,LONGITUDE,LATITUDE) VALUES (83,'132.68950','18.37664');
INSERT INTO COORDINATE (ID,LONGITUDE,LATITUDE) VALUES (84,'88.18641','78.92620');
INSERT INTO COORDINATE (ID,LONGITUDE,LATITUDE) VALUES (85,'57.13453','12.46637');
INSERT INTO COORDINATE (ID,LONGITUDE,LATITUDE) VALUES (86,'-168.60516','-23.12003');
INSERT INTO COORDINATE (ID,LONGITUDE,LATITUDE) VALUES (87,'169.79232','7.37215');
INSERT INTO COORDINATE (ID,LONGITUDE,LATITUDE) VALUES (88,'52.89504','15.34853');
INSERT INTO COORDINATE (ID,LONGITUDE,LATITUDE) VALUES (89,'113.78894','-39.01511');
INSERT INTO COORDINATE (ID,LONGITUDE,LATITUDE) VALUES (90,'0.15596','44.31418');
INSERT INTO COORDINATE (ID,LONGITUDE,LATITUDE) VALUES (91,'80.93666','38.67752');
INSERT INTO COORDINATE (ID,LONGITUDE,LATITUDE) VALUES (92,'89.06868','45.09033');
INSERT INTO COORDINATE (ID,LONGITUDE,LATITUDE) VALUES (93,'92.78463','2.88583');
INSERT INTO COORDINATE (ID,LONGITUDE,LATITUDE) VALUES (94,'47.20414','-8.14263');
INSERT INTO COORDINATE (ID,LONGITUDE,LATITUDE) VALUES (95,'23.13239','2.09475');
INSERT INTO COORDINATE (ID,LONGITUDE,LATITUDE) VALUES (96,'-88.21369','50.81211');
INSERT INTO COORDINATE (ID,LONGITUDE,LATITUDE) VALUES (97,'117.65617','52.73316');
INSERT INTO COORDINATE (ID,LONGITUDE,LATITUDE) VALUES (98,'162.44553','-84.51609');
INSERT INTO COORDINATE (ID,LONGITUDE,LATITUDE) VALUES (99,'80.95995','44.60006');
INSERT INTO COORDINATE (ID,LONGITUDE,LATITUDE) VALUES (100,'-127.70135','42.24912');
INSERT INTO COORDINATE (ID,LONGITUDE,LATITUDE) VALUES (101,'58.72935','23.75208');
INSERT INTO COORDINATE (ID,LONGITUDE,LATITUDE) VALUES (102,'-168.84461','-49.90944');

--==========================  Coordinate Data  =====================--

INSERT INTO LOCATION (ID,USER_ID,COORDINATE_ID,RADIUS_METERS,NAME) VALUES (3,107,44,9585,'Kaaskerke');
INSERT INTO LOCATION (ID,USER_ID,COORDINATE_ID,RADIUS_METERS,NAME) VALUES (4,772,42,7908,'Milestone');
INSERT INTO LOCATION (ID,USER_ID,COORDINATE_ID,RADIUS_METERS,NAME) VALUES (5,881,14,4670,'Vertou');
INSERT INTO LOCATION (ID,USER_ID,COORDINATE_ID,RADIUS_METERS,NAME) VALUES (6,120,24,3070,'College');
INSERT INTO LOCATION (ID,USER_ID,COORDINATE_ID,RADIUS_METERS,NAME) VALUES (7,286,81,2109,'Pukekohe');
INSERT INTO LOCATION (ID,USER_ID,COORDINATE_ID,RADIUS_METERS,NAME) VALUES (8,75,21,705,'Leerbeek');
INSERT INTO LOCATION (ID,USER_ID,COORDINATE_ID,RADIUS_METERS,NAME) VALUES (9,42,66,1043,'Husum');
INSERT INTO LOCATION (ID,USER_ID,COORDINATE_ID,RADIUS_METERS,NAME) VALUES (10,143,26,8053,'Gppingen');
INSERT INTO LOCATION (ID,USER_ID,COORDINATE_ID,RADIUS_METERS,NAME) VALUES (11,828,62,843,'Gravilias');
INSERT INTO LOCATION (ID,USER_ID,COORDINATE_ID,RADIUS_METERS,NAME) VALUES (12,787,73,7814,'Bear');
INSERT INTO LOCATION (ID,USER_ID,COORDINATE_ID,RADIUS_METERS,NAME) VALUES (13,608,41,2478,'Lerum');
INSERT INTO LOCATION (ID,USER_ID,COORDINATE_ID,RADIUS_METERS,NAME) VALUES (14,532,16,9399,'Chtelet');
INSERT INTO LOCATION (ID,USER_ID,COORDINATE_ID,RADIUS_METERS,NAME) VALUES (15,223,43,2588,'Dubuisson');
INSERT INTO LOCATION (ID,USER_ID,COORDINATE_ID,RADIUS_METERS,NAME) VALUES (16,92,49,6892,'Biggleswade');
INSERT INTO LOCATION (ID,USER_ID,COORDINATE_ID,RADIUS_METERS,NAME) VALUES (17,271,21,7335,'Saint-Gry');
INSERT INTO LOCATION (ID,USER_ID,COORDINATE_ID,RADIUS_METERS,NAME) VALUES (18,635,25,2698,'Castelbaldo');
INSERT INTO LOCATION (ID,USER_ID,COORDINATE_ID,RADIUS_METERS,NAME) VALUES (19,895,75,8254,'Steyr');
INSERT INTO LOCATION (ID,USER_ID,COORDINATE_ID,RADIUS_METERS,NAME) VALUES (20,577,6,9972,'Monte Patria');
INSERT INTO LOCATION (ID,USER_ID,COORDINATE_ID,RADIUS_METERS,NAME) VALUES (21,288,30,9710,'Limerl');
INSERT INTO LOCATION (ID,USER_ID,COORDINATE_ID,RADIUS_METERS,NAME) VALUES (22,732,10,2272,'Capestrano');
INSERT INTO LOCATION (ID,USER_ID,COORDINATE_ID,RADIUS_METERS,NAME) VALUES (23,718,84,8987,'Stevoort');
INSERT INTO LOCATION (ID,USER_ID,COORDINATE_ID,RADIUS_METERS,NAME) VALUES (24,334,63,9411,'Richmond');
INSERT INTO LOCATION (ID,USER_ID,COORDINATE_ID,RADIUS_METERS,NAME) VALUES (25,123,44,7211,'Shipshaw');
INSERT INTO LOCATION (ID,USER_ID,COORDINATE_ID,RADIUS_METERS,NAME) VALUES (26,100,69,4426,'Guardia Sanframondi');
INSERT INTO LOCATION (ID,USER_ID,COORDINATE_ID,RADIUS_METERS,NAME) VALUES (27,551,91,2292,'New Glasgow');
INSERT INTO LOCATION (ID,USER_ID,COORDINATE_ID,RADIUS_METERS,NAME) VALUES (28,419,98,1793,'Alandur');
INSERT INTO LOCATION (ID,USER_ID,COORDINATE_ID,RADIUS_METERS,NAME) VALUES (29,834,41,4619,'Leominster');
INSERT INTO LOCATION (ID,USER_ID,COORDINATE_ID,RADIUS_METERS,NAME) VALUES (30,293,54,5162,'Davoli');
INSERT INTO LOCATION (ID,USER_ID,COORDINATE_ID,RADIUS_METERS,NAME) VALUES (31,177,31,5736,'Bischofshofen');
INSERT INTO LOCATION (ID,USER_ID,COORDINATE_ID,RADIUS_METERS,NAME) VALUES (32,18,70,8201,'demi');
INSERT INTO LOCATION (ID,USER_ID,COORDINATE_ID,RADIUS_METERS,NAME) VALUES (33,115,8,2059,'Kavaratti');
INSERT INTO LOCATION (ID,USER_ID,COORDINATE_ID,RADIUS_METERS,NAME) VALUES (34,93,95,5893,'Vihari');
INSERT INTO LOCATION (ID,USER_ID,COORDINATE_ID,RADIUS_METERS,NAME) VALUES (35,928,27,9988,'Boneffe');
INSERT INTO LOCATION (ID,USER_ID,COORDINATE_ID,RADIUS_METERS,NAME) VALUES (36,734,77,1315,'Okene');
INSERT INTO LOCATION (ID,USER_ID,COORDINATE_ID,RADIUS_METERS,NAME) VALUES (37,342,29,4586,'Merksem');
INSERT INTO LOCATION (ID,USER_ID,COORDINATE_ID,RADIUS_METERS,NAME) VALUES (38,708,5,9354,'Helkijn');
INSERT INTO LOCATION (ID,USER_ID,COORDINATE_ID,RADIUS_METERS,NAME) VALUES (39,589,70,7616,'Klagenfurt');
INSERT INTO LOCATION (ID,USER_ID,COORDINATE_ID,RADIUS_METERS,NAME) VALUES (40,637,29,1699,'Bollns');
INSERT INTO LOCATION (ID,USER_ID,COORDINATE_ID,RADIUS_METERS,NAME) VALUES (41,45,84,6506,'Ipatinga');
INSERT INTO LOCATION (ID,USER_ID,COORDINATE_ID,RADIUS_METERS,NAME) VALUES (42,86,49,362,'Assebroek');
INSERT INTO LOCATION (ID,USER_ID,COORDINATE_ID,RADIUS_METERS,NAME) VALUES (43,920,50,1372,'Mabompr');
INSERT INTO LOCATION (ID,USER_ID,COORDINATE_ID,RADIUS_METERS,NAME) VALUES (44,702,83,1668,'Aalst');
INSERT INTO LOCATION (ID,USER_ID,COORDINATE_ID,RADIUS_METERS,NAME) VALUES (45,415,33,9283,'La Hulpe');
INSERT INTO LOCATION (ID,USER_ID,COORDINATE_ID,RADIUS_METERS,NAME) VALUES (46,981,85,1172,'Cambridge Bay');
INSERT INTO LOCATION (ID,USER_ID,COORDINATE_ID,RADIUS_METERS,NAME) VALUES (47,907,43,3309,'Holman');
INSERT INTO LOCATION (ID,USER_ID,COORDINATE_ID,RADIUS_METERS,NAME) VALUES (48,219,88,706,'Champdani');
INSERT INTO LOCATION (ID,USER_ID,COORDINATE_ID,RADIUS_METERS,NAME) VALUES (49,615,58,8557,'Ponoka');
INSERT INTO LOCATION (ID,USER_ID,COORDINATE_ID,RADIUS_METERS,NAME) VALUES (50,797,36,1995,'Scanzano Jonico');
INSERT INTO LOCATION (ID,USER_ID,COORDINATE_ID,RADIUS_METERS,NAME) VALUES (51,403,100,7531,'Terragnolo');
INSERT INTO LOCATION (ID,USER_ID,COORDINATE_ID,RADIUS_METERS,NAME) VALUES (52,341,9,8054,'Orlando');
INSERT INTO LOCATION (ID,USER_ID,COORDINATE_ID,RADIUS_METERS,NAME) VALUES (53,468,21,7278,'Belcarra');
INSERT INTO LOCATION (ID,USER_ID,COORDINATE_ID,RADIUS_METERS,NAME) VALUES (54,278,70,4348,'New Galloway');
INSERT INTO LOCATION (ID,USER_ID,COORDINATE_ID,RADIUS_METERS,NAME) VALUES (55,903,53,669,'Thorembais-Saint-Trond');
INSERT INTO LOCATION (ID,USER_ID,COORDINATE_ID,RADIUS_METERS,NAME) VALUES (56,14,33,3700,'Saint-Malo');
INSERT INTO LOCATION (ID,USER_ID,COORDINATE_ID,RADIUS_METERS,NAME) VALUES (57,320,87,7834,'Diano Arentino');
INSERT INTO LOCATION (ID,USER_ID,COORDINATE_ID,RADIUS_METERS,NAME) VALUES (58,895,84,2098,'Fogo');
INSERT INTO LOCATION (ID,USER_ID,COORDINATE_ID,RADIUS_METERS,NAME) VALUES (59,536,11,1619,'Sandy');
INSERT INTO LOCATION (ID,USER_ID,COORDINATE_ID,RADIUS_METERS,NAME) VALUES (60,246,41,8627,'Marcedusa');
INSERT INTO LOCATION (ID,USER_ID,COORDINATE_ID,RADIUS_METERS,NAME) VALUES (61,69,72,131,'Ergani');
INSERT INTO LOCATION (ID,USER_ID,COORDINATE_ID,RADIUS_METERS,NAME) VALUES (62,261,78,6259,'Koblenz');
INSERT INTO LOCATION (ID,USER_ID,COORDINATE_ID,RADIUS_METERS,NAME) VALUES (63,323,92,8955,'Kapiti');
INSERT INTO LOCATION (ID,USER_ID,COORDINATE_ID,RADIUS_METERS,NAME) VALUES (64,208,54,2140,'Arnesano');
INSERT INTO LOCATION (ID,USER_ID,COORDINATE_ID,RADIUS_METERS,NAME) VALUES (65,415,42,655,'Zittau');
INSERT INTO LOCATION (ID,USER_ID,COORDINATE_ID,RADIUS_METERS,NAME) VALUES (66,692,52,5736,'Enschede');
INSERT INTO LOCATION (ID,USER_ID,COORDINATE_ID,RADIUS_METERS,NAME) VALUES (67,383,63,2114,'Fortune');
INSERT INTO LOCATION (ID,USER_ID,COORDINATE_ID,RADIUS_METERS,NAME) VALUES (68,198,73,5503,'Vaux-lez-Rosieres');
INSERT INTO LOCATION (ID,USER_ID,COORDINATE_ID,RADIUS_METERS,NAME) VALUES (69,931,26,2918,'Campina Grande');
INSERT INTO LOCATION (ID,USER_ID,COORDINATE_ID,RADIUS_METERS,NAME) VALUES (70,479,43,2147,'Lozzo Atestino');
INSERT INTO LOCATION (ID,USER_ID,COORDINATE_ID,RADIUS_METERS,NAME) VALUES (71,842,50,3787,'Duluth');
INSERT INTO LOCATION (ID,USER_ID,COORDINATE_ID,RADIUS_METERS,NAME) VALUES (72,258,82,3151,'Lac-Serent');
INSERT INTO LOCATION (ID,USER_ID,COORDINATE_ID,RADIUS_METERS,NAME) VALUES (73,672,52,7317,'Turriff');
INSERT INTO LOCATION (ID,USER_ID,COORDINATE_ID,RADIUS_METERS,NAME) VALUES (74,620,85,2680,'Rocky Mountain House');
INSERT INTO LOCATION (ID,USER_ID,COORDINATE_ID,RADIUS_METERS,NAME) VALUES (75,930,88,5154,'Dehri');
INSERT INTO LOCATION (ID,USER_ID,COORDINATE_ID,RADIUS_METERS,NAME) VALUES (76,146,43,2914,'Upplands Vsby');
INSERT INTO LOCATION (ID,USER_ID,COORDINATE_ID,RADIUS_METERS,NAME) VALUES (77,242,35,579,'Howrah');
INSERT INTO LOCATION (ID,USER_ID,COORDINATE_ID,RADIUS_METERS,NAME) VALUES (78,374,14,2471,'Akhisar');
INSERT INTO LOCATION (ID,USER_ID,COORDINATE_ID,RADIUS_METERS,NAME) VALUES (79,492,40,9597,'Shrewsbury');
INSERT INTO LOCATION (ID,USER_ID,COORDINATE_ID,RADIUS_METERS,NAME) VALUES (80,169,13,3413,'Saint-Remy');
INSERT INTO LOCATION (ID,USER_ID,COORDINATE_ID,RADIUS_METERS,NAME) VALUES (81,273,22,1483,'North Shore');
INSERT INTO LOCATION (ID,USER_ID,COORDINATE_ID,RADIUS_METERS,NAME) VALUES (82,139,21,5888,'Squillace');
INSERT INTO LOCATION (ID,USER_ID,COORDINATE_ID,RADIUS_METERS,NAME) VALUES (83,837,84,8313,'Braunau am Inn');
INSERT INTO LOCATION (ID,USER_ID,COORDINATE_ID,RADIUS_METERS,NAME) VALUES (84,123,96,5288,'Grand-Leez');
INSERT INTO LOCATION (ID,USER_ID,COORDINATE_ID,RADIUS_METERS,NAME) VALUES (85,189,75,7277,'Georgia');
INSERT INTO LOCATION (ID,USER_ID,COORDINATE_ID,RADIUS_METERS,NAME) VALUES (86,853,19,8139,'Vaux-sous-Chvremont');
INSERT INTO LOCATION (ID,USER_ID,COORDINATE_ID,RADIUS_METERS,NAME) VALUES (87,507,75,2936,'Merrickville-Wolford');
INSERT INTO LOCATION (ID,USER_ID,COORDINATE_ID,RADIUS_METERS,NAME) VALUES (88,302,71,8051,'Adria');
INSERT INTO LOCATION (ID,USER_ID,COORDINATE_ID,RADIUS_METERS,NAME) VALUES (89,715,90,4761,'Zwijndrecht');
INSERT INTO LOCATION (ID,USER_ID,COORDINATE_ID,RADIUS_METERS,NAME) VALUES (90,211,15,6874,'Arnhem');
INSERT INTO LOCATION (ID,USER_ID,COORDINATE_ID,RADIUS_METERS,NAME) VALUES (91,25,78,8800,'Bientina');
INSERT INTO LOCATION (ID,USER_ID,COORDINATE_ID,RADIUS_METERS,NAME) VALUES (92,417,82,7526,'Nuragus');
INSERT INTO LOCATION (ID,USER_ID,COORDINATE_ID,RADIUS_METERS,NAME) VALUES (93,562,72,8991,'Montgomery');
INSERT INTO LOCATION (ID,USER_ID,COORDINATE_ID,RADIUS_METERS,NAME) VALUES (94,289,60,6295,'San Pietro al Tanagro');
INSERT INTO LOCATION (ID,USER_ID,COORDINATE_ID,RADIUS_METERS,NAME) VALUES (95,940,25,6360,'Cunco');
INSERT INTO LOCATION (ID,USER_ID,COORDINATE_ID,RADIUS_METERS,NAME) VALUES (96,470,23,9143,'Patan');
INSERT INTO LOCATION (ID,USER_ID,COORDINATE_ID,RADIUS_METERS,NAME) VALUES (97,397,91,9419,'Ussassai');
INSERT INTO LOCATION (ID,USER_ID,COORDINATE_ID,RADIUS_METERS,NAME) VALUES (98,372,73,7233,'Woking');
INSERT INTO LOCATION (ID,USER_ID,COORDINATE_ID,RADIUS_METERS,NAME) VALUES (99,422,54,2825,'Tenby');
INSERT INTO LOCATION (ID,USER_ID,COORDINATE_ID,RADIUS_METERS,NAME) VALUES (100,439,74,2938,'Habay-la-Vieille');
INSERT INTO LOCATION (ID,USER_ID,COORDINATE_ID,RADIUS_METERS,NAME) VALUES (101,188,62,8812,'Fraser-Fort George');
INSERT INTO LOCATION (ID,USER_ID,COORDINATE_ID,RADIUS_METERS,NAME) VALUES (102,593,22,227,'Ereli');
INSERT INTO LOCATION (ID,USER_ID,COORDINATE_ID,RADIUS_METERS,NAME) VALUES (103,596,26,6318,'New Haven');
INSERT INTO LOCATION (ID,USER_ID,COORDINATE_ID,RADIUS_METERS,NAME) VALUES (104,283,12,8272,'Lakeland County');
INSERT INTO LOCATION (ID,USER_ID,COORDINATE_ID,RADIUS_METERS,NAME) VALUES (105,847,94,3517,'Helmsdale');
INSERT INTO LOCATION (ID,USER_ID,COORDINATE_ID,RADIUS_METERS,NAME) VALUES (106,87,75,2771,'Calestano');
INSERT INTO LOCATION (ID,USER_ID,COORDINATE_ID,RADIUS_METERS,NAME) VALUES (107,668,89,9758,'Weert');
INSERT INTO LOCATION (ID,USER_ID,COORDINATE_ID,RADIUS_METERS,NAME) VALUES (108,344,39,9856,'Merritt');
INSERT INTO LOCATION (ID,USER_ID,COORDINATE_ID,RADIUS_METERS,NAME) VALUES (109,468,37,5616,'Karlsruhe');
INSERT INTO LOCATION (ID,USER_ID,COORDINATE_ID,RADIUS_METERS,NAME) VALUES (110,905,64,3136,'Grand-Leez');
INSERT INTO LOCATION (ID,USER_ID,COORDINATE_ID,RADIUS_METERS,NAME) VALUES (111,443,64,6747,'Junagadh');
INSERT INTO LOCATION (ID,USER_ID,COORDINATE_ID,RADIUS_METERS,NAME) VALUES (112,449,100,1576,'Lac Ste. Anne');
INSERT INTO LOCATION (ID,USER_ID,COORDINATE_ID,RADIUS_METERS,NAME) VALUES (113,358,75,4157,'Irricana');
INSERT INTO LOCATION (ID,USER_ID,COORDINATE_ID,RADIUS_METERS,NAME) VALUES (114,457,54,6665,'Wetzlar');
INSERT INTO LOCATION (ID,USER_ID,COORDINATE_ID,RADIUS_METERS,NAME) VALUES (115,753,20,7791,'Tredegar');
INSERT INTO LOCATION (ID,USER_ID,COORDINATE_ID,RADIUS_METERS,NAME) VALUES (116,638,74,4920,'Ramsdonk');
INSERT INTO LOCATION (ID,USER_ID,COORDINATE_ID,RADIUS_METERS,NAME) VALUES (117,18,50,9017,'Tongeren');
INSERT INTO LOCATION (ID,USER_ID,COORDINATE_ID,RADIUS_METERS,NAME) VALUES (118,93,16,7181,'Piscinas');
INSERT INTO LOCATION (ID,USER_ID,COORDINATE_ID,RADIUS_METERS,NAME) VALUES (119,826,77,9271,'Wimbledon');
INSERT INTO LOCATION (ID,USER_ID,COORDINATE_ID,RADIUS_METERS,NAME) VALUES (120,533,24,8408,'Monghidoro');
INSERT INTO LOCATION (ID,USER_ID,COORDINATE_ID,RADIUS_METERS,NAME) VALUES (121,46,77,7685,'Montauban');
INSERT INTO LOCATION (ID,USER_ID,COORDINATE_ID,RADIUS_METERS,NAME) VALUES (122,511,92,3714,'Narbonne');
INSERT INTO LOCATION (ID,USER_ID,COORDINATE_ID,RADIUS_METERS,NAME) VALUES (123,591,20,8850,'Leiden');
INSERT INTO LOCATION (ID,USER_ID,COORDINATE_ID,RADIUS_METERS,NAME) VALUES (124,78,98,9218,'Overland Park');
INSERT INTO LOCATION (ID,USER_ID,COORDINATE_ID,RADIUS_METERS,NAME) VALUES (125,34,4,8385,'Darmstadt');
INSERT INTO LOCATION (ID,USER_ID,COORDINATE_ID,RADIUS_METERS,NAME) VALUES (126,662,84,9324,'Rothes');
INSERT INTO LOCATION (ID,USER_ID,COORDINATE_ID,RADIUS_METERS,NAME) VALUES (127,190,13,6121,'Tallahassee');
INSERT INTO LOCATION (ID,USER_ID,COORDINATE_ID,RADIUS_METERS,NAME) VALUES (128,656,69,6900,'Kooigem');
INSERT INTO LOCATION (ID,USER_ID,COORDINATE_ID,RADIUS_METERS,NAME) VALUES (129,575,52,7531,'Springfield');
INSERT INTO LOCATION (ID,USER_ID,COORDINATE_ID,RADIUS_METERS,NAME) VALUES (130,211,29,3651,'Schellebelle');
INSERT INTO LOCATION (ID,USER_ID,COORDINATE_ID,RADIUS_METERS,NAME) VALUES (131,290,35,2064,'Aartrijke');
INSERT INTO LOCATION (ID,USER_ID,COORDINATE_ID,RADIUS_METERS,NAME) VALUES (132,72,54,1904,'Saint-Remy');
INSERT INTO LOCATION (ID,USER_ID,COORDINATE_ID,RADIUS_METERS,NAME) VALUES (133,157,25,957,'Saint-Rhmy-en-Bosses');
INSERT INTO LOCATION (ID,USER_ID,COORDINATE_ID,RADIUS_METERS,NAME) VALUES (134,65,5,9959,'Priolo Gargallo');
INSERT INTO LOCATION (ID,USER_ID,COORDINATE_ID,RADIUS_METERS,NAME) VALUES (135,419,34,9481,'Nazilli');
INSERT INTO LOCATION (ID,USER_ID,COORDINATE_ID,RADIUS_METERS,NAME) VALUES (136,46,3,9541,'Tongrinne');
INSERT INTO LOCATION (ID,USER_ID,COORDINATE_ID,RADIUS_METERS,NAME) VALUES (137,327,61,8112,'Lamont');
INSERT INTO LOCATION (ID,USER_ID,COORDINATE_ID,RADIUS_METERS,NAME) VALUES (138,339,76,2483,'Halifax');
INSERT INTO LOCATION (ID,USER_ID,COORDINATE_ID,RADIUS_METERS,NAME) VALUES (139,132,59,8384,'Workington');
INSERT INTO LOCATION (ID,USER_ID,COORDINATE_ID,RADIUS_METERS,NAME) VALUES (140,497,37,1129,'Rechnitz');
INSERT INTO LOCATION (ID,USER_ID,COORDINATE_ID,RADIUS_METERS,NAME) VALUES (141,627,87,617,'Bad Hersfeld');
INSERT INTO LOCATION (ID,USER_ID,COORDINATE_ID,RADIUS_METERS,NAME) VALUES (142,417,31,3130,'North Vancouver');
INSERT INTO LOCATION (ID,USER_ID,COORDINATE_ID,RADIUS_METERS,NAME) VALUES (143,950,98,5348,'Termes');
INSERT INTO LOCATION (ID,USER_ID,COORDINATE_ID,RADIUS_METERS,NAME) VALUES (144,687,84,7715,'Tirupati');
INSERT INTO LOCATION (ID,USER_ID,COORDINATE_ID,RADIUS_METERS,NAME) VALUES (145,77,91,1219,'Fahler');
INSERT INTO LOCATION (ID,USER_ID,COORDINATE_ID,RADIUS_METERS,NAME) VALUES (146,363,24,6533,'Bearberry');
INSERT INTO LOCATION (ID,USER_ID,COORDINATE_ID,RADIUS_METERS,NAME) VALUES (147,216,5,3060,'Develi');
INSERT INTO LOCATION (ID,USER_ID,COORDINATE_ID,RADIUS_METERS,NAME) VALUES (148,196,41,889,'Weyburn');
INSERT INTO LOCATION (ID,USER_ID,COORDINATE_ID,RADIUS_METERS,NAME) VALUES (149,506,28,6856,'Kirkintilloch');
INSERT INTO LOCATION (ID,USER_ID,COORDINATE_ID,RADIUS_METERS,NAME) VALUES (150,108,99,2243,'Halen');
INSERT INTO LOCATION (ID,USER_ID,COORDINATE_ID,RADIUS_METERS,NAME) VALUES (151,136,16,8194,'Le Cannet');
INSERT INTO LOCATION (ID,USER_ID,COORDINATE_ID,RADIUS_METERS,NAME) VALUES (152,637,92,5797,'Abergavenny');
INSERT INTO LOCATION (ID,USER_ID,COORDINATE_ID,RADIUS_METERS,NAME) VALUES (153,130,59,9554,'Leugnies');
INSERT INTO LOCATION (ID,USER_ID,COORDINATE_ID,RADIUS_METERS,NAME) VALUES (154,999,55,4261,'Pace del Mela');
INSERT INTO LOCATION (ID,USER_ID,COORDINATE_ID,RADIUS_METERS,NAME) VALUES (155,660,98,2492,'Campos dos Goytacazes');
INSERT INTO LOCATION (ID,USER_ID,COORDINATE_ID,RADIUS_METERS,NAME) VALUES (156,497,78,7305,'Roosbeek');
INSERT INTO LOCATION (ID,USER_ID,COORDINATE_ID,RADIUS_METERS,NAME) VALUES (157,264,91,4703,'Castel Guelfo di Bologna');
INSERT INTO LOCATION (ID,USER_ID,COORDINATE_ID,RADIUS_METERS,NAME) VALUES (158,147,86,8840,'Sagar');
INSERT INTO LOCATION (ID,USER_ID,COORDINATE_ID,RADIUS_METERS,NAME) VALUES (159,73,32,289,'Bodmin');
INSERT INTO LOCATION (ID,USER_ID,COORDINATE_ID,RADIUS_METERS,NAME) VALUES (160,76,68,8523,'Uberaba');
INSERT INTO LOCATION (ID,USER_ID,COORDINATE_ID,RADIUS_METERS,NAME) VALUES (161,488,85,7473,'Burin');
INSERT INTO LOCATION (ID,USER_ID,COORDINATE_ID,RADIUS_METERS,NAME) VALUES (162,190,67,7733,'Finkenstein am Faaker See');
INSERT INTO LOCATION (ID,USER_ID,COORDINATE_ID,RADIUS_METERS,NAME) VALUES (163,22,69,2729,'Cambiago');
INSERT INTO LOCATION (ID,USER_ID,COORDINATE_ID,RADIUS_METERS,NAME) VALUES (164,984,43,680,'Oostkerke');
INSERT INTO LOCATION (ID,USER_ID,COORDINATE_ID,RADIUS_METERS,NAME) VALUES (165,919,14,1309,'Markham');
INSERT INTO LOCATION (ID,USER_ID,COORDINATE_ID,RADIUS_METERS,NAME) VALUES (166,849,18,3133,'Kempten');
INSERT INTO LOCATION (ID,USER_ID,COORDINATE_ID,RADIUS_METERS,NAME) VALUES (167,776,96,6007,'Destelbergen');
INSERT INTO LOCATION (ID,USER_ID,COORDINATE_ID,RADIUS_METERS,NAME) VALUES (168,157,73,2632,'Corswarem');
INSERT INTO LOCATION (ID,USER_ID,COORDINATE_ID,RADIUS_METERS,NAME) VALUES (169,658,28,3447,'Stirling');
INSERT INTO LOCATION (ID,USER_ID,COORDINATE_ID,RADIUS_METERS,NAME) VALUES (170,842,58,6621,'Akron');
INSERT INTO LOCATION (ID,USER_ID,COORDINATE_ID,RADIUS_METERS,NAME) VALUES (171,135,94,3358,'Sint-Martens-Bodegem');
INSERT INTO LOCATION (ID,USER_ID,COORDINATE_ID,RADIUS_METERS,NAME) VALUES (172,393,28,1894,'Viddalba');
INSERT INTO LOCATION (ID,USER_ID,COORDINATE_ID,RADIUS_METERS,NAME) VALUES (173,663,47,9392,'Spinoso');
INSERT INTO LOCATION (ID,USER_ID,COORDINATE_ID,RADIUS_METERS,NAME) VALUES (174,590,9,9624,'Oordegem');
INSERT INTO LOCATION (ID,USER_ID,COORDINATE_ID,RADIUS_METERS,NAME) VALUES (175,805,73,4604,'Caloundra');
INSERT INTO LOCATION (ID,USER_ID,COORDINATE_ID,RADIUS_METERS,NAME) VALUES (176,250,76,1095,'Habay');
INSERT INTO LOCATION (ID,USER_ID,COORDINATE_ID,RADIUS_METERS,NAME) VALUES (177,16,32,9150,'Waidhofen an der Ybbs');
INSERT INTO LOCATION (ID,USER_ID,COORDINATE_ID,RADIUS_METERS,NAME) VALUES (178,499,81,2994,'Connah''s Quay');
INSERT INTO LOCATION (ID,USER_ID,COORDINATE_ID,RADIUS_METERS,NAME) VALUES (179,10,89,296,'Lige');
INSERT INTO LOCATION (ID,USER_ID,COORDINATE_ID,RADIUS_METERS,NAME) VALUES (180,395,96,474,'Tira');
INSERT INTO LOCATION (ID,USER_ID,COORDINATE_ID,RADIUS_METERS,NAME) VALUES (181,415,71,6574,'Beerse');
INSERT INTO LOCATION (ID,USER_ID,COORDINATE_ID,RADIUS_METERS,NAME) VALUES (182,628,26,5236,'Chaumont-Gistoux');
INSERT INTO LOCATION (ID,USER_ID,COORDINATE_ID,RADIUS_METERS,NAME) VALUES (183,410,98,8250,'Marilles');
INSERT INTO LOCATION (ID,USER_ID,COORDINATE_ID,RADIUS_METERS,NAME) VALUES (184,867,81,9587,'Vieuxville');
INSERT INTO LOCATION (ID,USER_ID,COORDINATE_ID,RADIUS_METERS,NAME) VALUES (185,454,26,81,'San Javier');
INSERT INTO LOCATION (ID,USER_ID,COORDINATE_ID,RADIUS_METERS,NAME) VALUES (186,892,83,5749,'Aiseau');
INSERT INTO LOCATION (ID,USER_ID,COORDINATE_ID,RADIUS_METERS,NAME) VALUES (187,860,60,5176,'Estevan');
INSERT INTO LOCATION (ID,USER_ID,COORDINATE_ID,RADIUS_METERS,NAME) VALUES (188,938,88,6709,'Minucciano');
INSERT INTO LOCATION (ID,USER_ID,COORDINATE_ID,RADIUS_METERS,NAME) VALUES (189,979,22,1064,'Wolfsburg');
INSERT INTO LOCATION (ID,USER_ID,COORDINATE_ID,RADIUS_METERS,NAME) VALUES (190,971,83,621,'Guysborough');
INSERT INTO LOCATION (ID,USER_ID,COORDINATE_ID,RADIUS_METERS,NAME) VALUES (191,202,34,9324,'Beuzet');
INSERT INTO LOCATION (ID,USER_ID,COORDINATE_ID,RADIUS_METERS,NAME) VALUES (192,508,51,2854,'Sonipat');
INSERT INTO LOCATION (ID,USER_ID,COORDINATE_ID,RADIUS_METERS,NAME) VALUES (193,581,48,4403,'Taber');
INSERT INTO LOCATION (ID,USER_ID,COORDINATE_ID,RADIUS_METERS,NAME) VALUES (194,652,34,6172,'Minto');
INSERT INTO LOCATION (ID,USER_ID,COORDINATE_ID,RADIUS_METERS,NAME) VALUES (195,330,47,955,'Laramie');
INSERT INTO LOCATION (ID,USER_ID,COORDINATE_ID,RADIUS_METERS,NAME) VALUES (196,67,75,7167,'Villers-lez-Heest');
INSERT INTO LOCATION (ID,USER_ID,COORDINATE_ID,RADIUS_METERS,NAME) VALUES (197,778,14,4132,'El Carmen');
INSERT INTO LOCATION (ID,USER_ID,COORDINATE_ID,RADIUS_METERS,NAME) VALUES (198,389,93,5713,'Melville');
INSERT INTO LOCATION (ID,USER_ID,COORDINATE_ID,RADIUS_METERS,NAME) VALUES (199,772,20,1579,'Argenteuil');
INSERT INTO LOCATION (ID,USER_ID,COORDINATE_ID,RADIUS_METERS,NAME) VALUES (200,623,54,3754,'Prince Albert');
INSERT INTO LOCATION (ID,USER_ID,COORDINATE_ID,RADIUS_METERS,NAME) VALUES (201,343,15,9901,'Bargagli');
INSERT INTO LOCATION (ID,USER_ID,COORDINATE_ID,RADIUS_METERS,NAME) VALUES (202,430,81,6988,'Lincoln');
INSERT INTO LOCATION (ID,USER_ID,COORDINATE_ID,RADIUS_METERS,NAME) VALUES (203,694,95,6098,'Frankenthal');
INSERT INTO LOCATION (ID,USER_ID,COORDINATE_ID,RADIUS_METERS,NAME) VALUES (204,452,79,5216,'Jolanda di Savoia');
INSERT INTO LOCATION (ID,USER_ID,COORDINATE_ID,RADIUS_METERS,NAME) VALUES (205,14,21,761,'Madison');
INSERT INTO LOCATION (ID,USER_ID,COORDINATE_ID,RADIUS_METERS,NAME) VALUES (206,223,79,7850,'Mussy-la-Ville');
INSERT INTO LOCATION (ID,USER_ID,COORDINATE_ID,RADIUS_METERS,NAME) VALUES (207,842,37,4566,'Turriff');
INSERT INTO LOCATION (ID,USER_ID,COORDINATE_ID,RADIUS_METERS,NAME) VALUES (208,850,15,141,'Bida');
INSERT INTO LOCATION (ID,USER_ID,COORDINATE_ID,RADIUS_METERS,NAME) VALUES (209,342,70,4763,'Desamparados');
INSERT INTO LOCATION (ID,USER_ID,COORDINATE_ID,RADIUS_METERS,NAME) VALUES (210,714,46,3399,'Spiere');
INSERT INTO LOCATION (ID,USER_ID,COORDINATE_ID,RADIUS_METERS,NAME) VALUES (211,999,49,6465,'Villafranca in Lunigiana');
INSERT INTO LOCATION (ID,USER_ID,COORDINATE_ID,RADIUS_METERS,NAME) VALUES (212,14,79,4185,'Heist-aan-Zee');
INSERT INTO LOCATION (ID,USER_ID,COORDINATE_ID,RADIUS_METERS,NAME) VALUES (213,81,26,1865,'Sant''Eusanio Forconese');
INSERT INTO LOCATION (ID,USER_ID,COORDINATE_ID,RADIUS_METERS,NAME) VALUES (214,373,85,4095,'Nacimiento');
INSERT INTO LOCATION (ID,USER_ID,COORDINATE_ID,RADIUS_METERS,NAME) VALUES (215,916,38,5572,'Galvarino');
INSERT INTO LOCATION (ID,USER_ID,COORDINATE_ID,RADIUS_METERS,NAME) VALUES (216,754,69,56,'Emmen');
INSERT INTO LOCATION (ID,USER_ID,COORDINATE_ID,RADIUS_METERS,NAME) VALUES (217,342,64,650,'Bingen');
INSERT INTO LOCATION (ID,USER_ID,COORDINATE_ID,RADIUS_METERS,NAME) VALUES (218,801,15,7387,'Sint-Katherina-Lombeek');
INSERT INTO LOCATION (ID,USER_ID,COORDINATE_ID,RADIUS_METERS,NAME) VALUES (219,149,75,5322,'Mfil');
INSERT INTO LOCATION (ID,USER_ID,COORDINATE_ID,RADIUS_METERS,NAME) VALUES (220,306,44,9168,'Valpelline');
INSERT INTO LOCATION (ID,USER_ID,COORDINATE_ID,RADIUS_METERS,NAME) VALUES (221,260,95,1967,'Quinte West');
INSERT INTO LOCATION (ID,USER_ID,COORDINATE_ID,RADIUS_METERS,NAME) VALUES (222,391,39,8153,'Strathcona County');
INSERT INTO LOCATION (ID,USER_ID,COORDINATE_ID,RADIUS_METERS,NAME) VALUES (223,123,37,2060,'Mabompr');
INSERT INTO LOCATION (ID,USER_ID,COORDINATE_ID,RADIUS_METERS,NAME) VALUES (224,821,24,8037,'Kingussie');
INSERT INTO LOCATION (ID,USER_ID,COORDINATE_ID,RADIUS_METERS,NAME) VALUES (225,42,64,6839,'Valladolid');
INSERT INTO LOCATION (ID,USER_ID,COORDINATE_ID,RADIUS_METERS,NAME) VALUES (226,328,78,6890,'Lembeek');
INSERT INTO LOCATION (ID,USER_ID,COORDINATE_ID,RADIUS_METERS,NAME) VALUES (227,601,73,9200,'Secunderabad');
INSERT INTO LOCATION (ID,USER_ID,COORDINATE_ID,RADIUS_METERS,NAME) VALUES (228,226,93,2558,'Evere');
INSERT INTO LOCATION (ID,USER_ID,COORDINATE_ID,RADIUS_METERS,NAME) VALUES (229,424,46,2443,'Saint-Marc');
INSERT INTO LOCATION (ID,USER_ID,COORDINATE_ID,RADIUS_METERS,NAME) VALUES (230,82,93,796,'Cabildo');
INSERT INTO LOCATION (ID,USER_ID,COORDINATE_ID,RADIUS_METERS,NAME) VALUES (231,362,45,4543,'Villarrica');
INSERT INTO LOCATION (ID,USER_ID,COORDINATE_ID,RADIUS_METERS,NAME) VALUES (232,245,13,7423,'Pettoranello del Molise');
INSERT INTO LOCATION (ID,USER_ID,COORDINATE_ID,RADIUS_METERS,NAME) VALUES (233,442,15,4366,'Ila');
INSERT INTO LOCATION (ID,USER_ID,COORDINATE_ID,RADIUS_METERS,NAME) VALUES (234,609,7,4511,'Loverval');
INSERT INTO LOCATION (ID,USER_ID,COORDINATE_ID,RADIUS_METERS,NAME) VALUES (235,913,90,679,'Isola di Capo Rizzuto');
INSERT INTO LOCATION (ID,USER_ID,COORDINATE_ID,RADIUS_METERS,NAME) VALUES (236,528,88,2643,'Zaventem');
INSERT INTO LOCATION (ID,USER_ID,COORDINATE_ID,RADIUS_METERS,NAME) VALUES (237,488,77,4631,'Notre-Dame-de-la-Salette');
INSERT INTO LOCATION (ID,USER_ID,COORDINATE_ID,RADIUS_METERS,NAME) VALUES (238,255,31,7921,'Savona');
INSERT INTO LOCATION (ID,USER_ID,COORDINATE_ID,RADIUS_METERS,NAME) VALUES (239,706,83,9403,'Lolol');
INSERT INTO LOCATION (ID,USER_ID,COORDINATE_ID,RADIUS_METERS,NAME) VALUES (240,87,75,3698,'Naninne');
INSERT INTO LOCATION (ID,USER_ID,COORDINATE_ID,RADIUS_METERS,NAME) VALUES (241,131,7,8909,'Clearwater Municipal District');
INSERT INTO LOCATION (ID,USER_ID,COORDINATE_ID,RADIUS_METERS,NAME) VALUES (242,100,30,4843,'Cuglieri');
INSERT INTO LOCATION (ID,USER_ID,COORDINATE_ID,RADIUS_METERS,NAME) VALUES (243,859,7,5021,'Daly');
INSERT INTO LOCATION (ID,USER_ID,COORDINATE_ID,RADIUS_METERS,NAME) VALUES (244,112,54,2075,'Angoulme');
INSERT INTO LOCATION (ID,USER_ID,COORDINATE_ID,RADIUS_METERS,NAME) VALUES (245,283,45,758,'Shillong');
INSERT INTO LOCATION (ID,USER_ID,COORDINATE_ID,RADIUS_METERS,NAME) VALUES (246,519,12,301,'Sheffield');
INSERT INTO LOCATION (ID,USER_ID,COORDINATE_ID,RADIUS_METERS,NAME) VALUES (247,657,3,1735,'Spinoso');
INSERT INTO LOCATION (ID,USER_ID,COORDINATE_ID,RADIUS_METERS,NAME) VALUES (248,630,25,1875,'Crystal Springs');
INSERT INTO LOCATION (ID,USER_ID,COORDINATE_ID,RADIUS_METERS,NAME) VALUES (249,692,43,2921,'Saint-Nicolas');
INSERT INTO LOCATION (ID,USER_ID,COORDINATE_ID,RADIUS_METERS,NAME) VALUES (250,200,54,8771,'Amravati');
INSERT INTO LOCATION (ID,USER_ID,COORDINATE_ID,RADIUS_METERS,NAME) VALUES (251,192,89,243,'St. John''s');
INSERT INTO LOCATION (ID,USER_ID,COORDINATE_ID,RADIUS_METERS,NAME) VALUES (252,342,24,7312,'Montleban');
INSERT INTO LOCATION (ID,USER_ID,COORDINATE_ID,RADIUS_METERS,NAME) VALUES (253,446,17,8383,'Windermere');
INSERT INTO LOCATION (ID,USER_ID,COORDINATE_ID,RADIUS_METERS,NAME) VALUES (254,634,21,3323,'Rio nell''Elba');
INSERT INTO LOCATION (ID,USER_ID,COORDINATE_ID,RADIUS_METERS,NAME) VALUES (255,19,76,4484,'Kelowna');
INSERT INTO LOCATION (ID,USER_ID,COORDINATE_ID,RADIUS_METERS,NAME) VALUES (256,175,14,3576,'Tintange');
INSERT INTO LOCATION (ID,USER_ID,COORDINATE_ID,RADIUS_METERS,NAME) VALUES (257,485,32,4082,'Mission');
INSERT INTO LOCATION (ID,USER_ID,COORDINATE_ID,RADIUS_METERS,NAME) VALUES (258,815,100,9951,'Treguaco');
INSERT INTO LOCATION (ID,USER_ID,COORDINATE_ID,RADIUS_METERS,NAME) VALUES (259,349,28,1756,'Santiago');
INSERT INTO LOCATION (ID,USER_ID,COORDINATE_ID,RADIUS_METERS,NAME) VALUES (260,833,50,8325,'Habra');
INSERT INTO LOCATION (ID,USER_ID,COORDINATE_ID,RADIUS_METERS,NAME) VALUES (261,441,81,4489,'San Luca');
INSERT INTO LOCATION (ID,USER_ID,COORDINATE_ID,RADIUS_METERS,NAME) VALUES (262,846,18,5546,'Monfumo');
INSERT INTO LOCATION (ID,USER_ID,COORDINATE_ID,RADIUS_METERS,NAME) VALUES (263,405,53,4026,'Albacete');
INSERT INTO LOCATION (ID,USER_ID,COORDINATE_ID,RADIUS_METERS,NAME) VALUES (264,417,70,3228,'Heestert');
INSERT INTO LOCATION (ID,USER_ID,COORDINATE_ID,RADIUS_METERS,NAME) VALUES (265,514,56,7713,'Walsall');
INSERT INTO LOCATION (ID,USER_ID,COORDINATE_ID,RADIUS_METERS,NAME) VALUES (266,542,7,2633,'Jaranwala');
INSERT INTO LOCATION (ID,USER_ID,COORDINATE_ID,RADIUS_METERS,NAME) VALUES (267,890,27,767,'Strongoli');
INSERT INTO LOCATION (ID,USER_ID,COORDINATE_ID,RADIUS_METERS,NAME) VALUES (268,347,4,5142,'Terragnolo');
INSERT INTO LOCATION (ID,USER_ID,COORDINATE_ID,RADIUS_METERS,NAME) VALUES (269,366,75,4082,'Fishguard');
INSERT INTO LOCATION (ID,USER_ID,COORDINATE_ID,RADIUS_METERS,NAME) VALUES (270,244,88,5155,'Grey County');
INSERT INTO LOCATION (ID,USER_ID,COORDINATE_ID,RADIUS_METERS,NAME) VALUES (271,273,37,950,'Pica');
INSERT INTO LOCATION (ID,USER_ID,COORDINATE_ID,RADIUS_METERS,NAME) VALUES (272,580,85,6631,'Hof');
INSERT INTO LOCATION (ID,USER_ID,COORDINATE_ID,RADIUS_METERS,NAME) VALUES (273,485,14,3782,'Lige');
INSERT INTO LOCATION (ID,USER_ID,COORDINATE_ID,RADIUS_METERS,NAME) VALUES (274,946,42,442,'Rae-Edzo');
INSERT INTO LOCATION (ID,USER_ID,COORDINATE_ID,RADIUS_METERS,NAME) VALUES (275,584,12,6387,'Dera Ghazi Khan');
INSERT INTO LOCATION (ID,USER_ID,COORDINATE_ID,RADIUS_METERS,NAME) VALUES (276,900,18,2903,'Mount Pearl');
INSERT INTO LOCATION (ID,USER_ID,COORDINATE_ID,RADIUS_METERS,NAME) VALUES (277,113,38,6531,'Huntingdon');
INSERT INTO LOCATION (ID,USER_ID,COORDINATE_ID,RADIUS_METERS,NAME) VALUES (278,482,56,6636,'Ville de Maniwaki');
INSERT INTO LOCATION (ID,USER_ID,COORDINATE_ID,RADIUS_METERS,NAME) VALUES (279,931,43,6281,'Dokkum');
INSERT INTO LOCATION (ID,USER_ID,COORDINATE_ID,RADIUS_METERS,NAME) VALUES (280,664,36,567,'Gonnosn');
INSERT INTO LOCATION (ID,USER_ID,COORDINATE_ID,RADIUS_METERS,NAME) VALUES (281,482,32,4979,'Reno');
INSERT INTO LOCATION (ID,USER_ID,COORDINATE_ID,RADIUS_METERS,NAME) VALUES (282,304,45,4925,'Blind River');
INSERT INTO LOCATION (ID,USER_ID,COORDINATE_ID,RADIUS_METERS,NAME) VALUES (283,208,74,5294,'Meix-le-Tige');
INSERT INTO LOCATION (ID,USER_ID,COORDINATE_ID,RADIUS_METERS,NAME) VALUES (284,163,40,3519,'Dumbarton');
INSERT INTO LOCATION (ID,USER_ID,COORDINATE_ID,RADIUS_METERS,NAME) VALUES (285,372,59,8913,'Brechin');
INSERT INTO LOCATION (ID,USER_ID,COORDINATE_ID,RADIUS_METERS,NAME) VALUES (286,890,33,5414,'Bellevue');
INSERT INTO LOCATION (ID,USER_ID,COORDINATE_ID,RADIUS_METERS,NAME) VALUES (287,39,42,2249,'Kitchener');
INSERT INTO LOCATION (ID,USER_ID,COORDINATE_ID,RADIUS_METERS,NAME) VALUES (288,884,39,9178,'Chennai');
INSERT INTO LOCATION (ID,USER_ID,COORDINATE_ID,RADIUS_METERS,NAME) VALUES (289,535,18,6047,'Rosoux-Crenwick');
INSERT INTO LOCATION (ID,USER_ID,COORDINATE_ID,RADIUS_METERS,NAME) VALUES (290,322,10,5973,'Hompr');
INSERT INTO LOCATION (ID,USER_ID,COORDINATE_ID,RADIUS_METERS,NAME) VALUES (291,394,92,3180,'Vannes');
INSERT INTO LOCATION (ID,USER_ID,COORDINATE_ID,RADIUS_METERS,NAME) VALUES (292,221,93,7256,'Perchtoldsdorf');
INSERT INTO LOCATION (ID,USER_ID,COORDINATE_ID,RADIUS_METERS,NAME) VALUES (293,450,75,1555,'Wekweti');
INSERT INTO LOCATION (ID,USER_ID,COORDINATE_ID,RADIUS_METERS,NAME) VALUES (294,781,64,4273,'Quedlinburg');
INSERT INTO LOCATION (ID,USER_ID,COORDINATE_ID,RADIUS_METERS,NAME) VALUES (295,922,38,1837,'Enkhuizen');
INSERT INTO LOCATION (ID,USER_ID,COORDINATE_ID,RADIUS_METERS,NAME) VALUES (296,550,94,609,'Talagante');
INSERT INTO LOCATION (ID,USER_ID,COORDINATE_ID,RADIUS_METERS,NAME) VALUES (297,521,3,9026,'Pointe-aux-Trembles');
INSERT INTO LOCATION (ID,USER_ID,COORDINATE_ID,RADIUS_METERS,NAME) VALUES (298,403,8,6038,'Fiuminata');
INSERT INTO LOCATION (ID,USER_ID,COORDINATE_ID,RADIUS_METERS,NAME) VALUES (299,52,95,505,'Orilla');
INSERT INTO LOCATION (ID,USER_ID,COORDINATE_ID,RADIUS_METERS,NAME) VALUES (300,756,17,3772,'Nocera Umbra');
INSERT INTO LOCATION (ID,USER_ID,COORDINATE_ID,RADIUS_METERS,NAME) VALUES (301,558,14,5899,'Pietrasanta');
INSERT INTO LOCATION (ID,USER_ID,COORDINATE_ID,RADIUS_METERS,NAME) VALUES (302,789,6,3914,'Olcenengo');
INSERT INTO LOCATION (ID,USER_ID,COORDINATE_ID,RADIUS_METERS,NAME) VALUES (303,415,53,3186,'Hollabrunn');
INSERT INTO LOCATION (ID,USER_ID,COORDINATE_ID,RADIUS_METERS,NAME) VALUES (304,253,85,3029,'Guelph');
INSERT INTO LOCATION (ID,USER_ID,COORDINATE_ID,RADIUS_METERS,NAME) VALUES (305,496,94,2371,'Amstelveen');
INSERT INTO LOCATION (ID,USER_ID,COORDINATE_ID,RADIUS_METERS,NAME) VALUES (306,170,6,1231,'Abergele');
INSERT INTO LOCATION (ID,USER_ID,COORDINATE_ID,RADIUS_METERS,NAME) VALUES (307,311,13,1363,'Caledon');
INSERT INTO LOCATION (ID,USER_ID,COORDINATE_ID,RADIUS_METERS,NAME) VALUES (308,719,49,2687,'Zielona Gra');
INSERT INTO LOCATION (ID,USER_ID,COORDINATE_ID,RADIUS_METERS,NAME) VALUES (309,23,16,8284,'Redwater');
INSERT INTO LOCATION (ID,USER_ID,COORDINATE_ID,RADIUS_METERS,NAME) VALUES (310,196,76,5202,'Baltasound');
INSERT INTO LOCATION (ID,USER_ID,COORDINATE_ID,RADIUS_METERS,NAME) VALUES (311,767,100,9525,'Liverpool');
INSERT INTO LOCATION (ID,USER_ID,COORDINATE_ID,RADIUS_METERS,NAME) VALUES (312,688,93,9228,'Meer');
INSERT INTO LOCATION (ID,USER_ID,COORDINATE_ID,RADIUS_METERS,NAME) VALUES (313,31,100,6460,'San Juan (San Juan de Tibs)');
INSERT INTO LOCATION (ID,USER_ID,COORDINATE_ID,RADIUS_METERS,NAME) VALUES (314,529,19,3580,'Menai Bridge');
INSERT INTO LOCATION (ID,USER_ID,COORDINATE_ID,RADIUS_METERS,NAME) VALUES (315,205,9,2273,'Maiduguri');
INSERT INTO LOCATION (ID,USER_ID,COORDINATE_ID,RADIUS_METERS,NAME) VALUES (316,589,30,5788,'Orilla');
INSERT INTO LOCATION (ID,USER_ID,COORDINATE_ID,RADIUS_METERS,NAME) VALUES (317,682,58,5588,'Langen');
INSERT INTO LOCATION (ID,USER_ID,COORDINATE_ID,RADIUS_METERS,NAME) VALUES (318,240,13,9950,'Freire');
INSERT INTO LOCATION (ID,USER_ID,COORDINATE_ID,RADIUS_METERS,NAME) VALUES (319,428,21,4023,'Kakisa');
INSERT INTO LOCATION (ID,USER_ID,COORDINATE_ID,RADIUS_METERS,NAME) VALUES (320,619,69,1378,'Palagano');
INSERT INTO LOCATION (ID,USER_ID,COORDINATE_ID,RADIUS_METERS,NAME) VALUES (321,830,90,7654,'Alix');
INSERT INTO LOCATION (ID,USER_ID,COORDINATE_ID,RADIUS_METERS,NAME) VALUES (322,546,33,8905,'Pica');
INSERT INTO LOCATION (ID,USER_ID,COORDINATE_ID,RADIUS_METERS,NAME) VALUES (323,861,45,1934,'Pune');
INSERT INTO LOCATION (ID,USER_ID,COORDINATE_ID,RADIUS_METERS,NAME) VALUES (324,886,8,4177,'Jalna');
INSERT INTO LOCATION (ID,USER_ID,COORDINATE_ID,RADIUS_METERS,NAME) VALUES (325,461,89,1109,'Incourt');
INSERT INTO LOCATION (ID,USER_ID,COORDINATE_ID,RADIUS_METERS,NAME) VALUES (326,394,7,1431,'Forge-Philippe');
INSERT INTO LOCATION (ID,USER_ID,COORDINATE_ID,RADIUS_METERS,NAME) VALUES (327,791,58,5291,'Burns Lake');
INSERT INTO LOCATION (ID,USER_ID,COORDINATE_ID,RADIUS_METERS,NAME) VALUES (328,54,3,1056,'Marche-les-Dames');
INSERT INTO LOCATION (ID,USER_ID,COORDINATE_ID,RADIUS_METERS,NAME) VALUES (329,307,80,6073,'Strongoli');
INSERT INTO LOCATION (ID,USER_ID,COORDINATE_ID,RADIUS_METERS,NAME) VALUES (330,478,32,3161,'Irvine');
INSERT INTO LOCATION (ID,USER_ID,COORDINATE_ID,RADIUS_METERS,NAME) VALUES (331,533,20,9041,'Bruderheim');
INSERT INTO LOCATION (ID,USER_ID,COORDINATE_ID,RADIUS_METERS,NAME) VALUES (332,569,12,2619,'Fort Wayne');
INSERT INTO LOCATION (ID,USER_ID,COORDINATE_ID,RADIUS_METERS,NAME) VALUES (333,445,85,3867,'Ogbomosho');
INSERT INTO LOCATION (ID,USER_ID,COORDINATE_ID,RADIUS_METERS,NAME) VALUES (334,350,64,6335,'Louisville');
INSERT INTO LOCATION (ID,USER_ID,COORDINATE_ID,RADIUS_METERS,NAME) VALUES (335,365,31,1788,'Poulseur');
INSERT INTO LOCATION (ID,USER_ID,COORDINATE_ID,RADIUS_METERS,NAME) VALUES (336,524,36,7921,'Comblain-la-Tour');
INSERT INTO LOCATION (ID,USER_ID,COORDINATE_ID,RADIUS_METERS,NAME) VALUES (337,742,20,6068,'Chtillon');
INSERT INTO LOCATION (ID,USER_ID,COORDINATE_ID,RADIUS_METERS,NAME) VALUES (338,249,34,5293,'Castel Maggiore');
INSERT INTO LOCATION (ID,USER_ID,COORDINATE_ID,RADIUS_METERS,NAME) VALUES (339,60,23,352,'Dillenburg');
INSERT INTO LOCATION (ID,USER_ID,COORDINATE_ID,RADIUS_METERS,NAME) VALUES (340,779,90,6356,'Linkping');
INSERT INTO LOCATION (ID,USER_ID,COORDINATE_ID,RADIUS_METERS,NAME) VALUES (341,232,57,622,'Opdorp');
INSERT INTO LOCATION (ID,USER_ID,COORDINATE_ID,RADIUS_METERS,NAME) VALUES (342,578,27,849,'Modakeke');
INSERT INTO LOCATION (ID,USER_ID,COORDINATE_ID,RADIUS_METERS,NAME) VALUES (343,664,61,915,'Enterprise');
INSERT INTO LOCATION (ID,USER_ID,COORDINATE_ID,RADIUS_METERS,NAME) VALUES (344,971,75,4537,'Alma');
INSERT INTO LOCATION (ID,USER_ID,COORDINATE_ID,RADIUS_METERS,NAME) VALUES (345,68,4,842,'Pepingen');
INSERT INTO LOCATION (ID,USER_ID,COORDINATE_ID,RADIUS_METERS,NAME) VALUES (346,372,92,1965,'San Fabin');
INSERT INTO LOCATION (ID,USER_ID,COORDINATE_ID,RADIUS_METERS,NAME) VALUES (347,129,9,6993,'Dunbar');
INSERT INTO LOCATION (ID,USER_ID,COORDINATE_ID,RADIUS_METERS,NAME) VALUES (348,165,27,1656,'Przemyl');
INSERT INTO LOCATION (ID,USER_ID,COORDINATE_ID,RADIUS_METERS,NAME) VALUES (349,187,80,9159,'Uluberia');
INSERT INTO LOCATION (ID,USER_ID,COORDINATE_ID,RADIUS_METERS,NAME) VALUES (350,123,52,9235,'Poitiers');
INSERT INTO LOCATION (ID,USER_ID,COORDINATE_ID,RADIUS_METERS,NAME) VALUES (351,67,24,9992,'Villa Santo Stefano');
INSERT INTO LOCATION (ID,USER_ID,COORDINATE_ID,RADIUS_METERS,NAME) VALUES (352,605,32,6086,'Saint-Pierre');
INSERT INTO LOCATION (ID,USER_ID,COORDINATE_ID,RADIUS_METERS,NAME) VALUES (353,546,41,9227,'Provost');
INSERT INTO LOCATION (ID,USER_ID,COORDINATE_ID,RADIUS_METERS,NAME) VALUES (354,970,75,8409,'Isle-aux-Coudres');
INSERT INTO LOCATION (ID,USER_ID,COORDINATE_ID,RADIUS_METERS,NAME) VALUES (355,818,97,1358,'Rocca d''Arce');
INSERT INTO LOCATION (ID,USER_ID,COORDINATE_ID,RADIUS_METERS,NAME) VALUES (356,127,54,8915,'Forbach');
INSERT INTO LOCATION (ID,USER_ID,COORDINATE_ID,RADIUS_METERS,NAME) VALUES (357,836,52,771,'Narcao');
INSERT INTO LOCATION (ID,USER_ID,COORDINATE_ID,RADIUS_METERS,NAME) VALUES (358,493,29,7047,'Mornimont');
INSERT INTO LOCATION (ID,USER_ID,COORDINATE_ID,RADIUS_METERS,NAME) VALUES (359,192,4,5717,'Albury');
INSERT INTO LOCATION (ID,USER_ID,COORDINATE_ID,RADIUS_METERS,NAME) VALUES (360,69,78,6194,'Tramonti di Sopra');
INSERT INTO LOCATION (ID,USER_ID,COORDINATE_ID,RADIUS_METERS,NAME) VALUES (361,158,53,9439,'Blenheim');
INSERT INTO LOCATION (ID,USER_ID,COORDINATE_ID,RADIUS_METERS,NAME) VALUES (362,503,31,7432,'Beigem');
INSERT INTO LOCATION (ID,USER_ID,COORDINATE_ID,RADIUS_METERS,NAME) VALUES (363,524,22,5712,'Tallahassee');
INSERT INTO LOCATION (ID,USER_ID,COORDINATE_ID,RADIUS_METERS,NAME) VALUES (364,354,58,1473,'Moio Alcantara');
INSERT INTO LOCATION (ID,USER_ID,COORDINATE_ID,RADIUS_METERS,NAME) VALUES (365,541,86,4033,'Whitehaven');
INSERT INTO LOCATION (ID,USER_ID,COORDINATE_ID,RADIUS_METERS,NAME) VALUES (366,925,93,3513,'Moere');
INSERT INTO LOCATION (ID,USER_ID,COORDINATE_ID,RADIUS_METERS,NAME) VALUES (367,600,93,2376,'St. Veit an der Glan');
INSERT INTO LOCATION (ID,USER_ID,COORDINATE_ID,RADIUS_METERS,NAME) VALUES (368,986,42,7076,'La Spezia');
INSERT INTO LOCATION (ID,USER_ID,COORDINATE_ID,RADIUS_METERS,NAME) VALUES (369,880,33,1805,'Calco');
INSERT INTO LOCATION (ID,USER_ID,COORDINATE_ID,RADIUS_METERS,NAME) VALUES (370,198,84,1682,'Quillota');
INSERT INTO LOCATION (ID,USER_ID,COORDINATE_ID,RADIUS_METERS,NAME) VALUES (371,617,77,8102,'Chicoutimi');
INSERT INTO LOCATION (ID,USER_ID,COORDINATE_ID,RADIUS_METERS,NAME) VALUES (372,958,71,6461,'Dordrecht');
INSERT INTO LOCATION (ID,USER_ID,COORDINATE_ID,RADIUS_METERS,NAME) VALUES (373,296,51,7034,'Fort Collins');
INSERT INTO LOCATION (ID,USER_ID,COORDINATE_ID,RADIUS_METERS,NAME) VALUES (374,159,95,5497,'San Joaqun');
INSERT INTO LOCATION (ID,USER_ID,COORDINATE_ID,RADIUS_METERS,NAME) VALUES (375,417,35,7381,'Mannheim');
INSERT INTO LOCATION (ID,USER_ID,COORDINATE_ID,RADIUS_METERS,NAME) VALUES (376,271,51,4169,'Racine');
INSERT INTO LOCATION (ID,USER_ID,COORDINATE_ID,RADIUS_METERS,NAME) VALUES (377,209,31,6687,'Ipatinga');
INSERT INTO LOCATION (ID,USER_ID,COORDINATE_ID,RADIUS_METERS,NAME) VALUES (378,212,37,6665,'Onze-Lieve-Vrouw-Lombeek');
INSERT INTO LOCATION (ID,USER_ID,COORDINATE_ID,RADIUS_METERS,NAME) VALUES (379,433,85,4420,'Bhavnagar');
INSERT INTO LOCATION (ID,USER_ID,COORDINATE_ID,RADIUS_METERS,NAME) VALUES (380,257,65,3980,'Halifax');
INSERT INTO LOCATION (ID,USER_ID,COORDINATE_ID,RADIUS_METERS,NAME) VALUES (381,867,99,5811,'Bahraich');
INSERT INTO LOCATION (ID,USER_ID,COORDINATE_ID,RADIUS_METERS,NAME) VALUES (382,882,5,6870,'Kunglv');
INSERT INTO LOCATION (ID,USER_ID,COORDINATE_ID,RADIUS_METERS,NAME) VALUES (383,924,33,4107,'Barrhead');
INSERT INTO LOCATION (ID,USER_ID,COORDINATE_ID,RADIUS_METERS,NAME) VALUES (384,58,47,3886,'Ingelheim');
INSERT INTO LOCATION (ID,USER_ID,COORDINATE_ID,RADIUS_METERS,NAME) VALUES (385,973,86,8216,'Swadlincote');
INSERT INTO LOCATION (ID,USER_ID,COORDINATE_ID,RADIUS_METERS,NAME) VALUES (386,904,10,2978,'Pagazzano');
INSERT INTO LOCATION (ID,USER_ID,COORDINATE_ID,RADIUS_METERS,NAME) VALUES (387,595,69,124,'Greater Sudbury');
INSERT INTO LOCATION (ID,USER_ID,COORDINATE_ID,RADIUS_METERS,NAME) VALUES (388,851,10,9121,'Rouyn-Noranda');
INSERT INTO LOCATION (ID,USER_ID,COORDINATE_ID,RADIUS_METERS,NAME) VALUES (389,853,88,8019,'Portree');
INSERT INTO LOCATION (ID,USER_ID,COORDINATE_ID,RADIUS_METERS,NAME) VALUES (390,383,99,5324,'Castres');
INSERT INTO LOCATION (ID,USER_ID,COORDINATE_ID,RADIUS_METERS,NAME) VALUES (391,228,48,1414,'Sauris');
INSERT INTO LOCATION (ID,USER_ID,COORDINATE_ID,RADIUS_METERS,NAME) VALUES (392,160,33,8653,'Minto');
INSERT INTO LOCATION (ID,USER_ID,COORDINATE_ID,RADIUS_METERS,NAME) VALUES (393,661,19,8278,'Itterbeek');
INSERT INTO LOCATION (ID,USER_ID,COORDINATE_ID,RADIUS_METERS,NAME) VALUES (394,375,15,6446,'Prato Carnico');
INSERT INTO LOCATION (ID,USER_ID,COORDINATE_ID,RADIUS_METERS,NAME) VALUES (395,712,72,8487,'Pollena Trocchia');
INSERT INTO LOCATION (ID,USER_ID,COORDINATE_ID,RADIUS_METERS,NAME) VALUES (396,981,69,3349,'Lebbeke');
INSERT INTO LOCATION (ID,USER_ID,COORDINATE_ID,RADIUS_METERS,NAME) VALUES (397,990,72,8321,'Cholet');
INSERT INTO LOCATION (ID,USER_ID,COORDINATE_ID,RADIUS_METERS,NAME) VALUES (398,967,38,5777,'Nancagua');
INSERT INTO LOCATION (ID,USER_ID,COORDINATE_ID,RADIUS_METERS,NAME) VALUES (399,122,31,3579,'Santu Lussurgiu');
INSERT INTO LOCATION (ID,USER_ID,COORDINATE_ID,RADIUS_METERS,NAME) VALUES (400,800,88,8548,'Arzano');
INSERT INTO LOCATION (ID,USER_ID,COORDINATE_ID,RADIUS_METERS,NAME) VALUES (401,912,48,7989,'Ponoka');
INSERT INTO LOCATION (ID,USER_ID,COORDINATE_ID,RADIUS_METERS,NAME) VALUES (402,760,40,2814,'San Gregorio nelle Alpi');
INSERT INTO LOCATION (ID,USER_ID,COORDINATE_ID,RADIUS_METERS,NAME) VALUES (403,662,47,6450,'Mandasor');
INSERT INTO LOCATION (ID,USER_ID,COORDINATE_ID,RADIUS_METERS,NAME) VALUES (404,899,22,558,'Ludwigshafen');
INSERT INTO LOCATION (ID,USER_ID,COORDINATE_ID,RADIUS_METERS,NAME) VALUES (405,204,6,8211,'Warszawa');
INSERT INTO LOCATION (ID,USER_ID,COORDINATE_ID,RADIUS_METERS,NAME) VALUES (406,40,31,5122,'Sedgewick');
INSERT INTO LOCATION (ID,USER_ID,COORDINATE_ID,RADIUS_METERS,NAME) VALUES (407,563,51,2977,'Montjovet');
INSERT INTO LOCATION (ID,USER_ID,COORDINATE_ID,RADIUS_METERS,NAME) VALUES (408,688,49,2238,'Fraserburgh');
INSERT INTO LOCATION (ID,USER_ID,COORDINATE_ID,RADIUS_METERS,NAME) VALUES (409,54,87,9459,'Viernheim');
INSERT INTO LOCATION (ID,USER_ID,COORDINATE_ID,RADIUS_METERS,NAME) VALUES (410,544,91,4855,'Whitehorse');
INSERT INTO LOCATION (ID,USER_ID,COORDINATE_ID,RADIUS_METERS,NAME) VALUES (411,903,34,7061,'Boneffe');
INSERT INTO LOCATION (ID,USER_ID,COORDINATE_ID,RADIUS_METERS,NAME) VALUES (412,599,28,8636,'Comox');
INSERT INTO LOCATION (ID,USER_ID,COORDINATE_ID,RADIUS_METERS,NAME) VALUES (413,325,82,839,'Wrigley');
INSERT INTO LOCATION (ID,USER_ID,COORDINATE_ID,RADIUS_METERS,NAME) VALUES (414,305,52,9844,'Halifax');
INSERT INTO LOCATION (ID,USER_ID,COORDINATE_ID,RADIUS_METERS,NAME) VALUES (415,951,47,7508,'Scarborough');
INSERT INTO LOCATION (ID,USER_ID,COORDINATE_ID,RADIUS_METERS,NAME) VALUES (416,36,82,3157,'San Vicente');
INSERT INTO LOCATION (ID,USER_ID,COORDINATE_ID,RADIUS_METERS,NAME) VALUES (417,835,58,6652,'Vcklabruck');
INSERT INTO LOCATION (ID,USER_ID,COORDINATE_ID,RADIUS_METERS,NAME) VALUES (418,58,9,6674,'Banbury');
INSERT INTO LOCATION (ID,USER_ID,COORDINATE_ID,RADIUS_METERS,NAME) VALUES (419,80,72,1341,'Andacollo');
INSERT INTO LOCATION (ID,USER_ID,COORDINATE_ID,RADIUS_METERS,NAME) VALUES (420,411,44,9506,'Saint-Eugne-de-Guigues');
INSERT INTO LOCATION (ID,USER_ID,COORDINATE_ID,RADIUS_METERS,NAME) VALUES (421,773,32,7932,'Fort Providence');
INSERT INTO LOCATION (ID,USER_ID,COORDINATE_ID,RADIUS_METERS,NAME) VALUES (422,911,24,2147,'Nizip');
INSERT INTO LOCATION (ID,USER_ID,COORDINATE_ID,RADIUS_METERS,NAME) VALUES (423,548,15,7325,'Eisenstadt');
INSERT INTO LOCATION (ID,USER_ID,COORDINATE_ID,RADIUS_METERS,NAME) VALUES (424,386,61,1911,'Grimma');
INSERT INTO LOCATION (ID,USER_ID,COORDINATE_ID,RADIUS_METERS,NAME) VALUES (425,596,37,5379,'Sint-Martens-Bodegem');
INSERT INTO LOCATION (ID,USER_ID,COORDINATE_ID,RADIUS_METERS,NAME) VALUES (426,228,54,5871,'Trieste');
INSERT INTO LOCATION (ID,USER_ID,COORDINATE_ID,RADIUS_METERS,NAME) VALUES (427,364,72,4651,'Chestermere');
INSERT INTO LOCATION (ID,USER_ID,COORDINATE_ID,RADIUS_METERS,NAME) VALUES (428,528,25,9920,'Opheylissem');
INSERT INTO LOCATION (ID,USER_ID,COORDINATE_ID,RADIUS_METERS,NAME) VALUES (429,307,94,664,'Chalon-sur-Sane');
INSERT INTO LOCATION (ID,USER_ID,COORDINATE_ID,RADIUS_METERS,NAME) VALUES (430,356,88,3421,'Tomaszw Mazowiecki');
INSERT INTO LOCATION (ID,USER_ID,COORDINATE_ID,RADIUS_METERS,NAME) VALUES (431,281,32,6299,'Perth');
INSERT INTO LOCATION (ID,USER_ID,COORDINATE_ID,RADIUS_METERS,NAME) VALUES (432,165,70,3559,'Fontanafredda');
INSERT INTO LOCATION (ID,USER_ID,COORDINATE_ID,RADIUS_METERS,NAME) VALUES (433,465,61,6509,'Saint-Georges');
INSERT INTO LOCATION (ID,USER_ID,COORDINATE_ID,RADIUS_METERS,NAME) VALUES (434,151,8,2856,'Fratta Todina');
INSERT INTO LOCATION (ID,USER_ID,COORDINATE_ID,RADIUS_METERS,NAME) VALUES (435,368,32,5451,'Wanganui');
INSERT INTO LOCATION (ID,USER_ID,COORDINATE_ID,RADIUS_METERS,NAME) VALUES (436,353,46,9870,'Perth');
INSERT INTO LOCATION (ID,USER_ID,COORDINATE_ID,RADIUS_METERS,NAME) VALUES (437,625,26,6656,'Rae Lakes');
INSERT INTO LOCATION (ID,USER_ID,COORDINATE_ID,RADIUS_METERS,NAME) VALUES (438,620,77,8117,'Columbus');
INSERT INTO LOCATION (ID,USER_ID,COORDINATE_ID,RADIUS_METERS,NAME) VALUES (439,182,66,9947,'Panketal');
INSERT INTO LOCATION (ID,USER_ID,COORDINATE_ID,RADIUS_METERS,NAME) VALUES (440,791,22,5998,'Bautzen');
INSERT INTO LOCATION (ID,USER_ID,COORDINATE_ID,RADIUS_METERS,NAME) VALUES (441,77,28,671,'Rossignol');
INSERT INTO LOCATION (ID,USER_ID,COORDINATE_ID,RADIUS_METERS,NAME) VALUES (442,953,60,9071,'Tumbler Ridge');
INSERT INTO LOCATION (ID,USER_ID,COORDINATE_ID,RADIUS_METERS,NAME) VALUES (443,588,60,5170,'Eisleben');
INSERT INTO LOCATION (ID,USER_ID,COORDINATE_ID,RADIUS_METERS,NAME) VALUES (444,794,66,4772,'Blue Mountains');
INSERT INTO LOCATION (ID,USER_ID,COORDINATE_ID,RADIUS_METERS,NAME) VALUES (445,154,50,6564,'Victoria');
INSERT INTO LOCATION (ID,USER_ID,COORDINATE_ID,RADIUS_METERS,NAME) VALUES (446,581,45,4281,'Kontich');
INSERT INTO LOCATION (ID,USER_ID,COORDINATE_ID,RADIUS_METERS,NAME) VALUES (447,862,87,2507,'Pomarolo');
INSERT INTO LOCATION (ID,USER_ID,COORDINATE_ID,RADIUS_METERS,NAME) VALUES (448,604,72,3331,'Viranehir');
INSERT INTO LOCATION (ID,USER_ID,COORDINATE_ID,RADIUS_METERS,NAME) VALUES (449,392,69,3303,'Okotoks');
INSERT INTO LOCATION (ID,USER_ID,COORDINATE_ID,RADIUS_METERS,NAME) VALUES (450,659,98,7466,'Picton');
INSERT INTO LOCATION (ID,USER_ID,COORDINATE_ID,RADIUS_METERS,NAME) VALUES (451,379,91,1954,'Senneville');
INSERT INTO LOCATION (ID,USER_ID,COORDINATE_ID,RADIUS_METERS,NAME) VALUES (452,822,74,4826,'Gullegem');
INSERT INTO LOCATION (ID,USER_ID,COORDINATE_ID,RADIUS_METERS,NAME) VALUES (453,412,77,5202,'Aisn');
INSERT INTO LOCATION (ID,USER_ID,COORDINATE_ID,RADIUS_METERS,NAME) VALUES (454,11,98,2960,'Burlington');
INSERT INTO LOCATION (ID,USER_ID,COORDINATE_ID,RADIUS_METERS,NAME) VALUES (455,460,42,6058,'Richmond');
INSERT INTO LOCATION (ID,USER_ID,COORDINATE_ID,RADIUS_METERS,NAME) VALUES (456,633,70,8290,'mamolu');
INSERT INTO LOCATION (ID,USER_ID,COORDINATE_ID,RADIUS_METERS,NAME) VALUES (457,25,83,599,'San Donato di Ninea');
INSERT INTO LOCATION (ID,USER_ID,COORDINATE_ID,RADIUS_METERS,NAME) VALUES (458,901,83,1069,'Comox');
INSERT INTO LOCATION (ID,USER_ID,COORDINATE_ID,RADIUS_METERS,NAME) VALUES (459,999,23,8075,'Drtyol');
INSERT INTO LOCATION (ID,USER_ID,COORDINATE_ID,RADIUS_METERS,NAME) VALUES (460,186,46,11,'San Benedetto del Tronto');
INSERT INTO LOCATION (ID,USER_ID,COORDINATE_ID,RADIUS_METERS,NAME) VALUES (461,979,60,4726,'Bhimavaram');
INSERT INTO LOCATION (ID,USER_ID,COORDINATE_ID,RADIUS_METERS,NAME) VALUES (462,483,36,6649,'Herenthout');
INSERT INTO LOCATION (ID,USER_ID,COORDINATE_ID,RADIUS_METERS,NAME) VALUES (463,404,31,6625,'San Mauro Marchesato');
INSERT INTO LOCATION (ID,USER_ID,COORDINATE_ID,RADIUS_METERS,NAME) VALUES (464,687,78,5545,'San Pietro Avellana');
INSERT INTO LOCATION (ID,USER_ID,COORDINATE_ID,RADIUS_METERS,NAME) VALUES (465,837,87,7239,'Massa e Cozzile');
INSERT INTO LOCATION (ID,USER_ID,COORDINATE_ID,RADIUS_METERS,NAME) VALUES (466,488,71,7429,'Zierikzee');
INSERT INTO LOCATION (ID,USER_ID,COORDINATE_ID,RADIUS_METERS,NAME) VALUES (467,307,82,6038,'Rauco');
INSERT INTO LOCATION (ID,USER_ID,COORDINATE_ID,RADIUS_METERS,NAME) VALUES (468,118,63,6469,'Ribeiro das Neves');
INSERT INTO LOCATION (ID,USER_ID,COORDINATE_ID,RADIUS_METERS,NAME) VALUES (469,361,53,5172,'Serrata');
INSERT INTO LOCATION (ID,USER_ID,COORDINATE_ID,RADIUS_METERS,NAME) VALUES (470,499,36,1047,'Ruisbroek');
INSERT INTO LOCATION (ID,USER_ID,COORDINATE_ID,RADIUS_METERS,NAME) VALUES (471,263,80,4786,'Offida');
INSERT INTO LOCATION (ID,USER_ID,COORDINATE_ID,RADIUS_METERS,NAME) VALUES (472,71,46,5324,'Auburn');
INSERT INTO LOCATION (ID,USER_ID,COORDINATE_ID,RADIUS_METERS,NAME) VALUES (473,452,4,3602,'Melsele');
INSERT INTO LOCATION (ID,USER_ID,COORDINATE_ID,RADIUS_METERS,NAME) VALUES (474,291,9,4341,'Pogliano Milanese');
INSERT INTO LOCATION (ID,USER_ID,COORDINATE_ID,RADIUS_METERS,NAME) VALUES (475,983,34,7706,'Camrose');
INSERT INTO LOCATION (ID,USER_ID,COORDINATE_ID,RADIUS_METERS,NAME) VALUES (476,339,35,4655,'Wells');
INSERT INTO LOCATION (ID,USER_ID,COORDINATE_ID,RADIUS_METERS,NAME) VALUES (477,758,81,8907,'Gooik');
INSERT INTO LOCATION (ID,USER_ID,COORDINATE_ID,RADIUS_METERS,NAME) VALUES (478,600,33,506,'Ovalle');
INSERT INTO LOCATION (ID,USER_ID,COORDINATE_ID,RADIUS_METERS,NAME) VALUES (479,469,66,2563,'Piagge');
INSERT INTO LOCATION (ID,USER_ID,COORDINATE_ID,RADIUS_METERS,NAME) VALUES (480,820,82,2220,'Ribnitz-Damgarten');
INSERT INTO LOCATION (ID,USER_ID,COORDINATE_ID,RADIUS_METERS,NAME) VALUES (481,137,51,3517,'Roux-Miroir');
INSERT INTO LOCATION (ID,USER_ID,COORDINATE_ID,RADIUS_METERS,NAME) VALUES (482,622,21,1236,'Gondiya');
INSERT INTO LOCATION (ID,USER_ID,COORDINATE_ID,RADIUS_METERS,NAME) VALUES (483,126,14,6913,'Russell');
INSERT INTO LOCATION (ID,USER_ID,COORDINATE_ID,RADIUS_METERS,NAME) VALUES (484,732,35,9986,'Burnie');
INSERT INTO LOCATION (ID,USER_ID,COORDINATE_ID,RADIUS_METERS,NAME) VALUES (485,220,67,5526,'Hannche');
INSERT INTO LOCATION (ID,USER_ID,COORDINATE_ID,RADIUS_METERS,NAME) VALUES (486,921,28,2151,'Saint Andr');
INSERT INTO LOCATION (ID,USER_ID,COORDINATE_ID,RADIUS_METERS,NAME) VALUES (487,629,26,5105,'Enterprise');
INSERT INTO LOCATION (ID,USER_ID,COORDINATE_ID,RADIUS_METERS,NAME) VALUES (488,667,80,774,'Paine');
INSERT INTO LOCATION (ID,USER_ID,COORDINATE_ID,RADIUS_METERS,NAME) VALUES (489,159,91,8720,'Avise');
INSERT INTO LOCATION (ID,USER_ID,COORDINATE_ID,RADIUS_METERS,NAME) VALUES (490,416,15,1962,'Fortune');
INSERT INTO LOCATION (ID,USER_ID,COORDINATE_ID,RADIUS_METERS,NAME) VALUES (491,942,66,4070,'Victoria');
INSERT INTO LOCATION (ID,USER_ID,COORDINATE_ID,RADIUS_METERS,NAME) VALUES (492,676,78,488,'Morpeth');
INSERT INTO LOCATION (ID,USER_ID,COORDINATE_ID,RADIUS_METERS,NAME) VALUES (493,857,71,2966,'Vieste');
INSERT INTO LOCATION (ID,USER_ID,COORDINATE_ID,RADIUS_METERS,NAME) VALUES (494,768,66,2732,'Ruda');
INSERT INTO LOCATION (ID,USER_ID,COORDINATE_ID,RADIUS_METERS,NAME) VALUES (495,705,80,4284,'Ranst');
INSERT INTO LOCATION (ID,USER_ID,COORDINATE_ID,RADIUS_METERS,NAME) VALUES (496,666,30,2182,'Bruckneudorf');
INSERT INTO LOCATION (ID,USER_ID,COORDINATE_ID,RADIUS_METERS,NAME) VALUES (497,612,42,9661,'Verrayes');
INSERT INTO LOCATION (ID,USER_ID,COORDINATE_ID,RADIUS_METERS,NAME) VALUES (498,579,97,311,'Aizwal');
INSERT INTO LOCATION (ID,USER_ID,COORDINATE_ID,RADIUS_METERS,NAME) VALUES (499,654,23,4379,'Lasne');
INSERT INTO LOCATION (ID,USER_ID,COORDINATE_ID,RADIUS_METERS,NAME) VALUES (500,326,14,8735,'Harrison Hot Springs');
INSERT INTO LOCATION (ID,USER_ID,COORDINATE_ID,RADIUS_METERS,NAME) VALUES (501,794,55,1599,'Iqaluit');
INSERT INTO LOCATION (ID,USER_ID,COORDINATE_ID,RADIUS_METERS,NAME) VALUES (502,506,74,5288,'Papudo');
INSERT INTO LOCATION (ID,USER_ID,COORDINATE_ID,RADIUS_METERS,NAME) VALUES (503,774,34,7892,'Bevilacqua');
INSERT INTO LOCATION (ID,USER_ID,COORDINATE_ID,RADIUS_METERS,NAME) VALUES (504,957,57,1067,'Baardegem');
INSERT INTO LOCATION (ID,USER_ID,COORDINATE_ID,RADIUS_METERS,NAME) VALUES (505,502,71,7257,'Nmes');
INSERT INTO LOCATION (ID,USER_ID,COORDINATE_ID,RADIUS_METERS,NAME) VALUES (506,822,15,7748,'Latour');
INSERT INTO LOCATION (ID,USER_ID,COORDINATE_ID,RADIUS_METERS,NAME) VALUES (507,242,65,5291,'Cumnock');
INSERT INTO LOCATION (ID,USER_ID,COORDINATE_ID,RADIUS_METERS,NAME) VALUES (508,144,59,7352,'Zelzate');
INSERT INTO LOCATION (ID,USER_ID,COORDINATE_ID,RADIUS_METERS,NAME) VALUES (509,247,21,1926,'Helena');
INSERT INTO LOCATION (ID,USER_ID,COORDINATE_ID,RADIUS_METERS,NAME) VALUES (510,985,49,5673,'Pamplona');
INSERT INTO LOCATION (ID,USER_ID,COORDINATE_ID,RADIUS_METERS,NAME) VALUES (511,413,25,1343,'Rocky View');
INSERT INTO LOCATION (ID,USER_ID,COORDINATE_ID,RADIUS_METERS,NAME) VALUES (512,480,15,5990,'Valley East');
INSERT INTO LOCATION (ID,USER_ID,COORDINATE_ID,RADIUS_METERS,NAME) VALUES (513,962,93,2955,'Stekene');
INSERT INTO LOCATION (ID,USER_ID,COORDINATE_ID,RADIUS_METERS,NAME) VALUES (514,293,91,6397,'Offenbach am Main');
INSERT INTO LOCATION (ID,USER_ID,COORDINATE_ID,RADIUS_METERS,NAME) VALUES (515,602,88,6219,'Bahawalpur');
INSERT INTO LOCATION (ID,USER_ID,COORDINATE_ID,RADIUS_METERS,NAME) VALUES (516,605,33,3132,'Trogne');
INSERT INTO LOCATION (ID,USER_ID,COORDINATE_ID,RADIUS_METERS,NAME) VALUES (517,944,94,9750,'Kingston');
INSERT INTO LOCATION (ID,USER_ID,COORDINATE_ID,RADIUS_METERS,NAME) VALUES (518,167,27,5324,'Hastings');
INSERT INTO LOCATION (ID,USER_ID,COORDINATE_ID,RADIUS_METERS,NAME) VALUES (519,238,24,3589,'Lago Verde');
INSERT INTO LOCATION (ID,USER_ID,COORDINATE_ID,RADIUS_METERS,NAME) VALUES (520,53,89,9460,'Stockerau');
INSERT INTO LOCATION (ID,USER_ID,COORDINATE_ID,RADIUS_METERS,NAME) VALUES (521,49,38,1405,'Essex');
INSERT INTO LOCATION (ID,USER_ID,COORDINATE_ID,RADIUS_METERS,NAME) VALUES (522,319,23,6425,'Quenast');
INSERT INTO LOCATION (ID,USER_ID,COORDINATE_ID,RADIUS_METERS,NAME) VALUES (523,796,41,3057,'Castiglione di Sicilia');
INSERT INTO LOCATION (ID,USER_ID,COORDINATE_ID,RADIUS_METERS,NAME) VALUES (524,316,18,5137,'Vorst');
INSERT INTO LOCATION (ID,USER_ID,COORDINATE_ID,RADIUS_METERS,NAME) VALUES (525,405,65,1965,'Friedrichsdorf');
INSERT INTO LOCATION (ID,USER_ID,COORDINATE_ID,RADIUS_METERS,NAME) VALUES (526,638,81,477,'Bay Roberts');
INSERT INTO LOCATION (ID,USER_ID,COORDINATE_ID,RADIUS_METERS,NAME) VALUES (527,35,24,8280,'Musson');
INSERT INTO LOCATION (ID,USER_ID,COORDINATE_ID,RADIUS_METERS,NAME) VALUES (528,949,60,9662,'Ilkeston');
INSERT INTO LOCATION (ID,USER_ID,COORDINATE_ID,RADIUS_METERS,NAME) VALUES (529,14,33,3242,'Bismil');
INSERT INTO LOCATION (ID,USER_ID,COORDINATE_ID,RADIUS_METERS,NAME) VALUES (530,536,87,2324,'Loksbergen');
INSERT INTO LOCATION (ID,USER_ID,COORDINATE_ID,RADIUS_METERS,NAME) VALUES (531,537,5,2103,'Lompret');
INSERT INTO LOCATION (ID,USER_ID,COORDINATE_ID,RADIUS_METERS,NAME) VALUES (532,18,81,8202,'Moe');
INSERT INTO LOCATION (ID,USER_ID,COORDINATE_ID,RADIUS_METERS,NAME) VALUES (533,766,91,1203,'Leduc');
INSERT INTO LOCATION (ID,USER_ID,COORDINATE_ID,RADIUS_METERS,NAME) VALUES (534,303,49,3466,'Omaha');
INSERT INTO LOCATION (ID,USER_ID,COORDINATE_ID,RADIUS_METERS,NAME) VALUES (535,327,81,3297,'Wardin');
INSERT INTO LOCATION (ID,USER_ID,COORDINATE_ID,RADIUS_METERS,NAME) VALUES (536,325,11,2179,'Ligny');
INSERT INTO LOCATION (ID,USER_ID,COORDINATE_ID,RADIUS_METERS,NAME) VALUES (537,578,30,1948,'Pudukkottai');
INSERT INTO LOCATION (ID,USER_ID,COORDINATE_ID,RADIUS_METERS,NAME) VALUES (538,16,51,1234,'Curridabat');
INSERT INTO LOCATION (ID,USER_ID,COORDINATE_ID,RADIUS_METERS,NAME) VALUES (539,303,55,1388,'Trier');
INSERT INTO LOCATION (ID,USER_ID,COORDINATE_ID,RADIUS_METERS,NAME) VALUES (540,964,30,3529,'Kimberly');
INSERT INTO LOCATION (ID,USER_ID,COORDINATE_ID,RADIUS_METERS,NAME) VALUES (541,335,91,8279,'LaSalle');
INSERT INTO LOCATION (ID,USER_ID,COORDINATE_ID,RADIUS_METERS,NAME) VALUES (542,933,84,5944,'Rahim Yar Khan');
INSERT INTO LOCATION (ID,USER_ID,COORDINATE_ID,RADIUS_METERS,NAME) VALUES (543,197,61,7506,'Laramie');
INSERT INTO LOCATION (ID,USER_ID,COORDINATE_ID,RADIUS_METERS,NAME) VALUES (544,112,16,8684,'Paulatuk');
INSERT INTO LOCATION (ID,USER_ID,COORDINATE_ID,RADIUS_METERS,NAME) VALUES (545,154,29,2860,'Curepto');
INSERT INTO LOCATION (ID,USER_ID,COORDINATE_ID,RADIUS_METERS,NAME) VALUES (546,717,21,5510,'Gaithersburg');
INSERT INTO LOCATION (ID,USER_ID,COORDINATE_ID,RADIUS_METERS,NAME) VALUES (547,931,66,8756,'Teruel');
INSERT INTO LOCATION (ID,USER_ID,COORDINATE_ID,RADIUS_METERS,NAME) VALUES (548,796,29,2034,'Saguenay');
INSERT INTO LOCATION (ID,USER_ID,COORDINATE_ID,RADIUS_METERS,NAME) VALUES (549,278,44,563,'Castelvetere in Val Fortore');
INSERT INTO LOCATION (ID,USER_ID,COORDINATE_ID,RADIUS_METERS,NAME) VALUES (550,111,59,2988,'Campolieto');
INSERT INTO LOCATION (ID,USER_ID,COORDINATE_ID,RADIUS_METERS,NAME) VALUES (551,641,48,105,'Sunset Point');
INSERT INTO LOCATION (ID,USER_ID,COORDINATE_ID,RADIUS_METERS,NAME) VALUES (552,139,40,2005,'Lac-Serent');
INSERT INTO LOCATION (ID,USER_ID,COORDINATE_ID,RADIUS_METERS,NAME) VALUES (553,342,43,9802,'Maranguape');
INSERT INTO LOCATION (ID,USER_ID,COORDINATE_ID,RADIUS_METERS,NAME) VALUES (554,858,65,5484,'Feldkirch');
INSERT INTO LOCATION (ID,USER_ID,COORDINATE_ID,RADIUS_METERS,NAME) VALUES (555,393,30,1962,'Bridgnorth');
INSERT INTO LOCATION (ID,USER_ID,COORDINATE_ID,RADIUS_METERS,NAME) VALUES (556,463,41,8924,'Saint Louis');
INSERT INTO LOCATION (ID,USER_ID,COORDINATE_ID,RADIUS_METERS,NAME) VALUES (557,892,17,2615,'Leernes');
INSERT INTO LOCATION (ID,USER_ID,COORDINATE_ID,RADIUS_METERS,NAME) VALUES (558,265,87,9780,'Ashoknagar-Kalyangarh');
INSERT INTO LOCATION (ID,USER_ID,COORDINATE_ID,RADIUS_METERS,NAME) VALUES (559,902,82,3190,'East Gwillimbury');
INSERT INTO LOCATION (ID,USER_ID,COORDINATE_ID,RADIUS_METERS,NAME) VALUES (560,793,30,8668,'Labrecque');
INSERT INTO LOCATION (ID,USER_ID,COORDINATE_ID,RADIUS_METERS,NAME) VALUES (561,154,8,6235,'Macerata');
INSERT INTO LOCATION (ID,USER_ID,COORDINATE_ID,RADIUS_METERS,NAME) VALUES (562,678,54,7115,'Port Glasgow');
INSERT INTO LOCATION (ID,USER_ID,COORDINATE_ID,RADIUS_METERS,NAME) VALUES (563,812,8,5661,'Ussassai');
INSERT INTO LOCATION (ID,USER_ID,COORDINATE_ID,RADIUS_METERS,NAME) VALUES (564,633,4,3402,'Lier');
INSERT INTO LOCATION (ID,USER_ID,COORDINATE_ID,RADIUS_METERS,NAME) VALUES (565,721,73,6350,'Gruitrode');
INSERT INTO LOCATION (ID,USER_ID,COORDINATE_ID,RADIUS_METERS,NAME) VALUES (566,122,62,9643,'Temse');
INSERT INTO LOCATION (ID,USER_ID,COORDINATE_ID,RADIUS_METERS,NAME) VALUES (567,76,25,3257,'Geertruidenberg');
INSERT INTO LOCATION (ID,USER_ID,COORDINATE_ID,RADIUS_METERS,NAME) VALUES (568,524,79,6432,'Hondelange');
INSERT INTO LOCATION (ID,USER_ID,COORDINATE_ID,RADIUS_METERS,NAME) VALUES (569,133,54,3188,'Bras');
INSERT INTO LOCATION (ID,USER_ID,COORDINATE_ID,RADIUS_METERS,NAME) VALUES (570,370,61,7716,'Bicinicco');
INSERT INTO LOCATION (ID,USER_ID,COORDINATE_ID,RADIUS_METERS,NAME) VALUES (571,172,70,9783,'Saint-Rhmy-en-Bosses');
INSERT INTO LOCATION (ID,USER_ID,COORDINATE_ID,RADIUS_METERS,NAME) VALUES (572,796,26,1180,'Vitrival');
INSERT INTO LOCATION (ID,USER_ID,COORDINATE_ID,RADIUS_METERS,NAME) VALUES (573,273,30,5396,'Airdrie');
INSERT INTO LOCATION (ID,USER_ID,COORDINATE_ID,RADIUS_METERS,NAME) VALUES (574,998,28,9153,'Montpelier');
INSERT INTO LOCATION (ID,USER_ID,COORDINATE_ID,RADIUS_METERS,NAME) VALUES (575,843,92,3556,'Calmar');
INSERT INTO LOCATION (ID,USER_ID,COORDINATE_ID,RADIUS_METERS,NAME) VALUES (576,862,17,7246,'Bad Nauheim');
INSERT INTO LOCATION (ID,USER_ID,COORDINATE_ID,RADIUS_METERS,NAME) VALUES (577,39,5,2341,'Tobermory');
INSERT INTO LOCATION (ID,USER_ID,COORDINATE_ID,RADIUS_METERS,NAME) VALUES (578,280,65,3706,'Tours');
INSERT INTO LOCATION (ID,USER_ID,COORDINATE_ID,RADIUS_METERS,NAME) VALUES (579,440,71,88,'Hisar');
INSERT INTO LOCATION (ID,USER_ID,COORDINATE_ID,RADIUS_METERS,NAME) VALUES (580,569,9,4704,'Loy');
INSERT INTO LOCATION (ID,USER_ID,COORDINATE_ID,RADIUS_METERS,NAME) VALUES (581,472,92,1442,'Villa Agnedo');
INSERT INTO LOCATION (ID,USER_ID,COORDINATE_ID,RADIUS_METERS,NAME) VALUES (582,132,87,1094,'Massenhoven');
INSERT INTO LOCATION (ID,USER_ID,COORDINATE_ID,RADIUS_METERS,NAME) VALUES (583,960,60,1940,'Henderson');
INSERT INTO LOCATION (ID,USER_ID,COORDINATE_ID,RADIUS_METERS,NAME) VALUES (584,472,50,7372,'Pugwash');
INSERT INTO LOCATION (ID,USER_ID,COORDINATE_ID,RADIUS_METERS,NAME) VALUES (585,523,3,3969,'Scandriglia');
INSERT INTO LOCATION (ID,USER_ID,COORDINATE_ID,RADIUS_METERS,NAME) VALUES (586,630,22,138,'Erci');
INSERT INTO LOCATION (ID,USER_ID,COORDINATE_ID,RADIUS_METERS,NAME) VALUES (587,759,31,1343,'Hampstead');
INSERT INTO LOCATION (ID,USER_ID,COORDINATE_ID,RADIUS_METERS,NAME) VALUES (588,176,25,2824,'Gomz-Andoumont');
INSERT INTO LOCATION (ID,USER_ID,COORDINATE_ID,RADIUS_METERS,NAME) VALUES (589,275,82,4731,'Francavilla Fontana');
INSERT INTO LOCATION (ID,USER_ID,COORDINATE_ID,RADIUS_METERS,NAME) VALUES (590,649,46,4613,'Alvito');
INSERT INTO LOCATION (ID,USER_ID,COORDINATE_ID,RADIUS_METERS,NAME) VALUES (591,50,88,79,'Ettelgem');
INSERT INTO LOCATION (ID,USER_ID,COORDINATE_ID,RADIUS_METERS,NAME) VALUES (592,379,86,1630,'Oyen');
INSERT INTO LOCATION (ID,USER_ID,COORDINATE_ID,RADIUS_METERS,NAME) VALUES (593,956,71,8281,'Graven Grez-Doiceau');
INSERT INTO LOCATION (ID,USER_ID,COORDINATE_ID,RADIUS_METERS,NAME) VALUES (594,283,64,1423,'Ferrandina');
INSERT INTO LOCATION (ID,USER_ID,COORDINATE_ID,RADIUS_METERS,NAME) VALUES (595,436,39,7924,'Windsor');
INSERT INTO LOCATION (ID,USER_ID,COORDINATE_ID,RADIUS_METERS,NAME) VALUES (596,864,78,70,'Emmen');
INSERT INTO LOCATION (ID,USER_ID,COORDINATE_ID,RADIUS_METERS,NAME) VALUES (597,817,64,4851,'Jaipur');
INSERT INTO LOCATION (ID,USER_ID,COORDINATE_ID,RADIUS_METERS,NAME) VALUES (598,949,94,7915,'Haverfordwest');
INSERT INTO LOCATION (ID,USER_ID,COORDINATE_ID,RADIUS_METERS,NAME) VALUES (599,409,47,7638,'Moncrivello');
INSERT INTO LOCATION (ID,USER_ID,COORDINATE_ID,RADIUS_METERS,NAME) VALUES (600,359,62,8430,'Castello di Godego');
INSERT INTO LOCATION (ID,USER_ID,COORDINATE_ID,RADIUS_METERS,NAME) VALUES (601,115,70,7659,'Pulle');
INSERT INTO LOCATION (ID,USER_ID,COORDINATE_ID,RADIUS_METERS,NAME) VALUES (602,988,18,5700,'Dro');
INSERT INTO LOCATION (ID,USER_ID,COORDINATE_ID,RADIUS_METERS,NAME) VALUES (603,643,96,1817,'Ellikom');
INSERT INTO LOCATION (ID,USER_ID,COORDINATE_ID,RADIUS_METERS,NAME) VALUES (604,61,24,8027,'Bad Nauheim');
INSERT INTO LOCATION (ID,USER_ID,COORDINATE_ID,RADIUS_METERS,NAME) VALUES (605,804,54,7000,'Houston');
INSERT INTO LOCATION (ID,USER_ID,COORDINATE_ID,RADIUS_METERS,NAME) VALUES (606,763,73,4208,'Bangalore');
INSERT INTO LOCATION (ID,USER_ID,COORDINATE_ID,RADIUS_METERS,NAME) VALUES (607,541,14,3981,'Coleville Lake');
INSERT INTO LOCATION (ID,USER_ID,COORDINATE_ID,RADIUS_METERS,NAME) VALUES (608,239,45,2201,'Merritt');
INSERT INTO LOCATION (ID,USER_ID,COORDINATE_ID,RADIUS_METERS,NAME) VALUES (609,505,90,2530,'Maizeret');
INSERT INTO LOCATION (ID,USER_ID,COORDINATE_ID,RADIUS_METERS,NAME) VALUES (610,690,47,1759,'Namur');
INSERT INTO LOCATION (ID,USER_ID,COORDINATE_ID,RADIUS_METERS,NAME) VALUES (611,406,35,5019,'Coreglia Antelminelli');
INSERT INTO LOCATION (ID,USER_ID,COORDINATE_ID,RADIUS_METERS,NAME) VALUES (612,188,15,9080,'Te Puke');
INSERT INTO LOCATION (ID,USER_ID,COORDINATE_ID,RADIUS_METERS,NAME) VALUES (613,984,72,5607,'Nssj');
INSERT INTO LOCATION (ID,USER_ID,COORDINATE_ID,RADIUS_METERS,NAME) VALUES (614,987,95,2549,'Molino dei Torti');
INSERT INTO LOCATION (ID,USER_ID,COORDINATE_ID,RADIUS_METERS,NAME) VALUES (615,459,30,6269,'Essex');
INSERT INTO LOCATION (ID,USER_ID,COORDINATE_ID,RADIUS_METERS,NAME) VALUES (616,969,93,1894,'Alandur');
INSERT INTO LOCATION (ID,USER_ID,COORDINATE_ID,RADIUS_METERS,NAME) VALUES (617,765,57,8695,'Termes');
INSERT INTO LOCATION (ID,USER_ID,COORDINATE_ID,RADIUS_METERS,NAME) VALUES (618,779,41,5510,'Anchorage');
INSERT INTO LOCATION (ID,USER_ID,COORDINATE_ID,RADIUS_METERS,NAME) VALUES (619,15,29,8520,'Tavigny');
INSERT INTO LOCATION (ID,USER_ID,COORDINATE_ID,RADIUS_METERS,NAME) VALUES (620,680,48,5459,'Buxton');
INSERT INTO LOCATION (ID,USER_ID,COORDINATE_ID,RADIUS_METERS,NAME) VALUES (621,253,9,1600,'Richmond');
INSERT INTO LOCATION (ID,USER_ID,COORDINATE_ID,RADIUS_METERS,NAME) VALUES (622,715,81,7135,'Caprino Bergamasco');
INSERT INTO LOCATION (ID,USER_ID,COORDINATE_ID,RADIUS_METERS,NAME) VALUES (623,123,10,3744,'Waitara');
INSERT INTO LOCATION (ID,USER_ID,COORDINATE_ID,RADIUS_METERS,NAME) VALUES (624,143,100,705,'Wunstorf');
INSERT INTO LOCATION (ID,USER_ID,COORDINATE_ID,RADIUS_METERS,NAME) VALUES (625,534,59,406,'Gressoney-La-Trinit');
INSERT INTO LOCATION (ID,USER_ID,COORDINATE_ID,RADIUS_METERS,NAME) VALUES (626,348,10,9752,'Allappuzha');
INSERT INTO LOCATION (ID,USER_ID,COORDINATE_ID,RADIUS_METERS,NAME) VALUES (627,377,27,5451,'Maracana');
INSERT INTO LOCATION (ID,USER_ID,COORDINATE_ID,RADIUS_METERS,NAME) VALUES (628,857,61,2401,'Fayetteville');
INSERT INTO LOCATION (ID,USER_ID,COORDINATE_ID,RADIUS_METERS,NAME) VALUES (629,729,86,7328,'Lichtaart');
INSERT INTO LOCATION (ID,USER_ID,COORDINATE_ID,RADIUS_METERS,NAME) VALUES (630,400,37,6991,'Rotterdam');
INSERT INTO LOCATION (ID,USER_ID,COORDINATE_ID,RADIUS_METERS,NAME) VALUES (631,513,78,149,'Bearberry');
INSERT INTO LOCATION (ID,USER_ID,COORDINATE_ID,RADIUS_METERS,NAME) VALUES (632,677,65,8141,'Narcao');
INSERT INTO LOCATION (ID,USER_ID,COORDINATE_ID,RADIUS_METERS,NAME) VALUES (633,202,97,2659,'Villamassargia');
INSERT INTO LOCATION (ID,USER_ID,COORDINATE_ID,RADIUS_METERS,NAME) VALUES (634,692,43,9034,'Torino');
INSERT INTO LOCATION (ID,USER_ID,COORDINATE_ID,RADIUS_METERS,NAME) VALUES (635,721,42,2022,'Genzano di Lucania');
INSERT INTO LOCATION (ID,USER_ID,COORDINATE_ID,RADIUS_METERS,NAME) VALUES (636,420,44,6600,'Baulers');
INSERT INTO LOCATION (ID,USER_ID,COORDINATE_ID,RADIUS_METERS,NAME) VALUES (637,422,39,2572,'Wasseiges');
INSERT INTO LOCATION (ID,USER_ID,COORDINATE_ID,RADIUS_METERS,NAME) VALUES (638,986,3,947,'Ceppaloni');
INSERT INTO LOCATION (ID,USER_ID,COORDINATE_ID,RADIUS_METERS,NAME) VALUES (639,664,32,8774,'Sunset Point');
INSERT INTO LOCATION (ID,USER_ID,COORDINATE_ID,RADIUS_METERS,NAME) VALUES (640,567,59,8063,'Fort Collins');
INSERT INTO LOCATION (ID,USER_ID,COORDINATE_ID,RADIUS_METERS,NAME) VALUES (641,948,64,2513,'Buzenol');
INSERT INTO LOCATION (ID,USER_ID,COORDINATE_ID,RADIUS_METERS,NAME) VALUES (642,315,76,4713,'Nanaimo');
INSERT INTO LOCATION (ID,USER_ID,COORDINATE_ID,RADIUS_METERS,NAME) VALUES (643,671,81,9059,'Bernburg');
INSERT INTO LOCATION (ID,USER_ID,COORDINATE_ID,RADIUS_METERS,NAME) VALUES (644,105,14,6995,'Torino');
INSERT INTO LOCATION (ID,USER_ID,COORDINATE_ID,RADIUS_METERS,NAME) VALUES (645,787,19,523,'Heidenheim');
INSERT INTO LOCATION (ID,USER_ID,COORDINATE_ID,RADIUS_METERS,NAME) VALUES (646,40,73,7008,'Swan Hill');
INSERT INTO LOCATION (ID,USER_ID,COORDINATE_ID,RADIUS_METERS,NAME) VALUES (647,559,40,1955,'Aliano');
INSERT INTO LOCATION (ID,USER_ID,COORDINATE_ID,RADIUS_METERS,NAME) VALUES (648,221,50,8179,'Lamontze');
INSERT INTO LOCATION (ID,USER_ID,COORDINATE_ID,RADIUS_METERS,NAME) VALUES (649,848,51,6591,'Cavaion Veronese');
INSERT INTO LOCATION (ID,USER_ID,COORDINATE_ID,RADIUS_METERS,NAME) VALUES (650,767,36,6654,'Forchies-la-Marche');
INSERT INTO LOCATION (ID,USER_ID,COORDINATE_ID,RADIUS_METERS,NAME) VALUES (651,413,72,7157,'Ripabottoni');
INSERT INTO LOCATION (ID,USER_ID,COORDINATE_ID,RADIUS_METERS,NAME) VALUES (652,492,11,8228,'Rodez');
INSERT INTO LOCATION (ID,USER_ID,COORDINATE_ID,RADIUS_METERS,NAME) VALUES (653,966,68,3278,'Guysborough');
INSERT INTO LOCATION (ID,USER_ID,COORDINATE_ID,RADIUS_METERS,NAME) VALUES (654,971,30,668,'Guelph');
INSERT INTO LOCATION (ID,USER_ID,COORDINATE_ID,RADIUS_METERS,NAME) VALUES (655,757,18,1209,'Schiltigheim');
INSERT INTO LOCATION (ID,USER_ID,COORDINATE_ID,RADIUS_METERS,NAME) VALUES (656,451,88,343,'Koningshooikt');
INSERT INTO LOCATION (ID,USER_ID,COORDINATE_ID,RADIUS_METERS,NAME) VALUES (657,802,15,1737,'Salt Spring Island');
INSERT INTO LOCATION (ID,USER_ID,COORDINATE_ID,RADIUS_METERS,NAME) VALUES (658,51,23,1124,'Kemzeke');
INSERT INTO LOCATION (ID,USER_ID,COORDINATE_ID,RADIUS_METERS,NAME) VALUES (659,485,85,2275,'Bordeaux');
INSERT INTO LOCATION (ID,USER_ID,COORDINATE_ID,RADIUS_METERS,NAME) VALUES (660,668,38,5955,'Saint-Malo');
INSERT INTO LOCATION (ID,USER_ID,COORDINATE_ID,RADIUS_METERS,NAME) VALUES (661,388,53,9838,'Independencia');
INSERT INTO LOCATION (ID,USER_ID,COORDINATE_ID,RADIUS_METERS,NAME) VALUES (662,266,25,5415,'Veraval');
INSERT INTO LOCATION (ID,USER_ID,COORDINATE_ID,RADIUS_METERS,NAME) VALUES (663,896,72,9738,'Armento');
INSERT INTO LOCATION (ID,USER_ID,COORDINATE_ID,RADIUS_METERS,NAME) VALUES (664,537,71,6373,'King''s Lynn');
INSERT INTO LOCATION (ID,USER_ID,COORDINATE_ID,RADIUS_METERS,NAME) VALUES (665,334,40,5950,'Miami');
INSERT INTO LOCATION (ID,USER_ID,COORDINATE_ID,RADIUS_METERS,NAME) VALUES (666,117,46,9484,'Edmonton');
INSERT INTO LOCATION (ID,USER_ID,COORDINATE_ID,RADIUS_METERS,NAME) VALUES (667,721,82,7048,'Dibrugarh');
INSERT INTO LOCATION (ID,USER_ID,COORDINATE_ID,RADIUS_METERS,NAME) VALUES (668,197,78,855,'Chaaral');
INSERT INTO LOCATION (ID,USER_ID,COORDINATE_ID,RADIUS_METERS,NAME) VALUES (669,509,60,2976,'Candela');
INSERT INTO LOCATION (ID,USER_ID,COORDINATE_ID,RADIUS_METERS,NAME) VALUES (670,425,73,5832,'Rohtak');
INSERT INTO LOCATION (ID,USER_ID,COORDINATE_ID,RADIUS_METERS,NAME) VALUES (671,140,62,3856,'Gembloux');
INSERT INTO LOCATION (ID,USER_ID,COORDINATE_ID,RADIUS_METERS,NAME) VALUES (672,710,77,7782,'Bansberia');
INSERT INTO LOCATION (ID,USER_ID,COORDINATE_ID,RADIUS_METERS,NAME) VALUES (673,958,23,9862,'Pomarico');
INSERT INTO LOCATION (ID,USER_ID,COORDINATE_ID,RADIUS_METERS,NAME) VALUES (674,679,82,424,'Silvan');
INSERT INTO LOCATION (ID,USER_ID,COORDINATE_ID,RADIUS_METERS,NAME) VALUES (675,559,22,8664,'Bojano');
INSERT INTO LOCATION (ID,USER_ID,COORDINATE_ID,RADIUS_METERS,NAME) VALUES (676,884,95,3672,'Tarnw');
INSERT INTO LOCATION (ID,USER_ID,COORDINATE_ID,RADIUS_METERS,NAME) VALUES (677,915,8,1432,'Puchuncav');
INSERT INTO LOCATION (ID,USER_ID,COORDINATE_ID,RADIUS_METERS,NAME) VALUES (678,752,47,9232,'Jennersdorf');
INSERT INTO LOCATION (ID,USER_ID,COORDINATE_ID,RADIUS_METERS,NAME) VALUES (679,727,60,2192,'Bairnsdale');
INSERT INTO LOCATION (ID,USER_ID,COORDINATE_ID,RADIUS_METERS,NAME) VALUES (680,137,76,3175,'Glck');
INSERT INTO LOCATION (ID,USER_ID,COORDINATE_ID,RADIUS_METERS,NAME) VALUES (681,321,26,583,'St. Andr');
INSERT INTO LOCATION (ID,USER_ID,COORDINATE_ID,RADIUS_METERS,NAME) VALUES (682,547,17,8117,'Barasat');
INSERT INTO LOCATION (ID,USER_ID,COORDINATE_ID,RADIUS_METERS,NAME) VALUES (683,641,82,6444,'San Pancrazio Salentino');
INSERT INTO LOCATION (ID,USER_ID,COORDINATE_ID,RADIUS_METERS,NAME) VALUES (684,856,3,1836,'Saint-Lger');
INSERT INTO LOCATION (ID,USER_ID,COORDINATE_ID,RADIUS_METERS,NAME) VALUES (685,715,17,983,'Macclesfield');
INSERT INTO LOCATION (ID,USER_ID,COORDINATE_ID,RADIUS_METERS,NAME) VALUES (686,515,59,7220,'Ilkeston');
INSERT INTO LOCATION (ID,USER_ID,COORDINATE_ID,RADIUS_METERS,NAME) VALUES (687,620,87,2614,'Oklahoma City');
INSERT INTO LOCATION (ID,USER_ID,COORDINATE_ID,RADIUS_METERS,NAME) VALUES (688,562,52,1781,'Peumo');
INSERT INTO LOCATION (ID,USER_ID,COORDINATE_ID,RADIUS_METERS,NAME) VALUES (689,991,17,4187,'Canino');
INSERT INTO LOCATION (ID,USER_ID,COORDINATE_ID,RADIUS_METERS,NAME) VALUES (690,366,25,7733,'Tulita');
INSERT INTO LOCATION (ID,USER_ID,COORDINATE_ID,RADIUS_METERS,NAME) VALUES (691,861,89,7812,'El Bosque');
INSERT INTO LOCATION (ID,USER_ID,COORDINATE_ID,RADIUS_METERS,NAME) VALUES (692,970,66,5898,'Chester');
INSERT INTO LOCATION (ID,USER_ID,COORDINATE_ID,RADIUS_METERS,NAME) VALUES (693,176,31,9365,'Haren');
INSERT INTO LOCATION (ID,USER_ID,COORDINATE_ID,RADIUS_METERS,NAME) VALUES (694,576,38,988,'St. Albert');
INSERT INTO LOCATION (ID,USER_ID,COORDINATE_ID,RADIUS_METERS,NAME) VALUES (695,985,6,1371,'Juiz de Fora');
INSERT INTO LOCATION (ID,USER_ID,COORDINATE_ID,RADIUS_METERS,NAME) VALUES (696,88,4,8218,'Saint-Oyen');
INSERT INTO LOCATION (ID,USER_ID,COORDINATE_ID,RADIUS_METERS,NAME) VALUES (697,860,14,1264,'Saint Louis');
INSERT INTO LOCATION (ID,USER_ID,COORDINATE_ID,RADIUS_METERS,NAME) VALUES (698,50,78,8710,'Coassolo Torinese');
INSERT INTO LOCATION (ID,USER_ID,COORDINATE_ID,RADIUS_METERS,NAME) VALUES (699,586,55,8294,'Sevilla');
INSERT INTO LOCATION (ID,USER_ID,COORDINATE_ID,RADIUS_METERS,NAME) VALUES (700,644,45,8507,'Chittoor');
INSERT INTO LOCATION (ID,USER_ID,COORDINATE_ID,RADIUS_METERS,NAME) VALUES (701,208,17,1205,'Curitiba');
INSERT INTO LOCATION (ID,USER_ID,COORDINATE_ID,RADIUS_METERS,NAME) VALUES (702,778,16,7270,'Georgia');
INSERT INTO LOCATION (ID,USER_ID,COORDINATE_ID,RADIUS_METERS,NAME) VALUES (703,302,98,8826,'Monceau-sur-Sambre');
INSERT INTO LOCATION (ID,USER_ID,COORDINATE_ID,RADIUS_METERS,NAME) VALUES (704,566,31,3975,'Helkijn');
INSERT INTO LOCATION (ID,USER_ID,COORDINATE_ID,RADIUS_METERS,NAME) VALUES (705,838,43,4038,'Pimpri-Chinchwad');
INSERT INTO LOCATION (ID,USER_ID,COORDINATE_ID,RADIUS_METERS,NAME) VALUES (706,21,82,2939,'Harbour Grace');
INSERT INTO LOCATION (ID,USER_ID,COORDINATE_ID,RADIUS_METERS,NAME) VALUES (707,201,14,2489,'Saint-Prime');
INSERT INTO LOCATION (ID,USER_ID,COORDINATE_ID,RADIUS_METERS,NAME) VALUES (708,277,28,5966,'Chimay');
INSERT INTO LOCATION (ID,USER_ID,COORDINATE_ID,RADIUS_METERS,NAME) VALUES (709,725,46,654,'Wood Buffalo');
INSERT INTO LOCATION (ID,USER_ID,COORDINATE_ID,RADIUS_METERS,NAME) VALUES (710,661,13,8859,'Troyes');
INSERT INTO LOCATION (ID,USER_ID,COORDINATE_ID,RADIUS_METERS,NAME) VALUES (711,599,9,6192,'Naro');
INSERT INTO LOCATION (ID,USER_ID,COORDINATE_ID,RADIUS_METERS,NAME) VALUES (712,833,68,5279,'Frederick');
INSERT INTO LOCATION (ID,USER_ID,COORDINATE_ID,RADIUS_METERS,NAME) VALUES (713,109,50,8896,'Mont');
INSERT INTO LOCATION (ID,USER_ID,COORDINATE_ID,RADIUS_METERS,NAME) VALUES (714,469,32,6476,'Weesp');
INSERT INTO LOCATION (ID,USER_ID,COORDINATE_ID,RADIUS_METERS,NAME) VALUES (715,215,37,8075,'Portland');
INSERT INTO LOCATION (ID,USER_ID,COORDINATE_ID,RADIUS_METERS,NAME) VALUES (716,938,26,7719,'Jauchelette');
INSERT INTO LOCATION (ID,USER_ID,COORDINATE_ID,RADIUS_METERS,NAME) VALUES (717,307,20,9195,'Tampa');
INSERT INTO LOCATION (ID,USER_ID,COORDINATE_ID,RADIUS_METERS,NAME) VALUES (718,534,37,4950,'Redlands');
INSERT INTO LOCATION (ID,USER_ID,COORDINATE_ID,RADIUS_METERS,NAME) VALUES (719,343,53,3515,'Ripalta Guerina');
INSERT INTO LOCATION (ID,USER_ID,COORDINATE_ID,RADIUS_METERS,NAME) VALUES (720,595,4,691,'Herdersem');
INSERT INTO LOCATION (ID,USER_ID,COORDINATE_ID,RADIUS_METERS,NAME) VALUES (721,879,52,4253,'Spy');
INSERT INTO LOCATION (ID,USER_ID,COORDINATE_ID,RADIUS_METERS,NAME) VALUES (722,297,17,6164,'Chattanooga');
INSERT INTO LOCATION (ID,USER_ID,COORDINATE_ID,RADIUS_METERS,NAME) VALUES (723,54,68,5164,'Tokoroa');
INSERT INTO LOCATION (ID,USER_ID,COORDINATE_ID,RADIUS_METERS,NAME) VALUES (724,698,94,4369,'Gillette');
INSERT INTO LOCATION (ID,USER_ID,COORDINATE_ID,RADIUS_METERS,NAME) VALUES (725,918,62,1959,'Terlago');
INSERT INTO LOCATION (ID,USER_ID,COORDINATE_ID,RADIUS_METERS,NAME) VALUES (726,93,44,9386,'Anantapur');
INSERT INTO LOCATION (ID,USER_ID,COORDINATE_ID,RADIUS_METERS,NAME) VALUES (727,465,55,6914,'Auvelais');
INSERT INTO LOCATION (ID,USER_ID,COORDINATE_ID,RADIUS_METERS,NAME) VALUES (728,38,52,3535,'Troyes');
INSERT INTO LOCATION (ID,USER_ID,COORDINATE_ID,RADIUS_METERS,NAME) VALUES (729,975,24,4826,'Alva');
INSERT INTO LOCATION (ID,USER_ID,COORDINATE_ID,RADIUS_METERS,NAME) VALUES (730,574,59,5768,'Uikhoven');
INSERT INTO LOCATION (ID,USER_ID,COORDINATE_ID,RADIUS_METERS,NAME) VALUES (731,237,75,7098,'Valtournenche');
INSERT INTO LOCATION (ID,USER_ID,COORDINATE_ID,RADIUS_METERS,NAME) VALUES (732,293,48,2056,'Sint-Michiels');
INSERT INTO LOCATION (ID,USER_ID,COORDINATE_ID,RADIUS_METERS,NAME) VALUES (733,797,65,4746,'Auvelais');
INSERT INTO LOCATION (ID,USER_ID,COORDINATE_ID,RADIUS_METERS,NAME) VALUES (734,816,53,8577,'Mobile');
INSERT INTO LOCATION (ID,USER_ID,COORDINATE_ID,RADIUS_METERS,NAME) VALUES (735,890,33,5358,'Versailles');
INSERT INTO LOCATION (ID,USER_ID,COORDINATE_ID,RADIUS_METERS,NAME) VALUES (736,446,20,2987,'Appelterre-Eichem');
INSERT INTO LOCATION (ID,USER_ID,COORDINATE_ID,RADIUS_METERS,NAME) VALUES (737,525,77,8970,'Jacksonville');
INSERT INTO LOCATION (ID,USER_ID,COORDINATE_ID,RADIUS_METERS,NAME) VALUES (738,775,10,5771,'Veldegem');
INSERT INTO LOCATION (ID,USER_ID,COORDINATE_ID,RADIUS_METERS,NAME) VALUES (739,544,18,7574,'Hillsboro');
INSERT INTO LOCATION (ID,USER_ID,COORDINATE_ID,RADIUS_METERS,NAME) VALUES (740,439,59,3584,'Sant''Eusanio Forconese');
INSERT INTO LOCATION (ID,USER_ID,COORDINATE_ID,RADIUS_METERS,NAME) VALUES (741,496,24,3456,'Vezzi Portio');
INSERT INTO LOCATION (ID,USER_ID,COORDINATE_ID,RADIUS_METERS,NAME) VALUES (742,296,71,5995,'San Massimo');
INSERT INTO LOCATION (ID,USER_ID,COORDINATE_ID,RADIUS_METERS,NAME) VALUES (743,317,49,3200,'Plauen');
INSERT INTO LOCATION (ID,USER_ID,COORDINATE_ID,RADIUS_METERS,NAME) VALUES (744,599,51,5123,'Burdinne');
INSERT INTO LOCATION (ID,USER_ID,COORDINATE_ID,RADIUS_METERS,NAME) VALUES (745,603,7,2621,'Drayton Valley');
INSERT INTO LOCATION (ID,USER_ID,COORDINATE_ID,RADIUS_METERS,NAME) VALUES (746,912,27,2394,'Crato');
INSERT INTO LOCATION (ID,USER_ID,COORDINATE_ID,RADIUS_METERS,NAME) VALUES (747,450,34,5864,'Butte');
INSERT INTO LOCATION (ID,USER_ID,COORDINATE_ID,RADIUS_METERS,NAME) VALUES (748,941,85,5206,'Burnaby');
INSERT INTO LOCATION (ID,USER_ID,COORDINATE_ID,RADIUS_METERS,NAME) VALUES (749,105,14,9155,'Coldstream');
INSERT INTO LOCATION (ID,USER_ID,COORDINATE_ID,RADIUS_METERS,NAME) VALUES (750,722,51,1726,'Cerro Navia');
INSERT INTO LOCATION (ID,USER_ID,COORDINATE_ID,RADIUS_METERS,NAME) VALUES (751,541,98,3643,'Maiduguri');
INSERT INTO LOCATION (ID,USER_ID,COORDINATE_ID,RADIUS_METERS,NAME) VALUES (752,768,49,6725,'Temuco');
INSERT INTO LOCATION (ID,USER_ID,COORDINATE_ID,RADIUS_METERS,NAME) VALUES (753,989,23,8945,'Goderich');
INSERT INTO LOCATION (ID,USER_ID,COORDINATE_ID,RADIUS_METERS,NAME) VALUES (754,308,77,9048,'Stockholm');
INSERT INTO LOCATION (ID,USER_ID,COORDINATE_ID,RADIUS_METERS,NAME) VALUES (755,110,99,9840,'Laramie');
INSERT INTO LOCATION (ID,USER_ID,COORDINATE_ID,RADIUS_METERS,NAME) VALUES (756,841,81,9708,'Retie');
INSERT INTO LOCATION (ID,USER_ID,COORDINATE_ID,RADIUS_METERS,NAME) VALUES (757,940,82,237,'Zwijnaarde');
INSERT INTO LOCATION (ID,USER_ID,COORDINATE_ID,RADIUS_METERS,NAME) VALUES (758,753,67,5444,'Ehein');
INSERT INTO LOCATION (ID,USER_ID,COORDINATE_ID,RADIUS_METERS,NAME) VALUES (759,341,61,8750,'Chippenham');
INSERT INTO LOCATION (ID,USER_ID,COORDINATE_ID,RADIUS_METERS,NAME) VALUES (760,570,73,7084,'Gruitrode');
INSERT INTO LOCATION (ID,USER_ID,COORDINATE_ID,RADIUS_METERS,NAME) VALUES (761,363,61,7854,'Cassano Spinola');
INSERT INTO LOCATION (ID,USER_ID,COORDINATE_ID,RADIUS_METERS,NAME) VALUES (762,378,74,2878,'Romano d''Ezzelino');
INSERT INTO LOCATION (ID,USER_ID,COORDINATE_ID,RADIUS_METERS,NAME) VALUES (763,882,50,253,'Colleretto Castelnuovo');
INSERT INTO LOCATION (ID,USER_ID,COORDINATE_ID,RADIUS_METERS,NAME) VALUES (764,132,31,3195,'Poucet');
INSERT INTO LOCATION (ID,USER_ID,COORDINATE_ID,RADIUS_METERS,NAME) VALUES (765,567,96,4481,'Jandrain-Jandrenouille');
INSERT INTO LOCATION (ID,USER_ID,COORDINATE_ID,RADIUS_METERS,NAME) VALUES (766,196,56,5329,'Hantes-Wihries');
INSERT INTO LOCATION (ID,USER_ID,COORDINATE_ID,RADIUS_METERS,NAME) VALUES (767,284,32,1056,'Roccamena');
INSERT INTO LOCATION (ID,USER_ID,COORDINATE_ID,RADIUS_METERS,NAME) VALUES (768,622,76,1628,'Imperatriz');
INSERT INTO LOCATION (ID,USER_ID,COORDINATE_ID,RADIUS_METERS,NAME) VALUES (769,485,84,4777,'Stoke-on-Trent');
INSERT INTO LOCATION (ID,USER_ID,COORDINATE_ID,RADIUS_METERS,NAME) VALUES (770,910,20,8988,'Heppignies');
INSERT INTO LOCATION (ID,USER_ID,COORDINATE_ID,RADIUS_METERS,NAME) VALUES (771,790,68,346,'Melton Mowbray');
INSERT INTO LOCATION (ID,USER_ID,COORDINATE_ID,RADIUS_METERS,NAME) VALUES (772,663,74,3490,'Pitt Meadows');
INSERT INTO LOCATION (ID,USER_ID,COORDINATE_ID,RADIUS_METERS,NAME) VALUES (773,208,100,3865,'Hulshout');
INSERT INTO LOCATION (ID,USER_ID,COORDINATE_ID,RADIUS_METERS,NAME) VALUES (774,940,21,2724,'Canmore');
INSERT INTO LOCATION (ID,USER_ID,COORDINATE_ID,RADIUS_METERS,NAME) VALUES (775,764,62,5474,'Guarulhos');
INSERT INTO LOCATION (ID,USER_ID,COORDINATE_ID,RADIUS_METERS,NAME) VALUES (776,965,84,423,'Sparwood');
INSERT INTO LOCATION (ID,USER_ID,COORDINATE_ID,RADIUS_METERS,NAME) VALUES (777,406,71,5955,'Belm');
INSERT INTO LOCATION (ID,USER_ID,COORDINATE_ID,RADIUS_METERS,NAME) VALUES (778,46,81,5737,'Sanzeno');
INSERT INTO LOCATION (ID,USER_ID,COORDINATE_ID,RADIUS_METERS,NAME) VALUES (779,725,12,8606,'Compiano');
INSERT INTO LOCATION (ID,USER_ID,COORDINATE_ID,RADIUS_METERS,NAME) VALUES (780,611,40,9549,'Bunbury');
INSERT INTO LOCATION (ID,USER_ID,COORDINATE_ID,RADIUS_METERS,NAME) VALUES (781,341,54,2252,'Molina');
INSERT INTO LOCATION (ID,USER_ID,COORDINATE_ID,RADIUS_METERS,NAME) VALUES (782,912,66,4322,'Worcester');
INSERT INTO LOCATION (ID,USER_ID,COORDINATE_ID,RADIUS_METERS,NAME) VALUES (783,215,38,6261,'Municipal District');
INSERT INTO LOCATION (ID,USER_ID,COORDINATE_ID,RADIUS_METERS,NAME) VALUES (784,75,95,9891,'Elblg');
INSERT INTO LOCATION (ID,USER_ID,COORDINATE_ID,RADIUS_METERS,NAME) VALUES (785,265,37,4958,'Cerchio');
INSERT INTO LOCATION (ID,USER_ID,COORDINATE_ID,RADIUS_METERS,NAME) VALUES (786,609,67,8509,'Russell');
INSERT INTO LOCATION (ID,USER_ID,COORDINATE_ID,RADIUS_METERS,NAME) VALUES (787,21,9,196,'Gelsenkirchen');
INSERT INTO LOCATION (ID,USER_ID,COORDINATE_ID,RADIUS_METERS,NAME) VALUES (788,116,50,1896,'Saint Paul');
INSERT INTO LOCATION (ID,USER_ID,COORDINATE_ID,RADIUS_METERS,NAME) VALUES (789,175,42,2214,'Ludhiana');
INSERT INTO LOCATION (ID,USER_ID,COORDINATE_ID,RADIUS_METERS,NAME) VALUES (790,410,87,197,'Santa Cruz de Tenerife');
INSERT INTO LOCATION (ID,USER_ID,COORDINATE_ID,RADIUS_METERS,NAME) VALUES (791,582,91,9566,'Mandi Burewala');
INSERT INTO LOCATION (ID,USER_ID,COORDINATE_ID,RADIUS_METERS,NAME) VALUES (792,273,71,7381,'Calvi Risorta');
INSERT INTO LOCATION (ID,USER_ID,COORDINATE_ID,RADIUS_METERS,NAME) VALUES (793,754,84,9986,'Ceppaloni');
INSERT INTO LOCATION (ID,USER_ID,COORDINATE_ID,RADIUS_METERS,NAME) VALUES (794,17,90,8231,'Woodstock');
INSERT INTO LOCATION (ID,USER_ID,COORDINATE_ID,RADIUS_METERS,NAME) VALUES (795,31,56,8091,'Farciennes');
INSERT INTO LOCATION (ID,USER_ID,COORDINATE_ID,RADIUS_METERS,NAME) VALUES (796,510,89,5590,'Alanya');
INSERT INTO LOCATION (ID,USER_ID,COORDINATE_ID,RADIUS_METERS,NAME) VALUES (797,841,84,810,'Godhra');
INSERT INTO LOCATION (ID,USER_ID,COORDINATE_ID,RADIUS_METERS,NAME) VALUES (798,317,39,3931,'Gontrode');
INSERT INTO LOCATION (ID,USER_ID,COORDINATE_ID,RADIUS_METERS,NAME) VALUES (799,656,60,3237,'Orvieto');
INSERT INTO LOCATION (ID,USER_ID,COORDINATE_ID,RADIUS_METERS,NAME) VALUES (800,942,25,1468,'Rutten');
INSERT INTO LOCATION (ID,USER_ID,COORDINATE_ID,RADIUS_METERS,NAME) VALUES (801,408,81,2826,'Hekelgem');
INSERT INTO LOCATION (ID,USER_ID,COORDINATE_ID,RADIUS_METERS,NAME) VALUES (802,515,74,5298,'Bridgnorth');
INSERT INTO LOCATION (ID,USER_ID,COORDINATE_ID,RADIUS_METERS,NAME) VALUES (803,847,83,356,'Langley');
INSERT INTO LOCATION (ID,USER_ID,COORDINATE_ID,RADIUS_METERS,NAME) VALUES (804,617,86,7115,'Heppignies');
INSERT INTO LOCATION (ID,USER_ID,COORDINATE_ID,RADIUS_METERS,NAME) VALUES (805,169,30,5041,'Vegreville');
INSERT INTO LOCATION (ID,USER_ID,COORDINATE_ID,RADIUS_METERS,NAME) VALUES (806,125,95,3659,'Bromley');
INSERT INTO LOCATION (ID,USER_ID,COORDINATE_ID,RADIUS_METERS,NAME) VALUES (807,487,7,3203,'Riesa');
INSERT INTO LOCATION (ID,USER_ID,COORDINATE_ID,RADIUS_METERS,NAME) VALUES (808,595,12,1483,'Bad Hersfeld');
INSERT INTO LOCATION (ID,USER_ID,COORDINATE_ID,RADIUS_METERS,NAME) VALUES (809,159,22,9140,'Tresigallo');
INSERT INTO LOCATION (ID,USER_ID,COORDINATE_ID,RADIUS_METERS,NAME) VALUES (810,726,76,7869,'Casper');
INSERT INTO LOCATION (ID,USER_ID,COORDINATE_ID,RADIUS_METERS,NAME) VALUES (811,563,86,3932,'Rothes');
INSERT INTO LOCATION (ID,USER_ID,COORDINATE_ID,RADIUS_METERS,NAME) VALUES (812,724,40,9467,'Vucht');
INSERT INTO LOCATION (ID,USER_ID,COORDINATE_ID,RADIUS_METERS,NAME) VALUES (813,838,77,396,'Lens-Saint-Servais');
INSERT INTO LOCATION (ID,USER_ID,COORDINATE_ID,RADIUS_METERS,NAME) VALUES (814,933,51,8526,'Broxburn');
INSERT INTO LOCATION (ID,USER_ID,COORDINATE_ID,RADIUS_METERS,NAME) VALUES (815,212,94,8336,'Asbestos');
INSERT INTO LOCATION (ID,USER_ID,COORDINATE_ID,RADIUS_METERS,NAME) VALUES (816,399,84,4960,'Pinneberg');
INSERT INTO LOCATION (ID,USER_ID,COORDINATE_ID,RADIUS_METERS,NAME) VALUES (817,127,90,6212,'Bastia');
INSERT INTO LOCATION (ID,USER_ID,COORDINATE_ID,RADIUS_METERS,NAME) VALUES (818,913,85,4064,'Pont--Celles');
INSERT INTO LOCATION (ID,USER_ID,COORDINATE_ID,RADIUS_METERS,NAME) VALUES (819,836,52,2450,'Cagnes-sur-Mer');
INSERT INTO LOCATION (ID,USER_ID,COORDINATE_ID,RADIUS_METERS,NAME) VALUES (820,25,61,5934,'Whitburn');
INSERT INTO LOCATION (ID,USER_ID,COORDINATE_ID,RADIUS_METERS,NAME) VALUES (821,232,62,6805,'Lambersart');
INSERT INTO LOCATION (ID,USER_ID,COORDINATE_ID,RADIUS_METERS,NAME) VALUES (822,791,3,3444,'Feilding');
INSERT INTO LOCATION (ID,USER_ID,COORDINATE_ID,RADIUS_METERS,NAME) VALUES (823,681,97,1080,'Pogliano Milanese');
INSERT INTO LOCATION (ID,USER_ID,COORDINATE_ID,RADIUS_METERS,NAME) VALUES (824,378,11,182,'Alacant');
INSERT INTO LOCATION (ID,USER_ID,COORDINATE_ID,RADIUS_METERS,NAME) VALUES (825,501,76,9949,'Kirkby Lonsdale');
INSERT INTO LOCATION (ID,USER_ID,COORDINATE_ID,RADIUS_METERS,NAME) VALUES (826,75,36,2908,'Recogne');
INSERT INTO LOCATION (ID,USER_ID,COORDINATE_ID,RADIUS_METERS,NAME) VALUES (827,145,52,7426,'Oud-Turnhout');
INSERT INTO LOCATION (ID,USER_ID,COORDINATE_ID,RADIUS_METERS,NAME) VALUES (828,521,35,1713,'Mount Isa');
INSERT INTO LOCATION (ID,USER_ID,COORDINATE_ID,RADIUS_METERS,NAME) VALUES (829,433,97,1797,'Patan');
INSERT INTO LOCATION (ID,USER_ID,COORDINATE_ID,RADIUS_METERS,NAME) VALUES (830,668,19,9659,'Matagami');
INSERT INTO LOCATION (ID,USER_ID,COORDINATE_ID,RADIUS_METERS,NAME) VALUES (831,672,87,2268,'Pontypridd');
INSERT INTO LOCATION (ID,USER_ID,COORDINATE_ID,RADIUS_METERS,NAME) VALUES (832,441,3,5954,'Waiblingen');
INSERT INTO LOCATION (ID,USER_ID,COORDINATE_ID,RADIUS_METERS,NAME) VALUES (833,683,54,5613,'Termini Imerese');
INSERT INTO LOCATION (ID,USER_ID,COORDINATE_ID,RADIUS_METERS,NAME) VALUES (834,595,58,1016,'Cedar Rapids');
INSERT INTO LOCATION (ID,USER_ID,COORDINATE_ID,RADIUS_METERS,NAME) VALUES (835,601,84,7359,'Olen');
INSERT INTO LOCATION (ID,USER_ID,COORDINATE_ID,RADIUS_METERS,NAME) VALUES (836,158,50,2705,'Aailndia');
INSERT INTO LOCATION (ID,USER_ID,COORDINATE_ID,RADIUS_METERS,NAME) VALUES (837,152,58,5769,'Birmingham');
INSERT INTO LOCATION (ID,USER_ID,COORDINATE_ID,RADIUS_METERS,NAME) VALUES (838,328,18,4962,'North Las Vegas');
INSERT INTO LOCATION (ID,USER_ID,COORDINATE_ID,RADIUS_METERS,NAME) VALUES (839,698,12,4353,'Diano Arentino');
INSERT INTO LOCATION (ID,USER_ID,COORDINATE_ID,RADIUS_METERS,NAME) VALUES (840,594,35,2942,'Hron');
INSERT INTO LOCATION (ID,USER_ID,COORDINATE_ID,RADIUS_METERS,NAME) VALUES (841,46,19,7494,'Orlans');
INSERT INTO LOCATION (ID,USER_ID,COORDINATE_ID,RADIUS_METERS,NAME) VALUES (842,176,81,2904,'Poggiodomo');
INSERT INTO LOCATION (ID,USER_ID,COORDINATE_ID,RADIUS_METERS,NAME) VALUES (843,14,10,9489,'Whyalla');
INSERT INTO LOCATION (ID,USER_ID,COORDINATE_ID,RADIUS_METERS,NAME) VALUES (844,64,29,3605,'Malbaie');
INSERT INTO LOCATION (ID,USER_ID,COORDINATE_ID,RADIUS_METERS,NAME) VALUES (845,636,27,921,'Santa Mara');
INSERT INTO LOCATION (ID,USER_ID,COORDINATE_ID,RADIUS_METERS,NAME) VALUES (846,875,58,5325,'Gomz-Andoumont');
INSERT INTO LOCATION (ID,USER_ID,COORDINATE_ID,RADIUS_METERS,NAME) VALUES (847,73,19,3137,'Marburg');
INSERT INTO LOCATION (ID,USER_ID,COORDINATE_ID,RADIUS_METERS,NAME) VALUES (848,501,4,2624,'Aurora');
INSERT INTO LOCATION (ID,USER_ID,COORDINATE_ID,RADIUS_METERS,NAME) VALUES (849,716,42,2315,'King Township');
INSERT INTO LOCATION (ID,USER_ID,COORDINATE_ID,RADIUS_METERS,NAME) VALUES (850,663,83,6560,'Aiseau-Presles');
INSERT INTO LOCATION (ID,USER_ID,COORDINATE_ID,RADIUS_METERS,NAME) VALUES (851,23,80,8776,'Monceau-sur-Sambre');
INSERT INTO LOCATION (ID,USER_ID,COORDINATE_ID,RADIUS_METERS,NAME) VALUES (852,560,88,4016,'Outrijve');
INSERT INTO LOCATION (ID,USER_ID,COORDINATE_ID,RADIUS_METERS,NAME) VALUES (853,313,14,2388,'Nurallao');
INSERT INTO LOCATION (ID,USER_ID,COORDINATE_ID,RADIUS_METERS,NAME) VALUES (854,173,53,9325,'Jolanda di Savoia');
INSERT INTO LOCATION (ID,USER_ID,COORDINATE_ID,RADIUS_METERS,NAME) VALUES (855,801,66,4077,'Camporotondo di Fiastrone');
INSERT INTO LOCATION (ID,USER_ID,COORDINATE_ID,RADIUS_METERS,NAME) VALUES (856,210,22,7904,'Santa Croce sull''Arno');
INSERT INTO LOCATION (ID,USER_ID,COORDINATE_ID,RADIUS_METERS,NAME) VALUES (857,910,50,8957,'Rocca San Felice');
INSERT INTO LOCATION (ID,USER_ID,COORDINATE_ID,RADIUS_METERS,NAME) VALUES (858,808,10,7378,'Silifke');
INSERT INTO LOCATION (ID,USER_ID,COORDINATE_ID,RADIUS_METERS,NAME) VALUES (859,542,76,7842,'Viano');
INSERT INTO LOCATION (ID,USER_ID,COORDINATE_ID,RADIUS_METERS,NAME) VALUES (860,443,97,7651,'Fort Smith');
INSERT INTO LOCATION (ID,USER_ID,COORDINATE_ID,RADIUS_METERS,NAME) VALUES (861,841,37,2929,'Talagante');
INSERT INTO LOCATION (ID,USER_ID,COORDINATE_ID,RADIUS_METERS,NAME) VALUES (862,95,31,303,'Nanton');
INSERT INTO LOCATION (ID,USER_ID,COORDINATE_ID,RADIUS_METERS,NAME) VALUES (863,874,25,9812,'Kingston');
INSERT INTO LOCATION (ID,USER_ID,COORDINATE_ID,RADIUS_METERS,NAME) VALUES (864,661,92,9529,'Jemeppe-sur-Sambre');
INSERT INTO LOCATION (ID,USER_ID,COORDINATE_ID,RADIUS_METERS,NAME) VALUES (865,451,13,2104,'VTM');
INSERT INTO LOCATION (ID,USER_ID,COORDINATE_ID,RADIUS_METERS,NAME) VALUES (866,607,34,5986,'Cannes');
INSERT INTO LOCATION (ID,USER_ID,COORDINATE_ID,RADIUS_METERS,NAME) VALUES (867,99,87,9053,'Braies/Prags');
INSERT INTO LOCATION (ID,USER_ID,COORDINATE_ID,RADIUS_METERS,NAME) VALUES (868,124,36,4484,'Toronto');
INSERT INTO LOCATION (ID,USER_ID,COORDINATE_ID,RADIUS_METERS,NAME) VALUES (869,534,57,7437,'Chiusa Sclafani');
INSERT INTO LOCATION (ID,USER_ID,COORDINATE_ID,RADIUS_METERS,NAME) VALUES (870,293,83,4189,'Civitacampomarano');
INSERT INTO LOCATION (ID,USER_ID,COORDINATE_ID,RADIUS_METERS,NAME) VALUES (871,671,31,7617,'Hilversum');
INSERT INTO LOCATION (ID,USER_ID,COORDINATE_ID,RADIUS_METERS,NAME) VALUES (872,677,87,6442,'Ripabottoni');
INSERT INTO LOCATION (ID,USER_ID,COORDINATE_ID,RADIUS_METERS,NAME) VALUES (873,920,21,9516,'Cowdenbeath');
INSERT INTO LOCATION (ID,USER_ID,COORDINATE_ID,RADIUS_METERS,NAME) VALUES (874,434,32,3872,'Casanova Elvo');
INSERT INTO LOCATION (ID,USER_ID,COORDINATE_ID,RADIUS_METERS,NAME) VALUES (875,654,27,1633,'Orroli');
INSERT INTO LOCATION (ID,USER_ID,COORDINATE_ID,RADIUS_METERS,NAME) VALUES (876,320,14,2953,'Zirl');
INSERT INTO LOCATION (ID,USER_ID,COORDINATE_ID,RADIUS_METERS,NAME) VALUES (877,661,62,2461,'Charlottetown');
INSERT INTO LOCATION (ID,USER_ID,COORDINATE_ID,RADIUS_METERS,NAME) VALUES (878,745,9,2478,'Falkirk');
INSERT INTO LOCATION (ID,USER_ID,COORDINATE_ID,RADIUS_METERS,NAME) VALUES (879,141,75,1147,'Gelbressee');
INSERT INTO LOCATION (ID,USER_ID,COORDINATE_ID,RADIUS_METERS,NAME) VALUES (880,858,33,8451,'San Isidro');
INSERT INTO LOCATION (ID,USER_ID,COORDINATE_ID,RADIUS_METERS,NAME) VALUES (881,992,7,9698,'Oppido Mamertina');
INSERT INTO LOCATION (ID,USER_ID,COORDINATE_ID,RADIUS_METERS,NAME) VALUES (882,90,66,3412,'Calvello');
INSERT INTO LOCATION (ID,USER_ID,COORDINATE_ID,RADIUS_METERS,NAME) VALUES (883,782,25,9024,'Termini Imerese');
INSERT INTO LOCATION (ID,USER_ID,COORDINATE_ID,RADIUS_METERS,NAME) VALUES (884,793,71,9494,'Elgin');
INSERT INTO LOCATION (ID,USER_ID,COORDINATE_ID,RADIUS_METERS,NAME) VALUES (885,938,18,6911,'Baie-d''Urf');
INSERT INTO LOCATION (ID,USER_ID,COORDINATE_ID,RADIUS_METERS,NAME) VALUES (886,792,26,5677,'Tiarno di Sopra');
INSERT INTO LOCATION (ID,USER_ID,COORDINATE_ID,RADIUS_METERS,NAME) VALUES (887,825,67,7978,'La Valle/Wengen');
INSERT INTO LOCATION (ID,USER_ID,COORDINATE_ID,RADIUS_METERS,NAME) VALUES (888,837,7,740,'Cceres');
INSERT INTO LOCATION (ID,USER_ID,COORDINATE_ID,RADIUS_METERS,NAME) VALUES (889,318,33,316,'Martelange');
INSERT INTO LOCATION (ID,USER_ID,COORDINATE_ID,RADIUS_METERS,NAME) VALUES (890,660,78,2534,'Armadale');
INSERT INTO LOCATION (ID,USER_ID,COORDINATE_ID,RADIUS_METERS,NAME) VALUES (891,535,84,1957,'Bon Accord');
INSERT INTO LOCATION (ID,USER_ID,COORDINATE_ID,RADIUS_METERS,NAME) VALUES (892,125,43,3663,'Ergani');
INSERT INTO LOCATION (ID,USER_ID,COORDINATE_ID,RADIUS_METERS,NAME) VALUES (893,813,32,1971,'Wollongong');
INSERT INTO LOCATION (ID,USER_ID,COORDINATE_ID,RADIUS_METERS,NAME) VALUES (894,802,25,6022,'Frigento');
INSERT INTO LOCATION (ID,USER_ID,COORDINATE_ID,RADIUS_METERS,NAME) VALUES (895,401,88,5654,'Souvret');
INSERT INTO LOCATION (ID,USER_ID,COORDINATE_ID,RADIUS_METERS,NAME) VALUES (896,481,94,9516,'Hathras');
INSERT INTO LOCATION (ID,USER_ID,COORDINATE_ID,RADIUS_METERS,NAME) VALUES (897,236,92,2819,'Chpica');
INSERT INTO LOCATION (ID,USER_ID,COORDINATE_ID,RADIUS_METERS,NAME) VALUES (898,603,3,6246,'Lac La Biche County');
INSERT INTO LOCATION (ID,USER_ID,COORDINATE_ID,RADIUS_METERS,NAME) VALUES (899,855,3,7917,'Springfield');
INSERT INTO LOCATION (ID,USER_ID,COORDINATE_ID,RADIUS_METERS,NAME) VALUES (900,621,71,5875,'Rebecq');
INSERT INTO LOCATION (ID,USER_ID,COORDINATE_ID,RADIUS_METERS,NAME) VALUES (901,494,70,8560,'Tirupati');
INSERT INTO LOCATION (ID,USER_ID,COORDINATE_ID,RADIUS_METERS,NAME) VALUES (902,67,53,7673,'Agen');
INSERT INTO LOCATION (ID,USER_ID,COORDINATE_ID,RADIUS_METERS,NAME) VALUES (903,149,5,1767,'Siverek');
INSERT INTO LOCATION (ID,USER_ID,COORDINATE_ID,RADIUS_METERS,NAME) VALUES (904,275,97,3206,'Laurencekirk');
INSERT INTO LOCATION (ID,USER_ID,COORDINATE_ID,RADIUS_METERS,NAME) VALUES (905,351,21,3757,'Richmond');
INSERT INTO LOCATION (ID,USER_ID,COORDINATE_ID,RADIUS_METERS,NAME) VALUES (906,899,8,8503,'Borgo Valsugana');
INSERT INTO LOCATION (ID,USER_ID,COORDINATE_ID,RADIUS_METERS,NAME) VALUES (907,387,98,5881,'Calera de Tango');
INSERT INTO LOCATION (ID,USER_ID,COORDINATE_ID,RADIUS_METERS,NAME) VALUES (908,564,21,6293,'Neerharen');
INSERT INTO LOCATION (ID,USER_ID,COORDINATE_ID,RADIUS_METERS,NAME) VALUES (909,744,22,2892,'Socchieve');
INSERT INTO LOCATION (ID,USER_ID,COORDINATE_ID,RADIUS_METERS,NAME) VALUES (910,914,99,7290,'Saint-Louis');
INSERT INTO LOCATION (ID,USER_ID,COORDINATE_ID,RADIUS_METERS,NAME) VALUES (911,940,46,1732,'Morrovalle');
INSERT INTO LOCATION (ID,USER_ID,COORDINATE_ID,RADIUS_METERS,NAME) VALUES (912,344,11,5993,'Ottawa');
INSERT INTO LOCATION (ID,USER_ID,COORDINATE_ID,RADIUS_METERS,NAME) VALUES (913,812,54,7103,'Curanilahue');
INSERT INTO LOCATION (ID,USER_ID,COORDINATE_ID,RADIUS_METERS,NAME) VALUES (914,589,94,1311,'Cittanova');
INSERT INTO LOCATION (ID,USER_ID,COORDINATE_ID,RADIUS_METERS,NAME) VALUES (915,382,46,2482,'Salzburg');
INSERT INTO LOCATION (ID,USER_ID,COORDINATE_ID,RADIUS_METERS,NAME) VALUES (916,343,11,845,'Caprino Bergamasco');
INSERT INTO LOCATION (ID,USER_ID,COORDINATE_ID,RADIUS_METERS,NAME) VALUES (917,54,85,6258,'Joinville');
INSERT INTO LOCATION (ID,USER_ID,COORDINATE_ID,RADIUS_METERS,NAME) VALUES (918,876,56,1115,'Tira');
INSERT INTO LOCATION (ID,USER_ID,COORDINATE_ID,RADIUS_METERS,NAME) VALUES (919,885,35,8160,'Wandsworth');
INSERT INTO LOCATION (ID,USER_ID,COORDINATE_ID,RADIUS_METERS,NAME) VALUES (920,596,25,3956,'Champdani');
INSERT INTO LOCATION (ID,USER_ID,COORDINATE_ID,RADIUS_METERS,NAME) VALUES (921,773,81,9164,'Shillong');
INSERT INTO LOCATION (ID,USER_ID,COORDINATE_ID,RADIUS_METERS,NAME) VALUES (922,513,64,381,'Bayonne');
INSERT INTO LOCATION (ID,USER_ID,COORDINATE_ID,RADIUS_METERS,NAME) VALUES (923,798,48,2599,'Drayton Valley');
INSERT INTO LOCATION (ID,USER_ID,COORDINATE_ID,RADIUS_METERS,NAME) VALUES (924,349,91,229,'Honolulu');
INSERT INTO LOCATION (ID,USER_ID,COORDINATE_ID,RADIUS_METERS,NAME) VALUES (925,411,51,5417,'Kitzbhel');
INSERT INTO LOCATION (ID,USER_ID,COORDINATE_ID,RADIUS_METERS,NAME) VALUES (926,601,23,509,'Boncelles');
INSERT INTO LOCATION (ID,USER_ID,COORDINATE_ID,RADIUS_METERS,NAME) VALUES (927,898,19,7056,'Essen');
INSERT INTO LOCATION (ID,USER_ID,COORDINATE_ID,RADIUS_METERS,NAME) VALUES (928,470,24,8165,'Casper');
INSERT INTO LOCATION (ID,USER_ID,COORDINATE_ID,RADIUS_METERS,NAME) VALUES (929,474,35,9843,'Marystown');
INSERT INTO LOCATION (ID,USER_ID,COORDINATE_ID,RADIUS_METERS,NAME) VALUES (930,461,76,7695,'Banff');
INSERT INTO LOCATION (ID,USER_ID,COORDINATE_ID,RADIUS_METERS,NAME) VALUES (931,603,61,3042,'Vrasene');
INSERT INTO LOCATION (ID,USER_ID,COORDINATE_ID,RADIUS_METERS,NAME) VALUES (932,372,89,9996,'Calestano');
INSERT INTO LOCATION (ID,USER_ID,COORDINATE_ID,RADIUS_METERS,NAME) VALUES (933,131,11,8989,'Corroy-le-Chteau');
INSERT INTO LOCATION (ID,USER_ID,COORDINATE_ID,RADIUS_METERS,NAME) VALUES (934,981,92,4287,'Midlands');
INSERT INTO LOCATION (ID,USER_ID,COORDINATE_ID,RADIUS_METERS,NAME) VALUES (935,608,98,1186,'skenderun');
INSERT INTO LOCATION (ID,USER_ID,COORDINATE_ID,RADIUS_METERS,NAME) VALUES (936,586,34,6602,'Green Bay');
INSERT INTO LOCATION (ID,USER_ID,COORDINATE_ID,RADIUS_METERS,NAME) VALUES (937,323,44,7837,'Dalcahue');
INSERT INTO LOCATION (ID,USER_ID,COORDINATE_ID,RADIUS_METERS,NAME) VALUES (938,373,88,4138,'Feilding');
INSERT INTO LOCATION (ID,USER_ID,COORDINATE_ID,RADIUS_METERS,NAME) VALUES (939,602,91,319,'Alexandria');
INSERT INTO LOCATION (ID,USER_ID,COORDINATE_ID,RADIUS_METERS,NAME) VALUES (940,490,93,8220,'Grembergen');
INSERT INTO LOCATION (ID,USER_ID,COORDINATE_ID,RADIUS_METERS,NAME) VALUES (941,594,12,4981,'Leerbeek');
INSERT INTO LOCATION (ID,USER_ID,COORDINATE_ID,RADIUS_METERS,NAME) VALUES (942,740,17,505,'San Jos de Alajuela');
INSERT INTO LOCATION (ID,USER_ID,COORDINATE_ID,RADIUS_METERS,NAME) VALUES (943,496,26,640,'Batiscan');
INSERT INTO LOCATION (ID,USER_ID,COORDINATE_ID,RADIUS_METERS,NAME) VALUES (944,218,17,6750,'Wardin');
INSERT INTO LOCATION (ID,USER_ID,COORDINATE_ID,RADIUS_METERS,NAME) VALUES (945,587,44,8714,'Portobuffol');
INSERT INTO LOCATION (ID,USER_ID,COORDINATE_ID,RADIUS_METERS,NAME) VALUES (946,920,54,1116,'Turnhout');
INSERT INTO LOCATION (ID,USER_ID,COORDINATE_ID,RADIUS_METERS,NAME) VALUES (947,566,90,7375,'Sandy');
INSERT INTO LOCATION (ID,USER_ID,COORDINATE_ID,RADIUS_METERS,NAME) VALUES (948,95,17,7323,'Biarritz');
INSERT INTO LOCATION (ID,USER_ID,COORDINATE_ID,RADIUS_METERS,NAME) VALUES (949,411,4,1872,'Sint-Kruis');
INSERT INTO LOCATION (ID,USER_ID,COORDINATE_ID,RADIUS_METERS,NAME) VALUES (950,970,16,6592,'Kelkheim');
INSERT INTO LOCATION (ID,USER_ID,COORDINATE_ID,RADIUS_METERS,NAME) VALUES (951,148,62,6688,'Orvieto');
INSERT INTO LOCATION (ID,USER_ID,COORDINATE_ID,RADIUS_METERS,NAME) VALUES (952,66,32,5393,'Anamur');
INSERT INTO LOCATION (ID,USER_ID,COORDINATE_ID,RADIUS_METERS,NAME) VALUES (953,65,19,3843,'skenderun');
INSERT INTO LOCATION (ID,USER_ID,COORDINATE_ID,RADIUS_METERS,NAME) VALUES (954,619,87,6369,'Traralgon');
INSERT INTO LOCATION (ID,USER_ID,COORDINATE_ID,RADIUS_METERS,NAME) VALUES (955,390,12,9494,'Sinaai-Waas');
INSERT INTO LOCATION (ID,USER_ID,COORDINATE_ID,RADIUS_METERS,NAME) VALUES (956,38,17,4455,'Campli');
INSERT INTO LOCATION (ID,USER_ID,COORDINATE_ID,RADIUS_METERS,NAME) VALUES (957,634,65,434,'Arrah');
INSERT INTO LOCATION (ID,USER_ID,COORDINATE_ID,RADIUS_METERS,NAME) VALUES (958,180,79,6503,'Liverpool');
INSERT INTO LOCATION (ID,USER_ID,COORDINATE_ID,RADIUS_METERS,NAME) VALUES (959,407,59,4187,'Blackwood');
INSERT INTO LOCATION (ID,USER_ID,COORDINATE_ID,RADIUS_METERS,NAME) VALUES (960,951,89,7323,'Gembloux');
INSERT INTO LOCATION (ID,USER_ID,COORDINATE_ID,RADIUS_METERS,NAME) VALUES (961,665,60,970,'Elblg');
INSERT INTO LOCATION (ID,USER_ID,COORDINATE_ID,RADIUS_METERS,NAME) VALUES (962,258,100,8954,'Valpelline');
INSERT INTO LOCATION (ID,USER_ID,COORDINATE_ID,RADIUS_METERS,NAME) VALUES (963,833,81,5582,'Exeter');
INSERT INTO LOCATION (ID,USER_ID,COORDINATE_ID,RADIUS_METERS,NAME) VALUES (964,359,84,7054,'Nothomb');
INSERT INTO LOCATION (ID,USER_ID,COORDINATE_ID,RADIUS_METERS,NAME) VALUES (965,426,48,5366,'Cromer');
INSERT INTO LOCATION (ID,USER_ID,COORDINATE_ID,RADIUS_METERS,NAME) VALUES (966,476,43,5792,'Bissegem');
INSERT INTO LOCATION (ID,USER_ID,COORDINATE_ID,RADIUS_METERS,NAME) VALUES (967,505,35,2514,'Lingen');
INSERT INTO LOCATION (ID,USER_ID,COORDINATE_ID,RADIUS_METERS,NAME) VALUES (968,671,38,1039,'Swindon');
INSERT INTO LOCATION (ID,USER_ID,COORDINATE_ID,RADIUS_METERS,NAME) VALUES (969,855,71,9334,'Montegranaro');
INSERT INTO LOCATION (ID,USER_ID,COORDINATE_ID,RADIUS_METERS,NAME) VALUES (970,890,15,4166,'Morro d''Alba');
INSERT INTO LOCATION (ID,USER_ID,COORDINATE_ID,RADIUS_METERS,NAME) VALUES (971,163,15,5931,'Denbigh');
INSERT INTO LOCATION (ID,USER_ID,COORDINATE_ID,RADIUS_METERS,NAME) VALUES (972,711,27,1459,'Rocca di Cambio');
INSERT INTO LOCATION (ID,USER_ID,COORDINATE_ID,RADIUS_METERS,NAME) VALUES (973,861,54,4488,'Gaggio Montano');
INSERT INTO LOCATION (ID,USER_ID,COORDINATE_ID,RADIUS_METERS,NAME) VALUES (974,957,95,3641,'Drongen');
INSERT INTO LOCATION (ID,USER_ID,COORDINATE_ID,RADIUS_METERS,NAME) VALUES (975,90,83,4882,'Westende');
INSERT INTO LOCATION (ID,USER_ID,COORDINATE_ID,RADIUS_METERS,NAME) VALUES (976,926,50,9422,'Sagamu');
INSERT INTO LOCATION (ID,USER_ID,COORDINATE_ID,RADIUS_METERS,NAME) VALUES (977,796,25,8324,'Bazel');
INSERT INTO LOCATION (ID,USER_ID,COORDINATE_ID,RADIUS_METERS,NAME) VALUES (978,259,72,3638,'Chalon-sur-Sane');
INSERT INTO LOCATION (ID,USER_ID,COORDINATE_ID,RADIUS_METERS,NAME) VALUES (979,401,78,3247,'Wibrin');
INSERT INTO LOCATION (ID,USER_ID,COORDINATE_ID,RADIUS_METERS,NAME) VALUES (980,682,13,2803,'Bottrop');
INSERT INTO LOCATION (ID,USER_ID,COORDINATE_ID,RADIUS_METERS,NAME) VALUES (981,621,12,2503,'Roselies');
INSERT INTO LOCATION (ID,USER_ID,COORDINATE_ID,RADIUS_METERS,NAME) VALUES (982,349,70,2450,'Fort Laird');
INSERT INTO LOCATION (ID,USER_ID,COORDINATE_ID,RADIUS_METERS,NAME) VALUES (983,200,41,2787,'Zeebrugge');
INSERT INTO LOCATION (ID,USER_ID,COORDINATE_ID,RADIUS_METERS,NAME) VALUES (984,125,12,5970,'Invercargill');
INSERT INTO LOCATION (ID,USER_ID,COORDINATE_ID,RADIUS_METERS,NAME) VALUES (985,942,35,7985,'Francofonte');
INSERT INTO LOCATION (ID,USER_ID,COORDINATE_ID,RADIUS_METERS,NAME) VALUES (986,431,96,8528,'Acciano');
INSERT INTO LOCATION (ID,USER_ID,COORDINATE_ID,RADIUS_METERS,NAME) VALUES (987,26,26,9032,'Fort Collins');
INSERT INTO LOCATION (ID,USER_ID,COORDINATE_ID,RADIUS_METERS,NAME) VALUES (988,392,100,9659,'Trois-Rivires');
INSERT INTO LOCATION (ID,USER_ID,COORDINATE_ID,RADIUS_METERS,NAME) VALUES (989,196,42,333,'Snaaskerke');
INSERT INTO LOCATION (ID,USER_ID,COORDINATE_ID,RADIUS_METERS,NAME) VALUES (990,655,91,6377,'Quilicura');
INSERT INTO LOCATION (ID,USER_ID,COORDINATE_ID,RADIUS_METERS,NAME) VALUES (991,136,40,7632,'Mission');
INSERT INTO LOCATION (ID,USER_ID,COORDINATE_ID,RADIUS_METERS,NAME) VALUES (992,674,20,9064,'Tavier');
INSERT INTO LOCATION (ID,USER_ID,COORDINATE_ID,RADIUS_METERS,NAME) VALUES (993,314,98,3534,'Trogne');
INSERT INTO LOCATION (ID,USER_ID,COORDINATE_ID,RADIUS_METERS,NAME) VALUES (994,312,100,1693,'Lucknow');
INSERT INTO LOCATION (ID,USER_ID,COORDINATE_ID,RADIUS_METERS,NAME) VALUES (995,284,53,4636,'Qubec City');
INSERT INTO LOCATION (ID,USER_ID,COORDINATE_ID,RADIUS_METERS,NAME) VALUES (996,509,16,5086,'Barrhead');
INSERT INTO LOCATION (ID,USER_ID,COORDINATE_ID,RADIUS_METERS,NAME) VALUES (997,157,49,1521,'Southend');
INSERT INTO LOCATION (ID,USER_ID,COORDINATE_ID,RADIUS_METERS,NAME) VALUES (998,830,65,8919,'Meridian');
INSERT INTO LOCATION (ID,USER_ID,COORDINATE_ID,RADIUS_METERS,NAME) VALUES (999,677,30,484,'Rivire-du-Loup');
INSERT INTO LOCATION (ID,USER_ID,COORDINATE_ID,RADIUS_METERS,NAME) VALUES (1000,765,37,7691,'Racine');
INSERT INTO LOCATION (ID,USER_ID,COORDINATE_ID,RADIUS_METERS,NAME) VALUES (1001,551,91,1203,'Hartford');
INSERT INTO LOCATION (ID,USER_ID,COORDINATE_ID,RADIUS_METERS,NAME) VALUES (1002,729,24,8855,'Sandviken');
INSERT INTO LOCATION (ID,USER_ID,COORDINATE_ID,RADIUS_METERS,NAME) VALUES (1003,443,89,871,'Grand-Rosire-Hottomont');
INSERT INTO LOCATION (ID,USER_ID,COORDINATE_ID,RADIUS_METERS,NAME) VALUES (1004,714,77,8052,'Burgos');
INSERT INTO LOCATION (ID,USER_ID,COORDINATE_ID,RADIUS_METERS,NAME) VALUES (1005,130,51,5621,'Hofors');
INSERT INTO LOCATION (ID,USER_ID,COORDINATE_ID,RADIUS_METERS,NAME) VALUES (1006,78,15,4856,'Lloydminster');
INSERT INTO LOCATION (ID,USER_ID,COORDINATE_ID,RADIUS_METERS,NAME) VALUES (1007,794,38,4406,'Wismar');
INSERT INTO LOCATION (ID,USER_ID,COORDINATE_ID,RADIUS_METERS,NAME) VALUES (1008,614,30,6058,'Rhemes-Saint-Georges');
INSERT INTO LOCATION (ID,USER_ID,COORDINATE_ID,RADIUS_METERS,NAME) VALUES (1009,569,98,6151,'Westport');
INSERT INTO LOCATION (ID,USER_ID,COORDINATE_ID,RADIUS_METERS,NAME) VALUES (1010,371,95,3430,'Itter');
INSERT INTO LOCATION (ID,USER_ID,COORDINATE_ID,RADIUS_METERS,NAME) VALUES (1011,332,77,9658,'Eluru');
INSERT INTO LOCATION (ID,USER_ID,COORDINATE_ID,RADIUS_METERS,NAME) VALUES (1012,88,62,4485,'Chesapeake');
INSERT INTO LOCATION (ID,USER_ID,COORDINATE_ID,RADIUS_METERS,NAME) VALUES (1013,137,85,2861,'Bazzano');
INSERT INTO LOCATION (ID,USER_ID,COORDINATE_ID,RADIUS_METERS,NAME) VALUES (1014,294,24,9412,'Green Bay');
INSERT INTO LOCATION (ID,USER_ID,COORDINATE_ID,RADIUS_METERS,NAME) VALUES (1015,301,88,7031,'Exeter');
INSERT INTO LOCATION (ID,USER_ID,COORDINATE_ID,RADIUS_METERS,NAME) VALUES (1016,271,96,3605,'Castello dell''Acqua');
INSERT INTO LOCATION (ID,USER_ID,COORDINATE_ID,RADIUS_METERS,NAME) VALUES (1017,339,73,7074,'Kamalia');
INSERT INTO LOCATION (ID,USER_ID,COORDINATE_ID,RADIUS_METERS,NAME) VALUES (1018,295,85,9229,'Lissewege');
INSERT INTO LOCATION (ID,USER_ID,COORDINATE_ID,RADIUS_METERS,NAME) VALUES (1019,11,58,4260,'Bridgend');
INSERT INTO LOCATION (ID,USER_ID,COORDINATE_ID,RADIUS_METERS,NAME) VALUES (1020,415,95,6972,'Spinoso');
INSERT INTO LOCATION (ID,USER_ID,COORDINATE_ID,RADIUS_METERS,NAME) VALUES (1021,524,82,3181,'Morrovalle');
INSERT INTO LOCATION (ID,USER_ID,COORDINATE_ID,RADIUS_METERS,NAME) VALUES (1022,515,84,6516,'Merzig');
INSERT INTO LOCATION (ID,USER_ID,COORDINATE_ID,RADIUS_METERS,NAME) VALUES (1023,847,33,8416,'Massa Martana');
INSERT INTO LOCATION (ID,USER_ID,COORDINATE_ID,RADIUS_METERS,NAME) VALUES (1024,321,9,8757,'Vanier');
INSERT INTO LOCATION (ID,USER_ID,COORDINATE_ID,RADIUS_METERS,NAME) VALUES (1025,197,14,8417,'Ro Ibez');
INSERT INTO LOCATION (ID,USER_ID,COORDINATE_ID,RADIUS_METERS,NAME) VALUES (1026,596,4,7261,'Ramagundam');
INSERT INTO LOCATION (ID,USER_ID,COORDINATE_ID,RADIUS_METERS,NAME) VALUES (1027,236,98,16,'Pellizzano');
INSERT INTO LOCATION (ID,USER_ID,COORDINATE_ID,RADIUS_METERS,NAME) VALUES (1028,503,46,8513,'St. Catharines');
INSERT INTO LOCATION (ID,USER_ID,COORDINATE_ID,RADIUS_METERS,NAME) VALUES (1029,55,42,421,'Tallahassee');
INSERT INTO LOCATION (ID,USER_ID,COORDINATE_ID,RADIUS_METERS,NAME) VALUES (1030,207,82,7872,'Saint-Prime');
INSERT INTO LOCATION (ID,USER_ID,COORDINATE_ID,RADIUS_METERS,NAME) VALUES (1031,22,39,9468,'Saarlouis');
INSERT INTO LOCATION (ID,USER_ID,COORDINATE_ID,RADIUS_METERS,NAME) VALUES (1032,876,89,3534,'Dornoch');
INSERT INTO LOCATION (ID,USER_ID,COORDINATE_ID,RADIUS_METERS,NAME) VALUES (1033,745,55,2278,'Mollem');
INSERT INTO LOCATION (ID,USER_ID,COORDINATE_ID,RADIUS_METERS,NAME) VALUES (1034,134,27,652,'Barra do Corda');
INSERT INTO LOCATION (ID,USER_ID,COORDINATE_ID,RADIUS_METERS,NAME) VALUES (1035,669,46,6996,'Newark');
INSERT INTO LOCATION (ID,USER_ID,COORDINATE_ID,RADIUS_METERS,NAME) VALUES (1036,446,13,6217,'St. Austell');
INSERT INTO LOCATION (ID,USER_ID,COORDINATE_ID,RADIUS_METERS,NAME) VALUES (1037,914,84,5393,'Albi');
INSERT INTO LOCATION (ID,USER_ID,COORDINATE_ID,RADIUS_METERS,NAME) VALUES (1038,360,78,8596,'Fort Saskatchewan');
INSERT INTO LOCATION (ID,USER_ID,COORDINATE_ID,RADIUS_METERS,NAME) VALUES (1039,424,10,4467,'Wagnele');
INSERT INTO LOCATION (ID,USER_ID,COORDINATE_ID,RADIUS_METERS,NAME) VALUES (1040,972,10,3763,'Kakisa');
INSERT INTO LOCATION (ID,USER_ID,COORDINATE_ID,RADIUS_METERS,NAME) VALUES (1041,412,92,1458,'Burntisland');
INSERT INTO LOCATION (ID,USER_ID,COORDINATE_ID,RADIUS_METERS,NAME) VALUES (1042,65,24,5411,'Radebeul');
INSERT INTO LOCATION (ID,USER_ID,COORDINATE_ID,RADIUS_METERS,NAME) VALUES (1043,895,26,2701,'Parauapebas');
INSERT INTO LOCATION (ID,USER_ID,COORDINATE_ID,RADIUS_METERS,NAME) VALUES (1044,306,77,8631,'Dunstable');
INSERT INTO LOCATION (ID,USER_ID,COORDINATE_ID,RADIUS_METERS,NAME) VALUES (1045,782,36,8650,'Coleville Lake');
INSERT INTO LOCATION (ID,USER_ID,COORDINATE_ID,RADIUS_METERS,NAME) VALUES (1046,511,92,2465,'Chiniot');
INSERT INTO LOCATION (ID,USER_ID,COORDINATE_ID,RADIUS_METERS,NAME) VALUES (1047,612,29,5433,'Rouen');
INSERT INTO LOCATION (ID,USER_ID,COORDINATE_ID,RADIUS_METERS,NAME) VALUES (1048,267,32,3176,'Hulst');
INSERT INTO LOCATION (ID,USER_ID,COORDINATE_ID,RADIUS_METERS,NAME) VALUES (1049,194,22,1695,'Laramie');
INSERT INTO LOCATION (ID,USER_ID,COORDINATE_ID,RADIUS_METERS,NAME) VALUES (1050,131,21,6927,'Olympia');
INSERT INTO LOCATION (ID,USER_ID,COORDINATE_ID,RADIUS_METERS,NAME) VALUES (1051,462,10,1440,'Vijayawada');
INSERT INTO LOCATION (ID,USER_ID,COORDINATE_ID,RADIUS_METERS,NAME) VALUES (1052,424,29,6410,'Saint-Pierre');
INSERT INTO LOCATION (ID,USER_ID,COORDINATE_ID,RADIUS_METERS,NAME) VALUES (1053,809,52,9593,'Araban');
INSERT INTO LOCATION (ID,USER_ID,COORDINATE_ID,RADIUS_METERS,NAME) VALUES (1054,547,46,9074,'Frankfort');
INSERT INTO LOCATION (ID,USER_ID,COORDINATE_ID,RADIUS_METERS,NAME) VALUES (1055,562,89,1527,'Saint-Pierre');
INSERT INTO LOCATION (ID,USER_ID,COORDINATE_ID,RADIUS_METERS,NAME) VALUES (1056,802,22,1418,'Quenast');
INSERT INTO LOCATION (ID,USER_ID,COORDINATE_ID,RADIUS_METERS,NAME) VALUES (1057,796,97,2630,'Zele');
INSERT INTO LOCATION (ID,USER_ID,COORDINATE_ID,RADIUS_METERS,NAME) VALUES (1058,456,75,451,'Sant''Ilario dello Ionio');
INSERT INTO LOCATION (ID,USER_ID,COORDINATE_ID,RADIUS_METERS,NAME) VALUES (1059,863,3,1887,'Gloucester');
INSERT INTO LOCATION (ID,USER_ID,COORDINATE_ID,RADIUS_METERS,NAME) VALUES (1060,332,5,6869,'Denbigh');
INSERT INTO LOCATION (ID,USER_ID,COORDINATE_ID,RADIUS_METERS,NAME) VALUES (1061,131,24,7177,'Sagar');
INSERT INTO LOCATION (ID,USER_ID,COORDINATE_ID,RADIUS_METERS,NAME) VALUES (1062,156,29,2724,'Roveredo in Piano');
INSERT INTO LOCATION (ID,USER_ID,COORDINATE_ID,RADIUS_METERS,NAME) VALUES (1063,43,33,9463,'Kaaskerke');
INSERT INTO LOCATION (ID,USER_ID,COORDINATE_ID,RADIUS_METERS,NAME) VALUES (1064,663,39,1965,'Las Palmas');
INSERT INTO LOCATION (ID,USER_ID,COORDINATE_ID,RADIUS_METERS,NAME) VALUES (1065,428,24,1878,'Griesheim');
INSERT INTO LOCATION (ID,USER_ID,COORDINATE_ID,RADIUS_METERS,NAME) VALUES (1066,765,49,2605,'Linkhout');
INSERT INTO LOCATION (ID,USER_ID,COORDINATE_ID,RADIUS_METERS,NAME) VALUES (1067,758,30,3424,'Auldearn');
INSERT INTO LOCATION (ID,USER_ID,COORDINATE_ID,RADIUS_METERS,NAME) VALUES (1068,430,50,2470,'Duque de Caxias');
INSERT INTO LOCATION (ID,USER_ID,COORDINATE_ID,RADIUS_METERS,NAME) VALUES (1069,382,43,1533,'Norman');
INSERT INTO LOCATION (ID,USER_ID,COORDINATE_ID,RADIUS_METERS,NAME) VALUES (1070,174,37,874,'Matera');
INSERT INTO LOCATION (ID,USER_ID,COORDINATE_ID,RADIUS_METERS,NAME) VALUES (1071,902,45,2784,'La Baie');
INSERT INTO LOCATION (ID,USER_ID,COORDINATE_ID,RADIUS_METERS,NAME) VALUES (1072,945,22,3189,'Pinkafeld');
INSERT INTO LOCATION (ID,USER_ID,COORDINATE_ID,RADIUS_METERS,NAME) VALUES (1073,614,77,317,'Vierzon');
INSERT INTO LOCATION (ID,USER_ID,COORDINATE_ID,RADIUS_METERS,NAME) VALUES (1074,918,52,4022,'Snellegem');
INSERT INTO LOCATION (ID,USER_ID,COORDINATE_ID,RADIUS_METERS,NAME) VALUES (1075,104,58,1255,'Ross-on-Wye');
INSERT INTO LOCATION (ID,USER_ID,COORDINATE_ID,RADIUS_METERS,NAME) VALUES (1076,108,67,2637,'Omaha');
INSERT INTO LOCATION (ID,USER_ID,COORDINATE_ID,RADIUS_METERS,NAME) VALUES (1077,297,11,7258,'Fontenoille');
INSERT INTO LOCATION (ID,USER_ID,COORDINATE_ID,RADIUS_METERS,NAME) VALUES (1078,884,17,7004,'Temuco');
INSERT INTO LOCATION (ID,USER_ID,COORDINATE_ID,RADIUS_METERS,NAME) VALUES (1079,766,40,3554,'Onoz');
INSERT INTO LOCATION (ID,USER_ID,COORDINATE_ID,RADIUS_METERS,NAME) VALUES (1080,825,63,5012,'Gualdo Cattaneo');
INSERT INTO LOCATION (ID,USER_ID,COORDINATE_ID,RADIUS_METERS,NAME) VALUES (1081,955,90,872,'San Rosendo');
INSERT INTO LOCATION (ID,USER_ID,COORDINATE_ID,RADIUS_METERS,NAME) VALUES (1082,293,96,3323,'Baiso');
INSERT INTO LOCATION (ID,USER_ID,COORDINATE_ID,RADIUS_METERS,NAME) VALUES (1083,179,30,6522,'Siedlce');
INSERT INTO LOCATION (ID,USER_ID,COORDINATE_ID,RADIUS_METERS,NAME) VALUES (1084,116,26,7406,'Lugnano in Teverina');
INSERT INTO LOCATION (ID,USER_ID,COORDINATE_ID,RADIUS_METERS,NAME) VALUES (1085,357,28,4975,'Serrata');
INSERT INTO LOCATION (ID,USER_ID,COORDINATE_ID,RADIUS_METERS,NAME) VALUES (1086,349,80,2645,'Tallahassee');
INSERT INTO LOCATION (ID,USER_ID,COORDINATE_ID,RADIUS_METERS,NAME) VALUES (1087,973,83,2942,'Ganganagar');
INSERT INTO LOCATION (ID,USER_ID,COORDINATE_ID,RADIUS_METERS,NAME) VALUES (1088,204,77,7968,'Rizes');
INSERT INTO LOCATION (ID,USER_ID,COORDINATE_ID,RADIUS_METERS,NAME) VALUES (1089,388,79,8635,'Sellano');
INSERT INTO LOCATION (ID,USER_ID,COORDINATE_ID,RADIUS_METERS,NAME) VALUES (1090,591,85,8405,'San Carlos');
INSERT INTO LOCATION (ID,USER_ID,COORDINATE_ID,RADIUS_METERS,NAME) VALUES (1091,644,65,2917,'Pickering');
INSERT INTO LOCATION (ID,USER_ID,COORDINATE_ID,RADIUS_METERS,NAME) VALUES (1092,475,72,7537,'Buckingham');
INSERT INTO LOCATION (ID,USER_ID,COORDINATE_ID,RADIUS_METERS,NAME) VALUES (1093,274,68,393,'Rocca d''Arce');
INSERT INTO LOCATION (ID,USER_ID,COORDINATE_ID,RADIUS_METERS,NAME) VALUES (1094,941,43,7712,'Rampur');
INSERT INTO LOCATION (ID,USER_ID,COORDINATE_ID,RADIUS_METERS,NAME) VALUES (1095,751,24,2490,'Glossop');
INSERT INTO LOCATION (ID,USER_ID,COORDINATE_ID,RADIUS_METERS,NAME) VALUES (1096,244,52,7518,'San Francisco');
INSERT INTO LOCATION (ID,USER_ID,COORDINATE_ID,RADIUS_METERS,NAME) VALUES (1097,147,82,7495,'Miranda');
INSERT INTO LOCATION (ID,USER_ID,COORDINATE_ID,RADIUS_METERS,NAME) VALUES (1098,975,57,2904,'Bihain');
INSERT INTO LOCATION (ID,USER_ID,COORDINATE_ID,RADIUS_METERS,NAME) VALUES (1099,98,4,3553,'Anklam');
INSERT INTO LOCATION (ID,USER_ID,COORDINATE_ID,RADIUS_METERS,NAME) VALUES (1100,160,42,1417,'Mirzapur-cum-Vindhyachal');
INSERT INTO LOCATION (ID,USER_ID,COORDINATE_ID,RADIUS_METERS,NAME) VALUES (1101,110,7,9212,'Los Angeles');
INSERT INTO LOCATION (ID,USER_ID,COORDINATE_ID,RADIUS_METERS,NAME) VALUES (1102,542,49,1717,'Lienz');
INSERT INTO LOCATION (ID,USER_ID,COORDINATE_ID,RADIUS_METERS,NAME) VALUES (1103,879,95,5440,'Linsmeau');
INSERT INTO LOCATION (ID,USER_ID,COORDINATE_ID,RADIUS_METERS,NAME) VALUES (1104,739,58,7196,'Stre');
INSERT INTO LOCATION (ID,USER_ID,COORDINATE_ID,RADIUS_METERS,NAME) VALUES (1105,580,52,2267,'Enschede');
INSERT INTO LOCATION (ID,USER_ID,COORDINATE_ID,RADIUS_METERS,NAME) VALUES (1106,249,90,1751,'Rnquil');
INSERT INTO LOCATION (ID,USER_ID,COORDINATE_ID,RADIUS_METERS,NAME) VALUES (1107,659,54,7831,'Ro Verde');
INSERT INTO LOCATION (ID,USER_ID,COORDINATE_ID,RADIUS_METERS,NAME) VALUES (1108,319,15,3119,'Canora');
INSERT INTO LOCATION (ID,USER_ID,COORDINATE_ID,RADIUS_METERS,NAME) VALUES (1109,845,34,3824,'Giardinello');
INSERT INTO LOCATION (ID,USER_ID,COORDINATE_ID,RADIUS_METERS,NAME) VALUES (1110,180,7,8894,'Madison');
INSERT INTO LOCATION (ID,USER_ID,COORDINATE_ID,RADIUS_METERS,NAME) VALUES (1111,640,51,9415,'Glendale');
INSERT INTO LOCATION (ID,USER_ID,COORDINATE_ID,RADIUS_METERS,NAME) VALUES (1112,943,83,90,'Tiruvannamalai');
INSERT INTO LOCATION (ID,USER_ID,COORDINATE_ID,RADIUS_METERS,NAME) VALUES (1113,611,40,1850,'Vichuqun');
INSERT INTO LOCATION (ID,USER_ID,COORDINATE_ID,RADIUS_METERS,NAME) VALUES (1114,879,63,4713,'Ife');
INSERT INTO LOCATION (ID,USER_ID,COORDINATE_ID,RADIUS_METERS,NAME) VALUES (1115,783,55,7588,'Pointe-du-Lac');
INSERT INTO LOCATION (ID,USER_ID,COORDINATE_ID,RADIUS_METERS,NAME) VALUES (1116,232,33,9968,'Builth Wells');
INSERT INTO LOCATION (ID,USER_ID,COORDINATE_ID,RADIUS_METERS,NAME) VALUES (1117,687,72,6284,'Muridke');
INSERT INTO LOCATION (ID,USER_ID,COORDINATE_ID,RADIUS_METERS,NAME) VALUES (1118,506,8,7739,'Port Lincoln');
INSERT INTO LOCATION (ID,USER_ID,COORDINATE_ID,RADIUS_METERS,NAME) VALUES (1119,227,25,3861,'Sorg');
INSERT INTO LOCATION (ID,USER_ID,COORDINATE_ID,RADIUS_METERS,NAME) VALUES (1120,432,79,3640,'Centa San Nicol');
INSERT INTO LOCATION (ID,USER_ID,COORDINATE_ID,RADIUS_METERS,NAME) VALUES (1121,207,10,9529,'Ludwigsfelde');
INSERT INTO LOCATION (ID,USER_ID,COORDINATE_ID,RADIUS_METERS,NAME) VALUES (1122,890,68,7274,'Legal');
INSERT INTO LOCATION (ID,USER_ID,COORDINATE_ID,RADIUS_METERS,NAME) VALUES (1123,266,30,3982,'Hildesheim');
INSERT INTO LOCATION (ID,USER_ID,COORDINATE_ID,RADIUS_METERS,NAME) VALUES (1124,682,25,6111,'Kaiserslauter');
INSERT INTO LOCATION (ID,USER_ID,COORDINATE_ID,RADIUS_METERS,NAME) VALUES (1125,237,11,394,'Wyoming');
INSERT INTO LOCATION (ID,USER_ID,COORDINATE_ID,RADIUS_METERS,NAME) VALUES (1126,853,69,6566,'Vorselaar');
INSERT INTO LOCATION (ID,USER_ID,COORDINATE_ID,RADIUS_METERS,NAME) VALUES (1127,164,33,1062,'Zwevegem');
INSERT INTO LOCATION (ID,USER_ID,COORDINATE_ID,RADIUS_METERS,NAME) VALUES (1128,384,52,1326,'Remscheid');
INSERT INTO LOCATION (ID,USER_ID,COORDINATE_ID,RADIUS_METERS,NAME) VALUES (1129,251,59,5991,'Strombeek-Bever');
INSERT INTO LOCATION (ID,USER_ID,COORDINATE_ID,RADIUS_METERS,NAME) VALUES (1130,206,9,2350,'Carapicuba');
INSERT INTO LOCATION (ID,USER_ID,COORDINATE_ID,RADIUS_METERS,NAME) VALUES (1131,696,21,678,'Jupille-sur-Meuse');
INSERT INTO LOCATION (ID,USER_ID,COORDINATE_ID,RADIUS_METERS,NAME) VALUES (1132,210,23,9713,'Pinkafeld');
INSERT INTO LOCATION (ID,USER_ID,COORDINATE_ID,RADIUS_METERS,NAME) VALUES (1133,544,62,5184,'Ambala');
INSERT INTO LOCATION (ID,USER_ID,COORDINATE_ID,RADIUS_METERS,NAME) VALUES (1134,230,98,5630,'Gretna');
INSERT INTO LOCATION (ID,USER_ID,COORDINATE_ID,RADIUS_METERS,NAME) VALUES (1135,847,92,9212,'Minna');
INSERT INTO LOCATION (ID,USER_ID,COORDINATE_ID,RADIUS_METERS,NAME) VALUES (1136,384,43,6653,'Naperville');
INSERT INTO LOCATION (ID,USER_ID,COORDINATE_ID,RADIUS_METERS,NAME) VALUES (1137,515,52,521,'Ancud');
INSERT INTO LOCATION (ID,USER_ID,COORDINATE_ID,RADIUS_METERS,NAME) VALUES (1138,181,45,4026,'Turnhout');
INSERT INTO LOCATION (ID,USER_ID,COORDINATE_ID,RADIUS_METERS,NAME) VALUES (1139,187,15,9917,'Oban');
INSERT INTO LOCATION (ID,USER_ID,COORDINATE_ID,RADIUS_METERS,NAME) VALUES (1140,564,19,5656,'Mildura');
INSERT INTO LOCATION (ID,USER_ID,COORDINATE_ID,RADIUS_METERS,NAME) VALUES (1141,605,56,4033,'Barra do Corda');
INSERT INTO LOCATION (ID,USER_ID,COORDINATE_ID,RADIUS_METERS,NAME) VALUES (1142,700,79,7340,'Niteri');
INSERT INTO LOCATION (ID,USER_ID,COORDINATE_ID,RADIUS_METERS,NAME) VALUES (1143,510,61,1335,'Juan Fernndez');
INSERT INTO LOCATION (ID,USER_ID,COORDINATE_ID,RADIUS_METERS,NAME) VALUES (1144,538,16,7373,'Lampeter');
INSERT INTO LOCATION (ID,USER_ID,COORDINATE_ID,RADIUS_METERS,NAME) VALUES (1145,718,74,5597,'Liberia');
INSERT INTO LOCATION (ID,USER_ID,COORDINATE_ID,RADIUS_METERS,NAME) VALUES (1146,850,77,8373,'Herk-de-Stad');
INSERT INTO LOCATION (ID,USER_ID,COORDINATE_ID,RADIUS_METERS,NAME) VALUES (1147,952,74,233,'New Orleans');
INSERT INTO LOCATION (ID,USER_ID,COORDINATE_ID,RADIUS_METERS,NAME) VALUES (1148,891,4,2513,'Angers');
INSERT INTO LOCATION (ID,USER_ID,COORDINATE_ID,RADIUS_METERS,NAME) VALUES (1149,784,29,3622,'Cinco Esquinas');
INSERT INTO LOCATION (ID,USER_ID,COORDINATE_ID,RADIUS_METERS,NAME) VALUES (1150,644,49,8091,'Motala');
INSERT INTO LOCATION (ID,USER_ID,COORDINATE_ID,RADIUS_METERS,NAME) VALUES (1151,672,51,8410,'Hulst');
INSERT INTO LOCATION (ID,USER_ID,COORDINATE_ID,RADIUS_METERS,NAME) VALUES (1152,503,43,7964,'Deurne');
INSERT INTO LOCATION (ID,USER_ID,COORDINATE_ID,RADIUS_METERS,NAME) VALUES (1153,66,53,4050,'Rudiano');
INSERT INTO LOCATION (ID,USER_ID,COORDINATE_ID,RADIUS_METERS,NAME) VALUES (1154,427,8,4657,'Seydiehir');
INSERT INTO LOCATION (ID,USER_ID,COORDINATE_ID,RADIUS_METERS,NAME) VALUES (1155,715,31,6737,'Yaxley');
INSERT INTO LOCATION (ID,USER_ID,COORDINATE_ID,RADIUS_METERS,NAME) VALUES (1156,776,98,4219,'Uitbergen');
INSERT INTO LOCATION (ID,USER_ID,COORDINATE_ID,RADIUS_METERS,NAME) VALUES (1157,655,45,6850,'Berceto');
INSERT INTO LOCATION (ID,USER_ID,COORDINATE_ID,RADIUS_METERS,NAME) VALUES (1158,200,89,4326,'Bahawalpur');
INSERT INTO LOCATION (ID,USER_ID,COORDINATE_ID,RADIUS_METERS,NAME) VALUES (1159,701,45,3409,'Valley East');
INSERT INTO LOCATION (ID,USER_ID,COORDINATE_ID,RADIUS_METERS,NAME) VALUES (1160,797,45,3672,'Cavaion Veronese');
INSERT INTO LOCATION (ID,USER_ID,COORDINATE_ID,RADIUS_METERS,NAME) VALUES (1161,745,49,2358,'Portland');
INSERT INTO LOCATION (ID,USER_ID,COORDINATE_ID,RADIUS_METERS,NAME) VALUES (1162,200,89,9866,'Scena/Schenna');
INSERT INTO LOCATION (ID,USER_ID,COORDINATE_ID,RADIUS_METERS,NAME) VALUES (1163,183,20,9831,'Tulita');
INSERT INTO LOCATION (ID,USER_ID,COORDINATE_ID,RADIUS_METERS,NAME) VALUES (1164,236,50,7585,'Saint-Denis');
INSERT INTO LOCATION (ID,USER_ID,COORDINATE_ID,RADIUS_METERS,NAME) VALUES (1165,529,25,1634,'Medicine Hat');
INSERT INTO LOCATION (ID,USER_ID,COORDINATE_ID,RADIUS_METERS,NAME) VALUES (1166,148,57,5805,'Verona');
INSERT INTO LOCATION (ID,USER_ID,COORDINATE_ID,RADIUS_METERS,NAME) VALUES (1167,871,86,4742,'Dokkum');
INSERT INTO LOCATION (ID,USER_ID,COORDINATE_ID,RADIUS_METERS,NAME) VALUES (1168,451,8,2750,'Erpe');
INSERT INTO LOCATION (ID,USER_ID,COORDINATE_ID,RADIUS_METERS,NAME) VALUES (1169,691,52,1467,'Katsina');
INSERT INTO LOCATION (ID,USER_ID,COORDINATE_ID,RADIUS_METERS,NAME) VALUES (1170,292,79,555,'Solapur');
INSERT INTO LOCATION (ID,USER_ID,COORDINATE_ID,RADIUS_METERS,NAME) VALUES (1171,279,35,6414,'Northumberland');
INSERT INTO LOCATION (ID,USER_ID,COORDINATE_ID,RADIUS_METERS,NAME) VALUES (1172,868,58,8075,'Asti');
INSERT INTO LOCATION (ID,USER_ID,COORDINATE_ID,RADIUS_METERS,NAME) VALUES (1173,808,69,2298,'Ponta Grossa');
INSERT INTO LOCATION (ID,USER_ID,COORDINATE_ID,RADIUS_METERS,NAME) VALUES (1174,512,67,3456,'Dalcahue');
INSERT INTO LOCATION (ID,USER_ID,COORDINATE_ID,RADIUS_METERS,NAME) VALUES (1175,33,35,5502,'Eghezee');
INSERT INTO LOCATION (ID,USER_ID,COORDINATE_ID,RADIUS_METERS,NAME) VALUES (1176,172,68,8624,'Boston');
INSERT INTO LOCATION (ID,USER_ID,COORDINATE_ID,RADIUS_METERS,NAME) VALUES (1177,237,87,604,'Santander');
INSERT INTO LOCATION (ID,USER_ID,COORDINATE_ID,RADIUS_METERS,NAME) VALUES (1178,258,89,4729,'Boncelles');
INSERT INTO LOCATION (ID,USER_ID,COORDINATE_ID,RADIUS_METERS,NAME) VALUES (1179,461,52,5531,'Beaumaris');
INSERT INTO LOCATION (ID,USER_ID,COORDINATE_ID,RADIUS_METERS,NAME) VALUES (1180,864,16,7246,'Marystown');
INSERT INTO LOCATION (ID,USER_ID,COORDINATE_ID,RADIUS_METERS,NAME) VALUES (1181,24,82,9079,'Hantes-Wihries');
INSERT INTO LOCATION (ID,USER_ID,COORDINATE_ID,RADIUS_METERS,NAME) VALUES (1182,770,58,3280,'Neuruppin');
INSERT INTO LOCATION (ID,USER_ID,COORDINATE_ID,RADIUS_METERS,NAME) VALUES (1183,232,61,5267,'Newquay');
INSERT INTO LOCATION (ID,USER_ID,COORDINATE_ID,RADIUS_METERS,NAME) VALUES (1184,480,57,1709,'Carnoustie');
INSERT INTO LOCATION (ID,USER_ID,COORDINATE_ID,RADIUS_METERS,NAME) VALUES (1185,984,55,3245,'Godhra');
INSERT INTO LOCATION (ID,USER_ID,COORDINATE_ID,RADIUS_METERS,NAME) VALUES (1186,654,92,3456,'Lozzo Atestino');
INSERT INTO LOCATION (ID,USER_ID,COORDINATE_ID,RADIUS_METERS,NAME) VALUES (1187,888,29,8240,'Luzinia');
INSERT INTO LOCATION (ID,USER_ID,COORDINATE_ID,RADIUS_METERS,NAME) VALUES (1188,652,86,3024,'Isca sullo Ionio');
INSERT INTO LOCATION (ID,USER_ID,COORDINATE_ID,RADIUS_METERS,NAME) VALUES (1189,50,81,1835,'Valparaso');
INSERT INTO LOCATION (ID,USER_ID,COORDINATE_ID,RADIUS_METERS,NAME) VALUES (1190,536,96,6647,'Akron');
INSERT INTO LOCATION (ID,USER_ID,COORDINATE_ID,RADIUS_METERS,NAME) VALUES (1191,731,56,3852,'Cte Saint-Luc');
INSERT INTO LOCATION (ID,USER_ID,COORDINATE_ID,RADIUS_METERS,NAME) VALUES (1192,682,32,9056,'Kawawachikamach');
INSERT INTO LOCATION (ID,USER_ID,COORDINATE_ID,RADIUS_METERS,NAME) VALUES (1193,931,6,587,'Cimitile');
INSERT INTO LOCATION (ID,USER_ID,COORDINATE_ID,RADIUS_METERS,NAME) VALUES (1194,668,5,7890,'Port Moody');
INSERT INTO LOCATION (ID,USER_ID,COORDINATE_ID,RADIUS_METERS,NAME) VALUES (1195,806,64,6996,'Dorchester');
INSERT INTO LOCATION (ID,USER_ID,COORDINATE_ID,RADIUS_METERS,NAME) VALUES (1196,143,4,9378,'Paignton');
INSERT INTO LOCATION (ID,USER_ID,COORDINATE_ID,RADIUS_METERS,NAME) VALUES (1197,845,98,1031,'Neyveli');
INSERT INTO LOCATION (ID,USER_ID,COORDINATE_ID,RADIUS_METERS,NAME) VALUES (1198,14,46,8549,'Amaro');
INSERT INTO LOCATION (ID,USER_ID,COORDINATE_ID,RADIUS_METERS,NAME) VALUES (1199,956,51,7173,'Morpeth');
INSERT INTO LOCATION (ID,USER_ID,COORDINATE_ID,RADIUS_METERS,NAME) VALUES (1200,755,22,1673,'Tuglie');
INSERT INTO LOCATION (ID,USER_ID,COORDINATE_ID,RADIUS_METERS,NAME) VALUES (1201,74,99,5663,'Corswarem');
INSERT INTO LOCATION (ID,USER_ID,COORDINATE_ID,RADIUS_METERS,NAME) VALUES (1202,484,70,9999,'Zoerle-Parwijs');
INSERT INTO LOCATION (ID,USER_ID,COORDINATE_ID,RADIUS_METERS,NAME) VALUES (1203,688,91,6310,'Taber');
INSERT INTO LOCATION (ID,USER_ID,COORDINATE_ID,RADIUS_METERS,NAME) VALUES (1204,55,81,6449,'Tiegem');
INSERT INTO LOCATION (ID,USER_ID,COORDINATE_ID,RADIUS_METERS,NAME) VALUES (1205,821,73,9538,'Khanpur');
INSERT INTO LOCATION (ID,USER_ID,COORDINATE_ID,RADIUS_METERS,NAME) VALUES (1206,801,19,8854,'Neufeld an der Leitha');
INSERT INTO LOCATION (ID,USER_ID,COORDINATE_ID,RADIUS_METERS,NAME) VALUES (1207,174,26,541,'Orai');
INSERT INTO LOCATION (ID,USER_ID,COORDINATE_ID,RADIUS_METERS,NAME) VALUES (1208,259,87,5059,'Tirunelveli');
INSERT INTO LOCATION (ID,USER_ID,COORDINATE_ID,RADIUS_METERS,NAME) VALUES (1209,907,3,8581,'Lithgow');
INSERT INTO LOCATION (ID,USER_ID,COORDINATE_ID,RADIUS_METERS,NAME) VALUES (1210,337,70,9945,'Stade');
INSERT INTO LOCATION (ID,USER_ID,COORDINATE_ID,RADIUS_METERS,NAME) VALUES (1211,822,56,919,'Sierra Gorda');
INSERT INTO LOCATION (ID,USER_ID,COORDINATE_ID,RADIUS_METERS,NAME) VALUES (1212,620,17,787,'Porretta Terme');
INSERT INTO LOCATION (ID,USER_ID,COORDINATE_ID,RADIUS_METERS,NAME) VALUES (1213,609,21,5534,'San Esteban');
INSERT INTO LOCATION (ID,USER_ID,COORDINATE_ID,RADIUS_METERS,NAME) VALUES (1214,279,5,4585,'Kendal');
INSERT INTO LOCATION (ID,USER_ID,COORDINATE_ID,RADIUS_METERS,NAME) VALUES (1215,830,90,4277,'Heerenveen');
INSERT INTO LOCATION (ID,USER_ID,COORDINATE_ID,RADIUS_METERS,NAME) VALUES (1216,671,35,9484,'Lens-Saint-Remy');
INSERT INTO LOCATION (ID,USER_ID,COORDINATE_ID,RADIUS_METERS,NAME) VALUES (1217,699,20,3080,'Fort Collins');
INSERT INTO LOCATION (ID,USER_ID,COORDINATE_ID,RADIUS_METERS,NAME) VALUES (1218,564,71,7494,'Minitonas');
INSERT INTO LOCATION (ID,USER_ID,COORDINATE_ID,RADIUS_METERS,NAME) VALUES (1219,182,9,7349,'Ancona');
INSERT INTO LOCATION (ID,USER_ID,COORDINATE_ID,RADIUS_METERS,NAME) VALUES (1220,281,9,333,'Baton Rouge');
INSERT INTO LOCATION (ID,USER_ID,COORDINATE_ID,RADIUS_METERS,NAME) VALUES (1221,724,4,9987,'East Kilbride');
INSERT INTO LOCATION (ID,USER_ID,COORDINATE_ID,RADIUS_METERS,NAME) VALUES (1222,157,99,6144,'Stargard Szczeciski');
INSERT INTO LOCATION (ID,USER_ID,COORDINATE_ID,RADIUS_METERS,NAME) VALUES (1223,20,54,6806,'As');
INSERT INTO LOCATION (ID,USER_ID,COORDINATE_ID,RADIUS_METERS,NAME) VALUES (1224,503,34,9367,'Leamington');
INSERT INTO LOCATION (ID,USER_ID,COORDINATE_ID,RADIUS_METERS,NAME) VALUES (1225,387,68,7164,'Brugge Bruges');
INSERT INTO LOCATION (ID,USER_ID,COORDINATE_ID,RADIUS_METERS,NAME) VALUES (1226,40,73,7043,'Mazenzele');
INSERT INTO LOCATION (ID,USER_ID,COORDINATE_ID,RADIUS_METERS,NAME) VALUES (1227,335,11,8705,'Camborne');
INSERT INTO LOCATION (ID,USER_ID,COORDINATE_ID,RADIUS_METERS,NAME) VALUES (1228,945,68,755,'l''Escaillre');
INSERT INTO LOCATION (ID,USER_ID,COORDINATE_ID,RADIUS_METERS,NAME) VALUES (1229,193,7,8518,'Supsk');
INSERT INTO LOCATION (ID,USER_ID,COORDINATE_ID,RADIUS_METERS,NAME) VALUES (1230,609,61,3007,'Nakusp');
INSERT INTO LOCATION (ID,USER_ID,COORDINATE_ID,RADIUS_METERS,NAME) VALUES (1231,734,69,3551,'Orp-le-Grand');
INSERT INTO LOCATION (ID,USER_ID,COORDINATE_ID,RADIUS_METERS,NAME) VALUES (1232,428,15,692,'Kirkby Lonsdale');
INSERT INTO LOCATION (ID,USER_ID,COORDINATE_ID,RADIUS_METERS,NAME) VALUES (1233,787,91,8328,'Glenrothes');
INSERT INTO LOCATION (ID,USER_ID,COORDINATE_ID,RADIUS_METERS,NAME) VALUES (1234,292,35,6395,'Whitehorse');
INSERT INTO LOCATION (ID,USER_ID,COORDINATE_ID,RADIUS_METERS,NAME) VALUES (1235,624,66,4050,'Madrid');
INSERT INTO LOCATION (ID,USER_ID,COORDINATE_ID,RADIUS_METERS,NAME) VALUES (1236,305,69,5437,'Pretoro');
INSERT INTO LOCATION (ID,USER_ID,COORDINATE_ID,RADIUS_METERS,NAME) VALUES (1237,647,11,2628,'Corvino San Quirico');
INSERT INTO LOCATION (ID,USER_ID,COORDINATE_ID,RADIUS_METERS,NAME) VALUES (1238,746,56,393,'Thines');
INSERT INTO LOCATION (ID,USER_ID,COORDINATE_ID,RADIUS_METERS,NAME) VALUES (1239,207,78,2123,'Nelson');
INSERT INTO LOCATION (ID,USER_ID,COORDINATE_ID,RADIUS_METERS,NAME) VALUES (1240,609,90,2713,'Boncelles');
INSERT INTO LOCATION (ID,USER_ID,COORDINATE_ID,RADIUS_METERS,NAME) VALUES (1241,80,11,2306,'Nakusp');
INSERT INTO LOCATION (ID,USER_ID,COORDINATE_ID,RADIUS_METERS,NAME) VALUES (1242,359,3,8413,'Gallodoro');
INSERT INTO LOCATION (ID,USER_ID,COORDINATE_ID,RADIUS_METERS,NAME) VALUES (1243,186,15,1614,'San Lazzaro di Savena');
INSERT INTO LOCATION (ID,USER_ID,COORDINATE_ID,RADIUS_METERS,NAME) VALUES (1244,894,40,1349,'Sangli');
INSERT INTO LOCATION (ID,USER_ID,COORDINATE_ID,RADIUS_METERS,NAME) VALUES (1245,220,77,9549,'Lokeren');
INSERT INTO LOCATION (ID,USER_ID,COORDINATE_ID,RADIUS_METERS,NAME) VALUES (1246,907,92,1076,'Burntisland');
INSERT INTO LOCATION (ID,USER_ID,COORDINATE_ID,RADIUS_METERS,NAME) VALUES (1247,447,18,8497,'Stockholm');
INSERT INTO LOCATION (ID,USER_ID,COORDINATE_ID,RADIUS_METERS,NAME) VALUES (1248,81,3,1121,'Brentwood');
INSERT INTO LOCATION (ID,USER_ID,COORDINATE_ID,RADIUS_METERS,NAME) VALUES (1249,280,86,2592,'Brindisi');
INSERT INTO LOCATION (ID,USER_ID,COORDINATE_ID,RADIUS_METERS,NAME) VALUES (1250,713,67,6002,'Grembergen');
INSERT INTO LOCATION (ID,USER_ID,COORDINATE_ID,RADIUS_METERS,NAME) VALUES (1251,102,74,3359,'Oostkerke');
INSERT INTO LOCATION (ID,USER_ID,COORDINATE_ID,RADIUS_METERS,NAME) VALUES (1252,518,91,6495,'Athus');
INSERT INTO LOCATION (ID,USER_ID,COORDINATE_ID,RADIUS_METERS,NAME) VALUES (1253,483,85,9922,'Crescentino');
INSERT INTO LOCATION (ID,USER_ID,COORDINATE_ID,RADIUS_METERS,NAME) VALUES (1254,904,83,7522,'Hornsea');
INSERT INTO LOCATION (ID,USER_ID,COORDINATE_ID,RADIUS_METERS,NAME) VALUES (1255,427,49,7152,'Arnhem');
INSERT INTO LOCATION (ID,USER_ID,COORDINATE_ID,RADIUS_METERS,NAME) VALUES (1256,583,75,979,'Villach');
INSERT INTO LOCATION (ID,USER_ID,COORDINATE_ID,RADIUS_METERS,NAME) VALUES (1257,376,87,5374,'Hamme');
INSERT INTO LOCATION (ID,USER_ID,COORDINATE_ID,RADIUS_METERS,NAME) VALUES (1258,64,42,6518,'Torres del Paine');
INSERT INTO LOCATION (ID,USER_ID,COORDINATE_ID,RADIUS_METERS,NAME) VALUES (1259,227,30,346,'Thorembais-Saint-Trond');
INSERT INTO LOCATION (ID,USER_ID,COORDINATE_ID,RADIUS_METERS,NAME) VALUES (1260,768,59,7795,'Valley East');
INSERT INTO LOCATION (ID,USER_ID,COORDINATE_ID,RADIUS_METERS,NAME) VALUES (1261,242,3,5971,'Wattrelos');
INSERT INTO LOCATION (ID,USER_ID,COORDINATE_ID,RADIUS_METERS,NAME) VALUES (1262,392,12,9529,'Bad Vslau');
INSERT INTO LOCATION (ID,USER_ID,COORDINATE_ID,RADIUS_METERS,NAME) VALUES (1263,84,63,374,'San Maurizio Canavese');
INSERT INTO LOCATION (ID,USER_ID,COORDINATE_ID,RADIUS_METERS,NAME) VALUES (1264,920,35,610,'Zelem');
INSERT INTO LOCATION (ID,USER_ID,COORDINATE_ID,RADIUS_METERS,NAME) VALUES (1265,474,93,682,'Garbsen');
INSERT INTO LOCATION (ID,USER_ID,COORDINATE_ID,RADIUS_METERS,NAME) VALUES (1266,19,19,5784,'Kansas City');
INSERT INTO LOCATION (ID,USER_ID,COORDINATE_ID,RADIUS_METERS,NAME) VALUES (1267,358,71,993,'Neustadt am Rbenberge');
INSERT INTO LOCATION (ID,USER_ID,COORDINATE_ID,RADIUS_METERS,NAME) VALUES (1268,231,86,4351,'Fossato Serralta');
INSERT INTO LOCATION (ID,USER_ID,COORDINATE_ID,RADIUS_METERS,NAME) VALUES (1269,317,76,4049,'Cantley');
INSERT INTO LOCATION (ID,USER_ID,COORDINATE_ID,RADIUS_METERS,NAME) VALUES (1270,544,64,5392,'Bornival');
INSERT INTO LOCATION (ID,USER_ID,COORDINATE_ID,RADIUS_METERS,NAME) VALUES (1271,839,96,152,'Vancouver');
INSERT INTO LOCATION (ID,USER_ID,COORDINATE_ID,RADIUS_METERS,NAME) VALUES (1272,812,29,138,'Nicoya');
INSERT INTO LOCATION (ID,USER_ID,COORDINATE_ID,RADIUS_METERS,NAME) VALUES (1273,596,83,2173,'Chastre-Villeroux-Blanmont');
INSERT INTO LOCATION (ID,USER_ID,COORDINATE_ID,RADIUS_METERS,NAME) VALUES (1274,714,66,5854,'Llangefni');
INSERT INTO LOCATION (ID,USER_ID,COORDINATE_ID,RADIUS_METERS,NAME) VALUES (1275,593,50,3717,'Emines');
INSERT INTO LOCATION (ID,USER_ID,COORDINATE_ID,RADIUS_METERS,NAME) VALUES (1276,494,26,9481,'Fraser-Fort George');
INSERT INTO LOCATION (ID,USER_ID,COORDINATE_ID,RADIUS_METERS,NAME) VALUES (1277,974,89,1174,'Villa Latina');
INSERT INTO LOCATION (ID,USER_ID,COORDINATE_ID,RADIUS_METERS,NAME) VALUES (1278,534,75,2925,'Fosses-la-Ville');
INSERT INTO LOCATION (ID,USER_ID,COORDINATE_ID,RADIUS_METERS,NAME) VALUES (1279,934,38,873,'Etroubles');
INSERT INTO LOCATION (ID,USER_ID,COORDINATE_ID,RADIUS_METERS,NAME) VALUES (1280,243,79,9010,'Lakeshore');
INSERT INTO LOCATION (ID,USER_ID,COORDINATE_ID,RADIUS_METERS,NAME) VALUES (1281,145,16,512,'Ponsacco');
INSERT INTO LOCATION (ID,USER_ID,COORDINATE_ID,RADIUS_METERS,NAME) VALUES (1282,274,93,8721,'Santander');
INSERT INTO LOCATION (ID,USER_ID,COORDINATE_ID,RADIUS_METERS,NAME) VALUES (1283,875,89,7069,'Wazirabad');
INSERT INTO LOCATION (ID,USER_ID,COORDINATE_ID,RADIUS_METERS,NAME) VALUES (1284,537,57,160,'San Costantino Calabro');
INSERT INTO LOCATION (ID,USER_ID,COORDINATE_ID,RADIUS_METERS,NAME) VALUES (1285,56,33,4359,'Czstochowa');
INSERT INTO LOCATION (ID,USER_ID,COORDINATE_ID,RADIUS_METERS,NAME) VALUES (1286,993,79,9295,'Okigwe');
INSERT INTO LOCATION (ID,USER_ID,COORDINATE_ID,RADIUS_METERS,NAME) VALUES (1287,765,96,868,'Mysore');
INSERT INTO LOCATION (ID,USER_ID,COORDINATE_ID,RADIUS_METERS,NAME) VALUES (1288,239,95,5149,'Dolembreux');
INSERT INTO LOCATION (ID,USER_ID,COORDINATE_ID,RADIUS_METERS,NAME) VALUES (1289,619,75,1079,'Sellia Marina');
INSERT INTO LOCATION (ID,USER_ID,COORDINATE_ID,RADIUS_METERS,NAME) VALUES (1290,380,33,5222,'Villa Agnedo');
INSERT INTO LOCATION (ID,USER_ID,COORDINATE_ID,RADIUS_METERS,NAME) VALUES (1291,323,36,711,'Auburn');
INSERT INTO LOCATION (ID,USER_ID,COORDINATE_ID,RADIUS_METERS,NAME) VALUES (1292,130,86,8399,'Jou-ls-Tours');
INSERT INTO LOCATION (ID,USER_ID,COORDINATE_ID,RADIUS_METERS,NAME) VALUES (1293,561,70,6078,'Rio de Janeiro');
INSERT INTO LOCATION (ID,USER_ID,COORDINATE_ID,RADIUS_METERS,NAME) VALUES (1294,513,88,1509,'Tuscaloosa');
INSERT INTO LOCATION (ID,USER_ID,COORDINATE_ID,RADIUS_METERS,NAME) VALUES (1295,580,4,4619,'Pitrebais');
INSERT INTO LOCATION (ID,USER_ID,COORDINATE_ID,RADIUS_METERS,NAME) VALUES (1296,369,21,3452,'Wanzele');
INSERT INTO LOCATION (ID,USER_ID,COORDINATE_ID,RADIUS_METERS,NAME) VALUES (1297,405,21,3996,'Satriano di Lucania');
INSERT INTO LOCATION (ID,USER_ID,COORDINATE_ID,RADIUS_METERS,NAME) VALUES (1298,994,54,7970,'Cartago');
INSERT INTO LOCATION (ID,USER_ID,COORDINATE_ID,RADIUS_METERS,NAME) VALUES (1299,947,28,138,'Falmouth');
INSERT INTO LOCATION (ID,USER_ID,COORDINATE_ID,RADIUS_METERS,NAME) VALUES (1300,597,46,3967,'Sint-Jans-Molenbeek');
INSERT INTO LOCATION (ID,USER_ID,COORDINATE_ID,RADIUS_METERS,NAME) VALUES (1301,767,63,5623,'Mora');
INSERT INTO LOCATION (ID,USER_ID,COORDINATE_ID,RADIUS_METERS,NAME) VALUES (1302,263,26,3627,'York');
INSERT INTO LOCATION (ID,USER_ID,COORDINATE_ID,RADIUS_METERS,NAME) VALUES (1303,877,45,1571,'Angleur');
INSERT INTO LOCATION (ID,USER_ID,COORDINATE_ID,RADIUS_METERS,NAME) VALUES (1304,153,41,3585,'Thisnes');
INSERT INTO LOCATION (ID,USER_ID,COORDINATE_ID,RADIUS_METERS,NAME) VALUES (1305,992,30,520,'Township of Minden Hills');
INSERT INTO LOCATION (ID,USER_ID,COORDINATE_ID,RADIUS_METERS,NAME) VALUES (1306,778,92,8299,'Soverzene');
INSERT INTO LOCATION (ID,USER_ID,COORDINATE_ID,RADIUS_METERS,NAME) VALUES (1307,328,80,4848,'Spijkenisse');
INSERT INTO LOCATION (ID,USER_ID,COORDINATE_ID,RADIUS_METERS,NAME) VALUES (1308,760,39,5067,'Longueville');
INSERT INTO LOCATION (ID,USER_ID,COORDINATE_ID,RADIUS_METERS,NAME) VALUES (1309,766,6,4926,'Harelbeke');
INSERT INTO LOCATION (ID,USER_ID,COORDINATE_ID,RADIUS_METERS,NAME) VALUES (1310,568,18,857,'Bedford');
INSERT INTO LOCATION (ID,USER_ID,COORDINATE_ID,RADIUS_METERS,NAME) VALUES (1311,268,45,9572,'Kulti-Barakar');
INSERT INTO LOCATION (ID,USER_ID,COORDINATE_ID,RADIUS_METERS,NAME) VALUES (1312,72,21,8711,'Westmalle');
INSERT INTO LOCATION (ID,USER_ID,COORDINATE_ID,RADIUS_METERS,NAME) VALUES (1313,975,66,4654,'Divinpolis');
INSERT INTO LOCATION (ID,USER_ID,COORDINATE_ID,RADIUS_METERS,NAME) VALUES (1314,119,43,862,'San Pedro de Atacama');
INSERT INTO LOCATION (ID,USER_ID,COORDINATE_ID,RADIUS_METERS,NAME) VALUES (1315,952,81,9344,'Perchtoldsdorf');
INSERT INTO LOCATION (ID,USER_ID,COORDINATE_ID,RADIUS_METERS,NAME) VALUES (1316,894,4,9194,'Scarborough');
INSERT INTO LOCATION (ID,USER_ID,COORDINATE_ID,RADIUS_METERS,NAME) VALUES (1317,424,59,5935,'Kidderminster');
INSERT INTO LOCATION (ID,USER_ID,COORDINATE_ID,RADIUS_METERS,NAME) VALUES (1318,163,81,7991,'d');
INSERT INTO LOCATION (ID,USER_ID,COORDINATE_ID,RADIUS_METERS,NAME) VALUES (1319,702,39,7372,'Amravati');
INSERT INTO LOCATION (ID,USER_ID,COORDINATE_ID,RADIUS_METERS,NAME) VALUES (1320,814,8,9028,'Lagonegro');
INSERT INTO LOCATION (ID,USER_ID,COORDINATE_ID,RADIUS_METERS,NAME) VALUES (1321,693,70,7188,'Habay');
INSERT INTO LOCATION (ID,USER_ID,COORDINATE_ID,RADIUS_METERS,NAME) VALUES (1322,502,5,4726,'Stewart');
INSERT INTO LOCATION (ID,USER_ID,COORDINATE_ID,RADIUS_METERS,NAME) VALUES (1323,375,59,6724,'As');
INSERT INTO LOCATION (ID,USER_ID,COORDINATE_ID,RADIUS_METERS,NAME) VALUES (1324,68,94,6799,'Cockburn');
INSERT INTO LOCATION (ID,USER_ID,COORDINATE_ID,RADIUS_METERS,NAME) VALUES (1325,475,80,5463,'Meetkerke');
INSERT INTO LOCATION (ID,USER_ID,COORDINATE_ID,RADIUS_METERS,NAME) VALUES (1326,911,54,1559,'Dalbeattie');
INSERT INTO LOCATION (ID,USER_ID,COORDINATE_ID,RADIUS_METERS,NAME) VALUES (1327,293,9,3320,'Edmonton');
INSERT INTO LOCATION (ID,USER_ID,COORDINATE_ID,RADIUS_METERS,NAME) VALUES (1328,795,45,4452,'Silvassa');
INSERT INTO LOCATION (ID,USER_ID,COORDINATE_ID,RADIUS_METERS,NAME) VALUES (1329,692,59,6015,'Woodstock');
INSERT INTO LOCATION (ID,USER_ID,COORDINATE_ID,RADIUS_METERS,NAME) VALUES (1330,907,62,6058,'San Rafael');
INSERT INTO LOCATION (ID,USER_ID,COORDINATE_ID,RADIUS_METERS,NAME) VALUES (1331,872,67,9704,'Leduc');
INSERT INTO LOCATION (ID,USER_ID,COORDINATE_ID,RADIUS_METERS,NAME) VALUES (1332,465,53,4613,'Fort Smith');
INSERT INTO LOCATION (ID,USER_ID,COORDINATE_ID,RADIUS_METERS,NAME) VALUES (1333,944,85,673,'Bremen');
INSERT INTO LOCATION (ID,USER_ID,COORDINATE_ID,RADIUS_METERS,NAME) VALUES (1334,321,86,8795,'Laramie');
INSERT INTO LOCATION (ID,USER_ID,COORDINATE_ID,RADIUS_METERS,NAME) VALUES (1335,215,33,3968,'Harelbeke');
INSERT INTO LOCATION (ID,USER_ID,COORDINATE_ID,RADIUS_METERS,NAME) VALUES (1336,950,27,5999,'Patna');
INSERT INTO LOCATION (ID,USER_ID,COORDINATE_ID,RADIUS_METERS,NAME) VALUES (1337,251,20,6262,'Castel San Niccol');
INSERT INTO LOCATION (ID,USER_ID,COORDINATE_ID,RADIUS_METERS,NAME) VALUES (1338,331,3,9766,'Comeglians');
INSERT INTO LOCATION (ID,USER_ID,COORDINATE_ID,RADIUS_METERS,NAME) VALUES (1339,705,31,5067,'Frankston');
INSERT INTO LOCATION (ID,USER_ID,COORDINATE_ID,RADIUS_METERS,NAME) VALUES (1340,964,28,282,'Shawville');
INSERT INTO LOCATION (ID,USER_ID,COORDINATE_ID,RADIUS_METERS,NAME) VALUES (1341,286,99,6103,'Balvano');
INSERT INTO LOCATION (ID,USER_ID,COORDINATE_ID,RADIUS_METERS,NAME) VALUES (1342,593,9,2368,'Huelva');
INSERT INTO LOCATION (ID,USER_ID,COORDINATE_ID,RADIUS_METERS,NAME) VALUES (1343,130,5,7331,'Erquelinnes');
INSERT INTO LOCATION (ID,USER_ID,COORDINATE_ID,RADIUS_METERS,NAME) VALUES (1344,27,83,9561,'Oevel');
INSERT INTO LOCATION (ID,USER_ID,COORDINATE_ID,RADIUS_METERS,NAME) VALUES (1345,373,85,5372,'Chaitn');
INSERT INTO LOCATION (ID,USER_ID,COORDINATE_ID,RADIUS_METERS,NAME) VALUES (1346,736,38,5637,'Municipal District');
INSERT INTO LOCATION (ID,USER_ID,COORDINATE_ID,RADIUS_METERS,NAME) VALUES (1347,166,18,3301,'Rechnitz');
INSERT INTO LOCATION (ID,USER_ID,COORDINATE_ID,RADIUS_METERS,NAME) VALUES (1348,256,78,2950,'Chiusanico');
INSERT INTO LOCATION (ID,USER_ID,COORDINATE_ID,RADIUS_METERS,NAME) VALUES (1349,561,79,78,'Hualpn');
INSERT INTO LOCATION (ID,USER_ID,COORDINATE_ID,RADIUS_METERS,NAME) VALUES (1350,666,20,8014,'Buren');
INSERT INTO LOCATION (ID,USER_ID,COORDINATE_ID,RADIUS_METERS,NAME) VALUES (1351,458,55,1930,'St. Paul');
INSERT INTO LOCATION (ID,USER_ID,COORDINATE_ID,RADIUS_METERS,NAME) VALUES (1352,760,64,8072,'Alkmaar');
INSERT INTO LOCATION (ID,USER_ID,COORDINATE_ID,RADIUS_METERS,NAME) VALUES (1353,195,42,6151,'Montpellier');
INSERT INTO LOCATION (ID,USER_ID,COORDINATE_ID,RADIUS_METERS,NAME) VALUES (1354,745,38,1335,'Santa Maria');
INSERT INTO LOCATION (ID,USER_ID,COORDINATE_ID,RADIUS_METERS,NAME) VALUES (1355,754,41,6912,'Kasterlee');
INSERT INTO LOCATION (ID,USER_ID,COORDINATE_ID,RADIUS_METERS,NAME) VALUES (1356,997,25,8259,'Colloredo di Monte Albano');
INSERT INTO LOCATION (ID,USER_ID,COORDINATE_ID,RADIUS_METERS,NAME) VALUES (1357,464,56,8592,'Esen');
INSERT INTO LOCATION (ID,USER_ID,COORDINATE_ID,RADIUS_METERS,NAME) VALUES (1358,902,97,3877,'Morro Reatino');
INSERT INTO LOCATION (ID,USER_ID,COORDINATE_ID,RADIUS_METERS,NAME) VALUES (1359,595,61,8299,'Straubing');
INSERT INTO LOCATION (ID,USER_ID,COORDINATE_ID,RADIUS_METERS,NAME) VALUES (1360,302,75,3385,'Tuticorin');
INSERT INTO LOCATION (ID,USER_ID,COORDINATE_ID,RADIUS_METERS,NAME) VALUES (1361,443,55,1801,'Boise');
INSERT INTO LOCATION (ID,USER_ID,COORDINATE_ID,RADIUS_METERS,NAME) VALUES (1362,155,5,6843,'Camia');
INSERT INTO LOCATION (ID,USER_ID,COORDINATE_ID,RADIUS_METERS,NAME) VALUES (1363,482,52,146,'Bassano in Teverina');
INSERT INTO LOCATION (ID,USER_ID,COORDINATE_ID,RADIUS_METERS,NAME) VALUES (1364,105,71,7490,'Istres');
INSERT INTO LOCATION (ID,USER_ID,COORDINATE_ID,RADIUS_METERS,NAME) VALUES (1365,874,63,9843,'Sderhamn');
INSERT INTO LOCATION (ID,USER_ID,COORDINATE_ID,RADIUS_METERS,NAME) VALUES (1366,112,20,4956,'Corroy-le-Grand');
INSERT INTO LOCATION (ID,USER_ID,COORDINATE_ID,RADIUS_METERS,NAME) VALUES (1367,964,87,9194,'Czstochowa');
INSERT INTO LOCATION (ID,USER_ID,COORDINATE_ID,RADIUS_METERS,NAME) VALUES (1368,947,40,1435,'Gojra');
INSERT INTO LOCATION (ID,USER_ID,COORDINATE_ID,RADIUS_METERS,NAME) VALUES (1369,696,50,6812,'Colbn');
INSERT INTO LOCATION (ID,USER_ID,COORDINATE_ID,RADIUS_METERS,NAME) VALUES (1370,770,99,6702,'Bhatinda');
INSERT INTO LOCATION (ID,USER_ID,COORDINATE_ID,RADIUS_METERS,NAME) VALUES (1371,81,11,5090,'Roosendaal');
INSERT INTO LOCATION (ID,USER_ID,COORDINATE_ID,RADIUS_METERS,NAME) VALUES (1372,886,42,2803,'Kapelle-op-den-Bos');
INSERT INTO LOCATION (ID,USER_ID,COORDINATE_ID,RADIUS_METERS,NAME) VALUES (1373,648,19,3512,'Hearst');
INSERT INTO LOCATION (ID,USER_ID,COORDINATE_ID,RADIUS_METERS,NAME) VALUES (1374,429,79,2962,'Palombaro');
INSERT INTO LOCATION (ID,USER_ID,COORDINATE_ID,RADIUS_METERS,NAME) VALUES (1375,891,62,6863,'Fort St. John');
INSERT INTO LOCATION (ID,USER_ID,COORDINATE_ID,RADIUS_METERS,NAME) VALUES (1376,707,32,4251,'Wrocaw');
INSERT INTO LOCATION (ID,USER_ID,COORDINATE_ID,RADIUS_METERS,NAME) VALUES (1377,329,83,3889,'San Pablo');
INSERT INTO LOCATION (ID,USER_ID,COORDINATE_ID,RADIUS_METERS,NAME) VALUES (1378,151,64,2965,'Neerheylissem');
INSERT INTO LOCATION (ID,USER_ID,COORDINATE_ID,RADIUS_METERS,NAME) VALUES (1379,828,29,1672,'Nashville');
INSERT INTO LOCATION (ID,USER_ID,COORDINATE_ID,RADIUS_METERS,NAME) VALUES (1380,617,30,8357,'Montemignaio');
INSERT INTO LOCATION (ID,USER_ID,COORDINATE_ID,RADIUS_METERS,NAME) VALUES (1381,295,93,7674,'Pocatello');
INSERT INTO LOCATION (ID,USER_ID,COORDINATE_ID,RADIUS_METERS,NAME) VALUES (1382,633,28,1188,'Waret-l''Evque');
INSERT INTO LOCATION (ID,USER_ID,COORDINATE_ID,RADIUS_METERS,NAME) VALUES (1383,808,88,3022,'Cache Creek');
INSERT INTO LOCATION (ID,USER_ID,COORDINATE_ID,RADIUS_METERS,NAME) VALUES (1384,806,24,6833,'Enschede');
INSERT INTO LOCATION (ID,USER_ID,COORDINATE_ID,RADIUS_METERS,NAME) VALUES (1385,177,46,772,'Diyarbakr');
INSERT INTO LOCATION (ID,USER_ID,COORDINATE_ID,RADIUS_METERS,NAME) VALUES (1386,815,68,6102,'Ahmadpur East');
INSERT INTO LOCATION (ID,USER_ID,COORDINATE_ID,RADIUS_METERS,NAME) VALUES (1387,703,18,2636,'Reggio nell''Emilia');
INSERT INTO LOCATION (ID,USER_ID,COORDINATE_ID,RADIUS_METERS,NAME) VALUES (1388,93,65,2028,'Ponta Grossa');
INSERT INTO LOCATION (ID,USER_ID,COORDINATE_ID,RADIUS_METERS,NAME) VALUES (1389,77,45,7352,'Inveraray');
INSERT INTO LOCATION (ID,USER_ID,COORDINATE_ID,RADIUS_METERS,NAME) VALUES (1390,833,82,3148,'Yaxley');
INSERT INTO LOCATION (ID,USER_ID,COORDINATE_ID,RADIUS_METERS,NAME) VALUES (1391,298,26,2318,'Kanchipuram');
INSERT INTO LOCATION (ID,USER_ID,COORDINATE_ID,RADIUS_METERS,NAME) VALUES (1392,320,35,6602,'Stirling');
INSERT INTO LOCATION (ID,USER_ID,COORDINATE_ID,RADIUS_METERS,NAME) VALUES (1393,833,4,3565,'Maunath Bhanjan');
INSERT INTO LOCATION (ID,USER_ID,COORDINATE_ID,RADIUS_METERS,NAME) VALUES (1394,489,27,7807,'San Francisco');
INSERT INTO LOCATION (ID,USER_ID,COORDINATE_ID,RADIUS_METERS,NAME) VALUES (1395,563,39,1011,'Noisy-le-Grand');
INSERT INTO LOCATION (ID,USER_ID,COORDINATE_ID,RADIUS_METERS,NAME) VALUES (1396,393,16,8546,'Pugwash');
INSERT INTO LOCATION (ID,USER_ID,COORDINATE_ID,RADIUS_METERS,NAME) VALUES (1397,110,54,6465,'Patan');
INSERT INTO LOCATION (ID,USER_ID,COORDINATE_ID,RADIUS_METERS,NAME) VALUES (1398,1000,3,6898,'Gouy-lez-Piton');
INSERT INTO LOCATION (ID,USER_ID,COORDINATE_ID,RADIUS_METERS,NAME) VALUES (1399,136,18,3304,'Serrungarina');
INSERT INTO LOCATION (ID,USER_ID,COORDINATE_ID,RADIUS_METERS,NAME) VALUES (1400,700,29,2764,'Pemuco');
INSERT INTO LOCATION (ID,USER_ID,COORDINATE_ID,RADIUS_METERS,NAME) VALUES (1401,583,64,2011,'Putignano');
INSERT INTO LOCATION (ID,USER_ID,COORDINATE_ID,RADIUS_METERS,NAME) VALUES (1402,958,36,2622,'Tsiigehtchic');
INSERT INTO LOCATION (ID,USER_ID,COORDINATE_ID,RADIUS_METERS,NAME) VALUES (1403,996,72,7531,'Acquedolci');
INSERT INTO LOCATION (ID,USER_ID,COORDINATE_ID,RADIUS_METERS,NAME) VALUES (1404,351,39,9799,'Braies/Prags');
INSERT INTO LOCATION (ID,USER_ID,COORDINATE_ID,RADIUS_METERS,NAME) VALUES (1405,978,89,7106,'Allentown');
INSERT INTO LOCATION (ID,USER_ID,COORDINATE_ID,RADIUS_METERS,NAME) VALUES (1406,930,62,6201,'Pavone del Mella');
INSERT INTO LOCATION (ID,USER_ID,COORDINATE_ID,RADIUS_METERS,NAME) VALUES (1407,852,100,2100,'Rouyn-Noranda');
INSERT INTO LOCATION (ID,USER_ID,COORDINATE_ID,RADIUS_METERS,NAME) VALUES (1408,78,30,3660,'Rosires');
INSERT INTO LOCATION (ID,USER_ID,COORDINATE_ID,RADIUS_METERS,NAME) VALUES (1409,271,11,3665,'Paraso');
INSERT INTO LOCATION (ID,USER_ID,COORDINATE_ID,RADIUS_METERS,NAME) VALUES (1410,162,61,9444,'Bellevue');
INSERT INTO LOCATION (ID,USER_ID,COORDINATE_ID,RADIUS_METERS,NAME) VALUES (1411,15,54,2430,'Saint-Servais');
INSERT INTO LOCATION (ID,USER_ID,COORDINATE_ID,RADIUS_METERS,NAME) VALUES (1412,250,68,8987,'Bogaarden');
INSERT INTO LOCATION (ID,USER_ID,COORDINATE_ID,RADIUS_METERS,NAME) VALUES (1413,562,49,9235,'Ro Negro');
INSERT INTO LOCATION (ID,USER_ID,COORDINATE_ID,RADIUS_METERS,NAME) VALUES (1414,785,40,3777,'Grey County');
INSERT INTO LOCATION (ID,USER_ID,COORDINATE_ID,RADIUS_METERS,NAME) VALUES (1415,624,55,5371,'Birmingham');
INSERT INTO LOCATION (ID,USER_ID,COORDINATE_ID,RADIUS_METERS,NAME) VALUES (1416,454,22,520,'Gontrode');
INSERT INTO LOCATION (ID,USER_ID,COORDINATE_ID,RADIUS_METERS,NAME) VALUES (1417,437,84,3058,'San Maurizio Canavese');
INSERT INTO LOCATION (ID,USER_ID,COORDINATE_ID,RADIUS_METERS,NAME) VALUES (1418,593,68,5340,'Mara Pinto');
INSERT INTO LOCATION (ID,USER_ID,COORDINATE_ID,RADIUS_METERS,NAME) VALUES (1419,793,61,7210,'Elblg');
INSERT INTO LOCATION (ID,USER_ID,COORDINATE_ID,RADIUS_METERS,NAME) VALUES (1420,652,31,5496,'Darmstadt');
INSERT INTO LOCATION (ID,USER_ID,COORDINATE_ID,RADIUS_METERS,NAME) VALUES (1421,165,93,9033,'Georgia');
INSERT INTO LOCATION (ID,USER_ID,COORDINATE_ID,RADIUS_METERS,NAME) VALUES (1422,912,100,7537,'Lampeter');
INSERT INTO LOCATION (ID,USER_ID,COORDINATE_ID,RADIUS_METERS,NAME) VALUES (1423,835,40,9743,'Mulchn');
INSERT INTO LOCATION (ID,USER_ID,COORDINATE_ID,RADIUS_METERS,NAME) VALUES (1424,405,75,4622,'North Barrackpur');
INSERT INTO LOCATION (ID,USER_ID,COORDINATE_ID,RADIUS_METERS,NAME) VALUES (1425,44,93,5272,'Leugnies');
INSERT INTO LOCATION (ID,USER_ID,COORDINATE_ID,RADIUS_METERS,NAME) VALUES (1426,271,74,8847,'Motta Camastra');
INSERT INTO LOCATION (ID,USER_ID,COORDINATE_ID,RADIUS_METERS,NAME) VALUES (1427,871,62,5840,'Londrina');
INSERT INTO LOCATION (ID,USER_ID,COORDINATE_ID,RADIUS_METERS,NAME) VALUES (1428,688,24,865,'Chesapeake');
INSERT INTO LOCATION (ID,USER_ID,COORDINATE_ID,RADIUS_METERS,NAME) VALUES (1429,393,77,4610,'Soissons');
INSERT INTO LOCATION (ID,USER_ID,COORDINATE_ID,RADIUS_METERS,NAME) VALUES (1430,343,20,9749,'Giove');
INSERT INTO LOCATION (ID,USER_ID,COORDINATE_ID,RADIUS_METERS,NAME) VALUES (1431,827,96,8028,'Narcao');
INSERT INTO LOCATION (ID,USER_ID,COORDINATE_ID,RADIUS_METERS,NAME) VALUES (1432,802,69,2736,'Sigillo');
INSERT INTO LOCATION (ID,USER_ID,COORDINATE_ID,RADIUS_METERS,NAME) VALUES (1433,354,23,4240,'Navadwip');
INSERT INTO LOCATION (ID,USER_ID,COORDINATE_ID,RADIUS_METERS,NAME) VALUES (1434,734,91,4329,'Alix');
INSERT INTO LOCATION (ID,USER_ID,COORDINATE_ID,RADIUS_METERS,NAME) VALUES (1435,883,32,7499,'Burin');
INSERT INTO LOCATION (ID,USER_ID,COORDINATE_ID,RADIUS_METERS,NAME) VALUES (1436,844,51,1657,'Krkhan');
INSERT INTO LOCATION (ID,USER_ID,COORDINATE_ID,RADIUS_METERS,NAME) VALUES (1437,34,97,7519,'Ede');
INSERT INTO LOCATION (ID,USER_ID,COORDINATE_ID,RADIUS_METERS,NAME) VALUES (1438,537,88,7538,'Sacramento');
INSERT INTO LOCATION (ID,USER_ID,COORDINATE_ID,RADIUS_METERS,NAME) VALUES (1439,518,84,1984,'Salcito');
INSERT INTO LOCATION (ID,USER_ID,COORDINATE_ID,RADIUS_METERS,NAME) VALUES (1440,988,86,5688,'Isla de Maipo');
INSERT INTO LOCATION (ID,USER_ID,COORDINATE_ID,RADIUS_METERS,NAME) VALUES (1441,709,20,2412,'Labico');
INSERT INTO LOCATION (ID,USER_ID,COORDINATE_ID,RADIUS_METERS,NAME) VALUES (1442,369,70,5294,'Sderhamn');
INSERT INTO LOCATION (ID,USER_ID,COORDINATE_ID,RADIUS_METERS,NAME) VALUES (1443,380,5,9625,'Ketchikan');
INSERT INTO LOCATION (ID,USER_ID,COORDINATE_ID,RADIUS_METERS,NAME) VALUES (1444,636,51,7109,'Leernes');
INSERT INTO LOCATION (ID,USER_ID,COORDINATE_ID,RADIUS_METERS,NAME) VALUES (1445,971,36,8283,'Bad Vslau');
INSERT INTO LOCATION (ID,USER_ID,COORDINATE_ID,RADIUS_METERS,NAME) VALUES (1446,520,12,5535,'Ranst');
INSERT INTO LOCATION (ID,USER_ID,COORDINATE_ID,RADIUS_METERS,NAME) VALUES (1447,524,74,9314,'Olympia');
INSERT INTO LOCATION (ID,USER_ID,COORDINATE_ID,RADIUS_METERS,NAME) VALUES (1448,822,79,2098,'Kincardine');
INSERT INTO LOCATION (ID,USER_ID,COORDINATE_ID,RADIUS_METERS,NAME) VALUES (1449,893,46,6814,'Gandhidham');
INSERT INTO LOCATION (ID,USER_ID,COORDINATE_ID,RADIUS_METERS,NAME) VALUES (1450,242,79,6665,'Sint-Jans-Molenbeek');
INSERT INTO LOCATION (ID,USER_ID,COORDINATE_ID,RADIUS_METERS,NAME) VALUES (1451,264,22,8441,'Saintes');
INSERT INTO LOCATION (ID,USER_ID,COORDINATE_ID,RADIUS_METERS,NAME) VALUES (1452,115,74,4386,'Port Coquitlam');
INSERT INTO LOCATION (ID,USER_ID,COORDINATE_ID,RADIUS_METERS,NAME) VALUES (1453,445,8,2824,'Nethen');
INSERT INTO LOCATION (ID,USER_ID,COORDINATE_ID,RADIUS_METERS,NAME) VALUES (1454,931,27,1004,'Maule');
INSERT INTO LOCATION (ID,USER_ID,COORDINATE_ID,RADIUS_METERS,NAME) VALUES (1455,968,31,6871,'Santa Rita');
INSERT INTO LOCATION (ID,USER_ID,COORDINATE_ID,RADIUS_METERS,NAME) VALUES (1456,804,32,4801,'Thalassery');
INSERT INTO LOCATION (ID,USER_ID,COORDINATE_ID,RADIUS_METERS,NAME) VALUES (1457,868,40,9504,'Fort Smith');
INSERT INTO LOCATION (ID,USER_ID,COORDINATE_ID,RADIUS_METERS,NAME) VALUES (1458,924,61,2176,'Satara');
INSERT INTO LOCATION (ID,USER_ID,COORDINATE_ID,RADIUS_METERS,NAME) VALUES (1459,686,46,6250,'Nagaon');
INSERT INTO LOCATION (ID,USER_ID,COORDINATE_ID,RADIUS_METERS,NAME) VALUES (1460,596,60,4195,'Romeral');
INSERT INTO LOCATION (ID,USER_ID,COORDINATE_ID,RADIUS_METERS,NAME) VALUES (1461,93,42,9896,'Rez');
INSERT INTO LOCATION (ID,USER_ID,COORDINATE_ID,RADIUS_METERS,NAME) VALUES (1462,513,13,4850,'Marchtrenk');
INSERT INTO LOCATION (ID,USER_ID,COORDINATE_ID,RADIUS_METERS,NAME) VALUES (1463,250,10,5391,'Bragana');
INSERT INTO LOCATION (ID,USER_ID,COORDINATE_ID,RADIUS_METERS,NAME) VALUES (1464,185,66,4041,'Sinaai-Waas');
INSERT INTO LOCATION (ID,USER_ID,COORDINATE_ID,RADIUS_METERS,NAME) VALUES (1465,224,98,3264,'Quinte West');
INSERT INTO LOCATION (ID,USER_ID,COORDINATE_ID,RADIUS_METERS,NAME) VALUES (1466,56,10,583,'Siliguri');
INSERT INTO LOCATION (ID,USER_ID,COORDINATE_ID,RADIUS_METERS,NAME) VALUES (1467,723,96,9575,'Heestert');
INSERT INTO LOCATION (ID,USER_ID,COORDINATE_ID,RADIUS_METERS,NAME) VALUES (1468,79,17,6935,'Campolieto');
INSERT INTO LOCATION (ID,USER_ID,COORDINATE_ID,RADIUS_METERS,NAME) VALUES (1469,733,98,2377,'Reutlingen');
INSERT INTO LOCATION (ID,USER_ID,COORDINATE_ID,RADIUS_METERS,NAME) VALUES (1470,205,69,5198,'Montelupo Fiorentino');
INSERT INTO LOCATION (ID,USER_ID,COORDINATE_ID,RADIUS_METERS,NAME) VALUES (1471,995,26,489,'Yellowhead County');
INSERT INTO LOCATION (ID,USER_ID,COORDINATE_ID,RADIUS_METERS,NAME) VALUES (1472,170,23,4311,'Belgaum');
INSERT INTO LOCATION (ID,USER_ID,COORDINATE_ID,RADIUS_METERS,NAME) VALUES (1473,741,68,2354,'Harrogate');
INSERT INTO LOCATION (ID,USER_ID,COORDINATE_ID,RADIUS_METERS,NAME) VALUES (1474,940,36,1618,'Ceuta');
INSERT INTO LOCATION (ID,USER_ID,COORDINATE_ID,RADIUS_METERS,NAME) VALUES (1475,593,80,719,'Sfruz');
INSERT INTO LOCATION (ID,USER_ID,COORDINATE_ID,RADIUS_METERS,NAME) VALUES (1476,546,98,3660,'Eisenstadt');
INSERT INTO LOCATION (ID,USER_ID,COORDINATE_ID,RADIUS_METERS,NAME) VALUES (1477,152,80,1331,'Moorsel');
INSERT INTO LOCATION (ID,USER_ID,COORDINATE_ID,RADIUS_METERS,NAME) VALUES (1478,442,85,8772,'Buin');
INSERT INTO LOCATION (ID,USER_ID,COORDINATE_ID,RADIUS_METERS,NAME) VALUES (1479,315,14,7686,'Lissewege');
INSERT INTO LOCATION (ID,USER_ID,COORDINATE_ID,RADIUS_METERS,NAME) VALUES (1480,778,63,7967,'Margate');
INSERT INTO LOCATION (ID,USER_ID,COORDINATE_ID,RADIUS_METERS,NAME) VALUES (1481,331,81,4480,'San Lorenzo Nuovo');
INSERT INTO LOCATION (ID,USER_ID,COORDINATE_ID,RADIUS_METERS,NAME) VALUES (1482,472,77,6031,'Olsztyn');
INSERT INTO LOCATION (ID,USER_ID,COORDINATE_ID,RADIUS_METERS,NAME) VALUES (1483,246,78,4470,'Quinta de Tilcoco');
INSERT INTO LOCATION (ID,USER_ID,COORDINATE_ID,RADIUS_METERS,NAME) VALUES (1484,807,5,7078,'Herne');
INSERT INTO LOCATION (ID,USER_ID,COORDINATE_ID,RADIUS_METERS,NAME) VALUES (1485,69,74,5584,'Monguelfo');
INSERT INTO LOCATION (ID,USER_ID,COORDINATE_ID,RADIUS_METERS,NAME) VALUES (1486,395,93,6444,'Motta Visconti');
INSERT INTO LOCATION (ID,USER_ID,COORDINATE_ID,RADIUS_METERS,NAME) VALUES (1487,84,95,2922,'Sant''Urbano');
INSERT INTO LOCATION (ID,USER_ID,COORDINATE_ID,RADIUS_METERS,NAME) VALUES (1488,799,75,2934,'Ponta Grossa');
INSERT INTO LOCATION (ID,USER_ID,COORDINATE_ID,RADIUS_METERS,NAME) VALUES (1489,126,91,7064,'Kelkheim');
INSERT INTO LOCATION (ID,USER_ID,COORDINATE_ID,RADIUS_METERS,NAME) VALUES (1490,433,96,1276,'Loreto');
INSERT INTO LOCATION (ID,USER_ID,COORDINATE_ID,RADIUS_METERS,NAME) VALUES (1491,633,23,9816,'Chiari');
INSERT INTO LOCATION (ID,USER_ID,COORDINATE_ID,RADIUS_METERS,NAME) VALUES (1492,663,16,9473,'Prince George');
INSERT INTO LOCATION (ID,USER_ID,COORDINATE_ID,RADIUS_METERS,NAME) VALUES (1493,148,87,9891,'Rutland');
INSERT INTO LOCATION (ID,USER_ID,COORDINATE_ID,RADIUS_METERS,NAME) VALUES (1494,657,56,974,'Wakefield');
INSERT INTO LOCATION (ID,USER_ID,COORDINATE_ID,RADIUS_METERS,NAME) VALUES (1495,135,97,1257,'Indore');
INSERT INTO LOCATION (ID,USER_ID,COORDINATE_ID,RADIUS_METERS,NAME) VALUES (1496,460,54,2295,'San Pedro');
INSERT INTO LOCATION (ID,USER_ID,COORDINATE_ID,RADIUS_METERS,NAME) VALUES (1497,595,47,2036,'Lincoln');
INSERT INTO LOCATION (ID,USER_ID,COORDINATE_ID,RADIUS_METERS,NAME) VALUES (1498,33,40,1847,'Rijkevorsel');
INSERT INTO LOCATION (ID,USER_ID,COORDINATE_ID,RADIUS_METERS,NAME) VALUES (1499,932,12,5449,'Mansfield-et-Pontefract');
INSERT INTO LOCATION (ID,USER_ID,COORDINATE_ID,RADIUS_METERS,NAME) VALUES (1500,934,11,3232,'Wanganui');
INSERT INTO LOCATION (ID,USER_ID,COORDINATE_ID,RADIUS_METERS,NAME) VALUES (1501,131,90,1823,'Alexandria');
INSERT INTO LOCATION (ID,USER_ID,COORDINATE_ID,RADIUS_METERS,NAME) VALUES (1502,369,39,7533,'Gespeg');
INSERT INTO LOCATION (ID,USER_ID,COORDINATE_ID,RADIUS_METERS,NAME) VALUES (1503,298,57,5755,'Broken Arrow');
INSERT INTO LOCATION (ID,USER_ID,COORDINATE_ID,RADIUS_METERS,NAME) VALUES (1504,642,91,8347,'Las Vegas');
INSERT INTO LOCATION (ID,USER_ID,COORDINATE_ID,RADIUS_METERS,NAME) VALUES (1505,258,16,9903,'Ila');
INSERT INTO LOCATION (ID,USER_ID,COORDINATE_ID,RADIUS_METERS,NAME) VALUES (1506,497,67,9579,'Las Vegas');
INSERT INTO LOCATION (ID,USER_ID,COORDINATE_ID,RADIUS_METERS,NAME) VALUES (1507,783,69,8167,'Penhold');
INSERT INTO LOCATION (ID,USER_ID,COORDINATE_ID,RADIUS_METERS,NAME) VALUES (1508,603,47,4524,'Renlies');
INSERT INTO LOCATION (ID,USER_ID,COORDINATE_ID,RADIUS_METERS,NAME) VALUES (1509,489,86,6877,'Mlheim');
INSERT INTO LOCATION (ID,USER_ID,COORDINATE_ID,RADIUS_METERS,NAME) VALUES (1510,729,64,8300,'Kansas City');
INSERT INTO LOCATION (ID,USER_ID,COORDINATE_ID,RADIUS_METERS,NAME) VALUES (1511,236,74,3368,'Philadelphia');
INSERT INTO LOCATION (ID,USER_ID,COORDINATE_ID,RADIUS_METERS,NAME) VALUES (1512,515,78,4276,'Ratlam');
INSERT INTO LOCATION (ID,USER_ID,COORDINATE_ID,RADIUS_METERS,NAME) VALUES (1513,516,12,5645,'Vagli Sotto');
INSERT INTO LOCATION (ID,USER_ID,COORDINATE_ID,RADIUS_METERS,NAME) VALUES (1514,657,31,4558,'Watson Lake');
INSERT INTO LOCATION (ID,USER_ID,COORDINATE_ID,RADIUS_METERS,NAME) VALUES (1515,141,12,8745,'Lige');
INSERT INTO LOCATION (ID,USER_ID,COORDINATE_ID,RADIUS_METERS,NAME) VALUES (1516,941,19,4848,'Folkestone');
INSERT INTO LOCATION (ID,USER_ID,COORDINATE_ID,RADIUS_METERS,NAME) VALUES (1517,675,92,2720,'St. Andrews');
INSERT INTO LOCATION (ID,USER_ID,COORDINATE_ID,RADIUS_METERS,NAME) VALUES (1518,446,14,1819,'Arrah');
INSERT INTO LOCATION (ID,USER_ID,COORDINATE_ID,RADIUS_METERS,NAME) VALUES (1519,488,32,6860,'Sevilla');
INSERT INTO LOCATION (ID,USER_ID,COORDINATE_ID,RADIUS_METERS,NAME) VALUES (1520,681,92,688,'Plainevaux');
INSERT INTO LOCATION (ID,USER_ID,COORDINATE_ID,RADIUS_METERS,NAME) VALUES (1521,556,72,7324,'Port Lincoln');
INSERT INTO LOCATION (ID,USER_ID,COORDINATE_ID,RADIUS_METERS,NAME) VALUES (1522,192,32,8681,'Malvern');
INSERT INTO LOCATION (ID,USER_ID,COORDINATE_ID,RADIUS_METERS,NAME) VALUES (1523,565,4,3830,'Besanon');
INSERT INTO LOCATION (ID,USER_ID,COORDINATE_ID,RADIUS_METERS,NAME) VALUES (1524,871,48,9528,'Picton');
INSERT INTO LOCATION (ID,USER_ID,COORDINATE_ID,RADIUS_METERS,NAME) VALUES (1525,86,9,3126,'Martigues');
INSERT INTO LOCATION (ID,USER_ID,COORDINATE_ID,RADIUS_METERS,NAME) VALUES (1526,396,12,7593,'Autelbas');
INSERT INTO LOCATION (ID,USER_ID,COORDINATE_ID,RADIUS_METERS,NAME) VALUES (1527,466,62,9031,'Ludwigsburg');
INSERT INTO LOCATION (ID,USER_ID,COORDINATE_ID,RADIUS_METERS,NAME) VALUES (1528,77,66,615,'Cambridge');
INSERT INTO LOCATION (ID,USER_ID,COORDINATE_ID,RADIUS_METERS,NAME) VALUES (1529,716,65,9173,'Cap-de-la-Madeleine');
INSERT INTO LOCATION (ID,USER_ID,COORDINATE_ID,RADIUS_METERS,NAME) VALUES (1530,276,100,7328,'Werbomont');
INSERT INTO LOCATION (ID,USER_ID,COORDINATE_ID,RADIUS_METERS,NAME) VALUES (1531,476,46,3489,'Siracusa');
INSERT INTO LOCATION (ID,USER_ID,COORDINATE_ID,RADIUS_METERS,NAME) VALUES (1532,558,94,1720,'Tracadie-Shelia');
INSERT INTO LOCATION (ID,USER_ID,COORDINATE_ID,RADIUS_METERS,NAME) VALUES (1533,197,54,3530,'Voitsberg');
INSERT INTO LOCATION (ID,USER_ID,COORDINATE_ID,RADIUS_METERS,NAME) VALUES (1534,67,39,1691,'Jhang');
INSERT INTO LOCATION (ID,USER_ID,COORDINATE_ID,RADIUS_METERS,NAME) VALUES (1535,212,95,3945,'Teno');
INSERT INTO LOCATION (ID,USER_ID,COORDINATE_ID,RADIUS_METERS,NAME) VALUES (1536,908,95,6365,'Westkerke');
INSERT INTO LOCATION (ID,USER_ID,COORDINATE_ID,RADIUS_METERS,NAME) VALUES (1537,575,32,6464,'Pietrasanta');
INSERT INTO LOCATION (ID,USER_ID,COORDINATE_ID,RADIUS_METERS,NAME) VALUES (1538,616,70,8083,'San Giovanni in Galdo');
INSERT INTO LOCATION (ID,USER_ID,COORDINATE_ID,RADIUS_METERS,NAME) VALUES (1539,763,35,2460,'Logroo');
INSERT INTO LOCATION (ID,USER_ID,COORDINATE_ID,RADIUS_METERS,NAME) VALUES (1540,88,61,1716,'Rock Springs');
INSERT INTO LOCATION (ID,USER_ID,COORDINATE_ID,RADIUS_METERS,NAME) VALUES (1541,85,15,1466,'Sandviken');
INSERT INTO LOCATION (ID,USER_ID,COORDINATE_ID,RADIUS_METERS,NAME) VALUES (1542,423,62,7493,'Wimbledon');
INSERT INTO LOCATION (ID,USER_ID,COORDINATE_ID,RADIUS_METERS,NAME) VALUES (1543,462,75,1917,'Genval');
INSERT INTO LOCATION (ID,USER_ID,COORDINATE_ID,RADIUS_METERS,NAME) VALUES (1544,949,63,9653,'Banda');
INSERT INTO LOCATION (ID,USER_ID,COORDINATE_ID,RADIUS_METERS,NAME) VALUES (1545,412,44,4243,'Gavorrano');
INSERT INTO LOCATION (ID,USER_ID,COORDINATE_ID,RADIUS_METERS,NAME) VALUES (1546,619,26,1550,'Toernich');
INSERT INTO LOCATION (ID,USER_ID,COORDINATE_ID,RADIUS_METERS,NAME) VALUES (1547,126,46,2775,'Woodstock');
INSERT INTO LOCATION (ID,USER_ID,COORDINATE_ID,RADIUS_METERS,NAME) VALUES (1548,158,22,2812,'Darmstadt');
INSERT INTO LOCATION (ID,USER_ID,COORDINATE_ID,RADIUS_METERS,NAME) VALUES (1549,284,36,4468,'Trazegnies');
INSERT INTO LOCATION (ID,USER_ID,COORDINATE_ID,RADIUS_METERS,NAME) VALUES (1550,519,3,900,'Castel Maggiore');
INSERT INTO LOCATION (ID,USER_ID,COORDINATE_ID,RADIUS_METERS,NAME) VALUES (1551,391,100,7425,'Mjlby');
INSERT INTO LOCATION (ID,USER_ID,COORDINATE_ID,RADIUS_METERS,NAME) VALUES (1552,189,65,4019,'Victoria');
INSERT INTO LOCATION (ID,USER_ID,COORDINATE_ID,RADIUS_METERS,NAME) VALUES (1553,481,45,7651,'Nivelles');
INSERT INTO LOCATION (ID,USER_ID,COORDINATE_ID,RADIUS_METERS,NAME) VALUES (1554,523,30,3077,'Calle Larga');
INSERT INTO LOCATION (ID,USER_ID,COORDINATE_ID,RADIUS_METERS,NAME) VALUES (1555,628,44,7543,'Crieff');
INSERT INTO LOCATION (ID,USER_ID,COORDINATE_ID,RADIUS_METERS,NAME) VALUES (1556,467,55,9068,'Calmar');
INSERT INTO LOCATION (ID,USER_ID,COORDINATE_ID,RADIUS_METERS,NAME) VALUES (1557,177,55,2229,'Pepingen');
INSERT INTO LOCATION (ID,USER_ID,COORDINATE_ID,RADIUS_METERS,NAME) VALUES (1558,535,36,1499,'Pagazzano');
INSERT INTO LOCATION (ID,USER_ID,COORDINATE_ID,RADIUS_METERS,NAME) VALUES (1559,56,98,2190,'Nogales');
INSERT INTO LOCATION (ID,USER_ID,COORDINATE_ID,RADIUS_METERS,NAME) VALUES (1560,128,17,4479,'Veraval');
INSERT INTO LOCATION (ID,USER_ID,COORDINATE_ID,RADIUS_METERS,NAME) VALUES (1561,436,34,1362,'Los lamos');
INSERT INTO LOCATION (ID,USER_ID,COORDINATE_ID,RADIUS_METERS,NAME) VALUES (1562,589,56,4221,'Fraser-Fort George');
INSERT INTO LOCATION (ID,USER_ID,COORDINATE_ID,RADIUS_METERS,NAME) VALUES (1563,317,66,5373,'Stockport');
INSERT INTO LOCATION (ID,USER_ID,COORDINATE_ID,RADIUS_METERS,NAME) VALUES (1564,686,87,3085,'West Vancouver');
INSERT INTO LOCATION (ID,USER_ID,COORDINATE_ID,RADIUS_METERS,NAME) VALUES (1565,888,61,7660,'Bhavnagar');
INSERT INTO LOCATION (ID,USER_ID,COORDINATE_ID,RADIUS_METERS,NAME) VALUES (1566,476,45,4012,'Port Coquitlam');
INSERT INTO LOCATION (ID,USER_ID,COORDINATE_ID,RADIUS_METERS,NAME) VALUES (1567,766,20,7225,'Bellante');
INSERT INTO LOCATION (ID,USER_ID,COORDINATE_ID,RADIUS_METERS,NAME) VALUES (1568,332,48,9219,'Bidar');
INSERT INTO LOCATION (ID,USER_ID,COORDINATE_ID,RADIUS_METERS,NAME) VALUES (1569,964,73,1045,'Castri di Lecce');
INSERT INTO LOCATION (ID,USER_ID,COORDINATE_ID,RADIUS_METERS,NAME) VALUES (1570,842,28,4697,'Ceyhan');
INSERT INTO LOCATION (ID,USER_ID,COORDINATE_ID,RADIUS_METERS,NAME) VALUES (1571,771,76,7165,'Schellebelle');
INSERT INTO LOCATION (ID,USER_ID,COORDINATE_ID,RADIUS_METERS,NAME) VALUES (1572,507,62,8762,'Langley');
INSERT INTO LOCATION (ID,USER_ID,COORDINATE_ID,RADIUS_METERS,NAME) VALUES (1573,812,35,5813,'Satna');
INSERT INTO LOCATION (ID,USER_ID,COORDINATE_ID,RADIUS_METERS,NAME) VALUES (1574,753,18,8661,'Brahmapur');
INSERT INTO LOCATION (ID,USER_ID,COORDINATE_ID,RADIUS_METERS,NAME) VALUES (1575,567,7,7184,'Stony Plain');
INSERT INTO LOCATION (ID,USER_ID,COORDINATE_ID,RADIUS_METERS,NAME) VALUES (1576,849,85,8217,'Cantley');
INSERT INTO LOCATION (ID,USER_ID,COORDINATE_ID,RADIUS_METERS,NAME) VALUES (1577,183,62,653,'Nagaon');
INSERT INTO LOCATION (ID,USER_ID,COORDINATE_ID,RADIUS_METERS,NAME) VALUES (1578,308,8,6326,'Waitara');
INSERT INTO LOCATION (ID,USER_ID,COORDINATE_ID,RADIUS_METERS,NAME) VALUES (1579,489,68,8510,'Hunstanton');
INSERT INTO LOCATION (ID,USER_ID,COORDINATE_ID,RADIUS_METERS,NAME) VALUES (1580,549,8,8348,'Chanco');
INSERT INTO LOCATION (ID,USER_ID,COORDINATE_ID,RADIUS_METERS,NAME) VALUES (1581,367,84,8231,'Rivire');
INSERT INTO LOCATION (ID,USER_ID,COORDINATE_ID,RADIUS_METERS,NAME) VALUES (1582,532,88,5021,'Erie');
INSERT INTO LOCATION (ID,USER_ID,COORDINATE_ID,RADIUS_METERS,NAME) VALUES (1583,627,39,5349,'Marzi');
INSERT INTO LOCATION (ID,USER_ID,COORDINATE_ID,RADIUS_METERS,NAME) VALUES (1584,552,32,2871,'La Rochelle');
INSERT INTO LOCATION (ID,USER_ID,COORDINATE_ID,RADIUS_METERS,NAME) VALUES (1585,875,45,9404,'Baie-D''Urf');
INSERT INTO LOCATION (ID,USER_ID,COORDINATE_ID,RADIUS_METERS,NAME) VALUES (1586,338,44,4709,'Cabano');
INSERT INTO LOCATION (ID,USER_ID,COORDINATE_ID,RADIUS_METERS,NAME) VALUES (1587,683,10,1244,'Watford');
INSERT INTO LOCATION (ID,USER_ID,COORDINATE_ID,RADIUS_METERS,NAME) VALUES (1588,914,84,1407,'Bridlington');
INSERT INTO LOCATION (ID,USER_ID,COORDINATE_ID,RADIUS_METERS,NAME) VALUES (1589,545,20,4883,'Pironchamps');
INSERT INTO LOCATION (ID,USER_ID,COORDINATE_ID,RADIUS_METERS,NAME) VALUES (1590,504,43,7808,'San Miguel');
INSERT INTO LOCATION (ID,USER_ID,COORDINATE_ID,RADIUS_METERS,NAME) VALUES (1591,437,71,140,'San Ramn');
INSERT INTO LOCATION (ID,USER_ID,COORDINATE_ID,RADIUS_METERS,NAME) VALUES (1592,673,98,2827,'Meduno');
INSERT INTO LOCATION (ID,USER_ID,COORDINATE_ID,RADIUS_METERS,NAME) VALUES (1593,134,84,1842,'La Spezia');
INSERT INTO LOCATION (ID,USER_ID,COORDINATE_ID,RADIUS_METERS,NAME) VALUES (1594,570,67,3580,'Lauterach');
INSERT INTO LOCATION (ID,USER_ID,COORDINATE_ID,RADIUS_METERS,NAME) VALUES (1595,849,33,9901,'Bairnsdale');
INSERT INTO LOCATION (ID,USER_ID,COORDINATE_ID,RADIUS_METERS,NAME) VALUES (1596,980,24,999,'Codegua');
INSERT INTO LOCATION (ID,USER_ID,COORDINATE_ID,RADIUS_METERS,NAME) VALUES (1597,819,16,3968,'Melton Mowbray');
INSERT INTO LOCATION (ID,USER_ID,COORDINATE_ID,RADIUS_METERS,NAME) VALUES (1598,59,74,7325,'Bleid');
INSERT INTO LOCATION (ID,USER_ID,COORDINATE_ID,RADIUS_METERS,NAME) VALUES (1599,405,6,2102,'Idar-Oberstei');
INSERT INTO LOCATION (ID,USER_ID,COORDINATE_ID,RADIUS_METERS,NAME) VALUES (1600,650,79,9297,'Bearberry');
INSERT INTO LOCATION (ID,USER_ID,COORDINATE_ID,RADIUS_METERS,NAME) VALUES (1601,441,47,5408,'Wedel');
INSERT INTO LOCATION (ID,USER_ID,COORDINATE_ID,RADIUS_METERS,NAME) VALUES (1602,207,85,887,'Konstanz');
INSERT INTO LOCATION (ID,USER_ID,COORDINATE_ID,RADIUS_METERS,NAME) VALUES (1603,20,20,5967,'Bellevue');
INSERT INTO LOCATION (ID,USER_ID,COORDINATE_ID,RADIUS_METERS,NAME) VALUES (1604,351,81,3243,'Driffield');
INSERT INTO LOCATION (ID,USER_ID,COORDINATE_ID,RADIUS_METERS,NAME) VALUES (1605,524,15,4735,'Linz');
INSERT INTO LOCATION (ID,USER_ID,COORDINATE_ID,RADIUS_METERS,NAME) VALUES (1606,348,20,2194,'Siracusa');
INSERT INTO LOCATION (ID,USER_ID,COORDINATE_ID,RADIUS_METERS,NAME) VALUES (1607,697,28,4159,'Valcourt');
INSERT INTO LOCATION (ID,USER_ID,COORDINATE_ID,RADIUS_METERS,NAME) VALUES (1608,731,5,4873,'Ollolai');
INSERT INTO LOCATION (ID,USER_ID,COORDINATE_ID,RADIUS_METERS,NAME) VALUES (1609,366,11,993,'Deschambault');
INSERT INTO LOCATION (ID,USER_ID,COORDINATE_ID,RADIUS_METERS,NAME) VALUES (1610,160,8,111,'Porretta Terme');
INSERT INTO LOCATION (ID,USER_ID,COORDINATE_ID,RADIUS_METERS,NAME) VALUES (1611,751,66,2447,'Nodebais');
INSERT INTO LOCATION (ID,USER_ID,COORDINATE_ID,RADIUS_METERS,NAME) VALUES (1612,618,71,3278,'Prato Carnico');
INSERT INTO LOCATION (ID,USER_ID,COORDINATE_ID,RADIUS_METERS,NAME) VALUES (1613,763,70,8196,'New Orleans');
INSERT INTO LOCATION (ID,USER_ID,COORDINATE_ID,RADIUS_METERS,NAME) VALUES (1614,341,85,5629,'Aalbeke');
INSERT INTO LOCATION (ID,USER_ID,COORDINATE_ID,RADIUS_METERS,NAME) VALUES (1615,582,23,4446,'Bastia');
INSERT INTO LOCATION (ID,USER_ID,COORDINATE_ID,RADIUS_METERS,NAME) VALUES (1616,678,30,6078,'Crteil');
INSERT INTO LOCATION (ID,USER_ID,COORDINATE_ID,RADIUS_METERS,NAME) VALUES (1617,366,45,2667,'Frankfurt');
INSERT INTO LOCATION (ID,USER_ID,COORDINATE_ID,RADIUS_METERS,NAME) VALUES (1618,48,70,665,'Ucluelet');
INSERT INTO LOCATION (ID,USER_ID,COORDINATE_ID,RADIUS_METERS,NAME) VALUES (1619,514,15,8788,'Schwechat');
INSERT INTO LOCATION (ID,USER_ID,COORDINATE_ID,RADIUS_METERS,NAME) VALUES (1620,582,49,472,'Saint-Quentin');
INSERT INTO LOCATION (ID,USER_ID,COORDINATE_ID,RADIUS_METERS,NAME) VALUES (1621,813,12,9440,'Hilo');
INSERT INTO LOCATION (ID,USER_ID,COORDINATE_ID,RADIUS_METERS,NAME) VALUES (1622,813,48,7424,'Cinco Esquinas');
INSERT INTO LOCATION (ID,USER_ID,COORDINATE_ID,RADIUS_METERS,NAME) VALUES (1623,451,29,1951,'Wichita');
INSERT INTO LOCATION (ID,USER_ID,COORDINATE_ID,RADIUS_METERS,NAME) VALUES (1624,248,4,2098,'Paillaco');
INSERT INTO LOCATION (ID,USER_ID,COORDINATE_ID,RADIUS_METERS,NAME) VALUES (1625,896,100,1146,'Stranraer');
INSERT INTO LOCATION (ID,USER_ID,COORDINATE_ID,RADIUS_METERS,NAME) VALUES (1626,975,7,2855,'Spremberg');
INSERT INTO LOCATION (ID,USER_ID,COORDINATE_ID,RADIUS_METERS,NAME) VALUES (1627,552,80,3509,'Huntsville');
INSERT INTO LOCATION (ID,USER_ID,COORDINATE_ID,RADIUS_METERS,NAME) VALUES (1628,822,58,8532,'Bensheim');
INSERT INTO LOCATION (ID,USER_ID,COORDINATE_ID,RADIUS_METERS,NAME) VALUES (1629,654,32,808,'Lang');
INSERT INTO LOCATION (ID,USER_ID,COORDINATE_ID,RADIUS_METERS,NAME) VALUES (1630,293,30,70,'Tulsa');
INSERT INTO LOCATION (ID,USER_ID,COORDINATE_ID,RADIUS_METERS,NAME) VALUES (1631,511,71,7762,'Newquay');
INSERT INTO LOCATION (ID,USER_ID,COORDINATE_ID,RADIUS_METERS,NAME) VALUES (1632,458,7,8266,'Meix-Devant-Virton');
INSERT INTO LOCATION (ID,USER_ID,COORDINATE_ID,RADIUS_METERS,NAME) VALUES (1633,481,54,8820,'Tuktoyaktuk');
INSERT INTO LOCATION (ID,USER_ID,COORDINATE_ID,RADIUS_METERS,NAME) VALUES (1634,962,47,8820,'Birmingham');
INSERT INTO LOCATION (ID,USER_ID,COORDINATE_ID,RADIUS_METERS,NAME) VALUES (1635,706,97,9792,'Macon');
INSERT INTO LOCATION (ID,USER_ID,COORDINATE_ID,RADIUS_METERS,NAME) VALUES (1636,275,34,7562,'Sioux City');
INSERT INTO LOCATION (ID,USER_ID,COORDINATE_ID,RADIUS_METERS,NAME) VALUES (1637,380,15,7781,'Vitrival');
INSERT INTO LOCATION (ID,USER_ID,COORDINATE_ID,RADIUS_METERS,NAME) VALUES (1638,303,22,1093,'Beawar');
INSERT INTO LOCATION (ID,USER_ID,COORDINATE_ID,RADIUS_METERS,NAME) VALUES (1639,497,69,1537,'Pelluhue');
INSERT INTO LOCATION (ID,USER_ID,COORDINATE_ID,RADIUS_METERS,NAME) VALUES (1640,431,27,1512,'Rimbey');
INSERT INTO LOCATION (ID,USER_ID,COORDINATE_ID,RADIUS_METERS,NAME) VALUES (1641,840,6,8778,'Curanilahue');
INSERT INTO LOCATION (ID,USER_ID,COORDINATE_ID,RADIUS_METERS,NAME) VALUES (1642,882,94,1292,'Kapfenberg');
INSERT INTO LOCATION (ID,USER_ID,COORDINATE_ID,RADIUS_METERS,NAME) VALUES (1643,736,86,7928,'Reyhanl');
INSERT INTO LOCATION (ID,USER_ID,COORDINATE_ID,RADIUS_METERS,NAME) VALUES (1644,207,89,2108,'Nurda');
INSERT INTO LOCATION (ID,USER_ID,COORDINATE_ID,RADIUS_METERS,NAME) VALUES (1645,292,28,6286,'Baschi');
INSERT INTO LOCATION (ID,USER_ID,COORDINATE_ID,RADIUS_METERS,NAME) VALUES (1646,518,24,3089,'Marke');
INSERT INTO LOCATION (ID,USER_ID,COORDINATE_ID,RADIUS_METERS,NAME) VALUES (1647,473,99,5518,'Radom');
INSERT INTO LOCATION (ID,USER_ID,COORDINATE_ID,RADIUS_METERS,NAME) VALUES (1648,650,39,2635,'Iseyin');
INSERT INTO LOCATION (ID,USER_ID,COORDINATE_ID,RADIUS_METERS,NAME) VALUES (1649,955,87,3394,'Castello dell''Acqua');
INSERT INTO LOCATION (ID,USER_ID,COORDINATE_ID,RADIUS_METERS,NAME) VALUES (1650,715,10,227,'Osgoode');
INSERT INTO LOCATION (ID,USER_ID,COORDINATE_ID,RADIUS_METERS,NAME) VALUES (1651,681,41,9875,'Sheikhupura');
INSERT INTO LOCATION (ID,USER_ID,COORDINATE_ID,RADIUS_METERS,NAME) VALUES (1652,808,15,1612,'Bad Drkheim');
INSERT INTO LOCATION (ID,USER_ID,COORDINATE_ID,RADIUS_METERS,NAME) VALUES (1653,186,51,7204,'Rajkot');
INSERT INTO LOCATION (ID,USER_ID,COORDINATE_ID,RADIUS_METERS,NAME) VALUES (1654,361,35,6250,'Castelseprio');
INSERT INTO LOCATION (ID,USER_ID,COORDINATE_ID,RADIUS_METERS,NAME) VALUES (1655,147,15,3301,'Castello dell''Acqua');
INSERT INTO LOCATION (ID,USER_ID,COORDINATE_ID,RADIUS_METERS,NAME) VALUES (1656,488,21,158,'Picture Butte');
INSERT INTO LOCATION (ID,USER_ID,COORDINATE_ID,RADIUS_METERS,NAME) VALUES (1657,33,91,4921,'Girona');
INSERT INTO LOCATION (ID,USER_ID,COORDINATE_ID,RADIUS_METERS,NAME) VALUES (1658,96,57,5511,'Baddeck');
INSERT INTO LOCATION (ID,USER_ID,COORDINATE_ID,RADIUS_METERS,NAME) VALUES (1659,626,60,163,'Sint-Kruis');
INSERT INTO LOCATION (ID,USER_ID,COORDINATE_ID,RADIUS_METERS,NAME) VALUES (1660,266,61,970,'Charny');
INSERT INTO LOCATION (ID,USER_ID,COORDINATE_ID,RADIUS_METERS,NAME) VALUES (1661,208,30,372,'Sundrie');
INSERT INTO LOCATION (ID,USER_ID,COORDINATE_ID,RADIUS_METERS,NAME) VALUES (1662,827,52,2256,'Salt Spring Island');
INSERT INTO LOCATION (ID,USER_ID,COORDINATE_ID,RADIUS_METERS,NAME) VALUES (1663,647,69,7113,'Glendon');
INSERT INTO LOCATION (ID,USER_ID,COORDINATE_ID,RADIUS_METERS,NAME) VALUES (1664,866,74,6973,'Les Bulles');
INSERT INTO LOCATION (ID,USER_ID,COORDINATE_ID,RADIUS_METERS,NAME) VALUES (1665,414,21,5419,'La Spezia');
INSERT INTO LOCATION (ID,USER_ID,COORDINATE_ID,RADIUS_METERS,NAME) VALUES (1666,430,38,5664,'Dutse');
INSERT INTO LOCATION (ID,USER_ID,COORDINATE_ID,RADIUS_METERS,NAME) VALUES (1667,284,62,8461,'Masullas');
INSERT INTO LOCATION (ID,USER_ID,COORDINATE_ID,RADIUS_METERS,NAME) VALUES (1668,902,14,1219,'Halifax');
INSERT INTO LOCATION (ID,USER_ID,COORDINATE_ID,RADIUS_METERS,NAME) VALUES (1669,277,13,3729,'Pittsburgh');
INSERT INTO LOCATION (ID,USER_ID,COORDINATE_ID,RADIUS_METERS,NAME) VALUES (1670,858,36,1341,'Jodhpur');
INSERT INTO LOCATION (ID,USER_ID,COORDINATE_ID,RADIUS_METERS,NAME) VALUES (1671,473,91,7302,'Sint-Kruis-Winkel');
INSERT INTO LOCATION (ID,USER_ID,COORDINATE_ID,RADIUS_METERS,NAME) VALUES (1672,111,65,1532,'Lissewege');
INSERT INTO LOCATION (ID,USER_ID,COORDINATE_ID,RADIUS_METERS,NAME) VALUES (1673,758,18,1505,'Joncret');
INSERT INTO LOCATION (ID,USER_ID,COORDINATE_ID,RADIUS_METERS,NAME) VALUES (1674,852,96,4931,'Reno');
INSERT INTO LOCATION (ID,USER_ID,COORDINATE_ID,RADIUS_METERS,NAME) VALUES (1675,686,94,4676,'Mesa');
INSERT INTO LOCATION (ID,USER_ID,COORDINATE_ID,RADIUS_METERS,NAME) VALUES (1676,106,26,7344,'Istanbul');
INSERT INTO LOCATION (ID,USER_ID,COORDINATE_ID,RADIUS_METERS,NAME) VALUES (1677,428,51,3074,'Campomorone');
INSERT INTO LOCATION (ID,USER_ID,COORDINATE_ID,RADIUS_METERS,NAME) VALUES (1678,813,35,2869,'Amroha');
INSERT INTO LOCATION (ID,USER_ID,COORDINATE_ID,RADIUS_METERS,NAME) VALUES (1679,666,56,9559,'Sint-Gillis-Waas');
INSERT INTO LOCATION (ID,USER_ID,COORDINATE_ID,RADIUS_METERS,NAME) VALUES (1680,298,12,8769,'Independence');
INSERT INTO LOCATION (ID,USER_ID,COORDINATE_ID,RADIUS_METERS,NAME) VALUES (1681,274,68,9059,'Kielce');
INSERT INTO LOCATION (ID,USER_ID,COORDINATE_ID,RADIUS_METERS,NAME) VALUES (1682,434,10,5727,'Leonding');
INSERT INTO LOCATION (ID,USER_ID,COORDINATE_ID,RADIUS_METERS,NAME) VALUES (1683,367,65,8847,'Hoeilaart');
INSERT INTO LOCATION (ID,USER_ID,COORDINATE_ID,RADIUS_METERS,NAME) VALUES (1684,723,90,450,'Weelde');
INSERT INTO LOCATION (ID,USER_ID,COORDINATE_ID,RADIUS_METERS,NAME) VALUES (1685,799,75,9136,'San Lorenzo Nuovo');
INSERT INTO LOCATION (ID,USER_ID,COORDINATE_ID,RADIUS_METERS,NAME) VALUES (1686,814,86,4177,'Cranbrook');
INSERT INTO LOCATION (ID,USER_ID,COORDINATE_ID,RADIUS_METERS,NAME) VALUES (1687,217,96,5194,'Louisville');
INSERT INTO LOCATION (ID,USER_ID,COORDINATE_ID,RADIUS_METERS,NAME) VALUES (1688,59,95,146,'Kharagpur');
INSERT INTO LOCATION (ID,USER_ID,COORDINATE_ID,RADIUS_METERS,NAME) VALUES (1689,985,75,9799,'Sant''Arsenio');
INSERT INTO LOCATION (ID,USER_ID,COORDINATE_ID,RADIUS_METERS,NAME) VALUES (1690,172,59,4516,'Oakham');
INSERT INTO LOCATION (ID,USER_ID,COORDINATE_ID,RADIUS_METERS,NAME) VALUES (1691,865,59,4924,'Palmilla');
INSERT INTO LOCATION (ID,USER_ID,COORDINATE_ID,RADIUS_METERS,NAME) VALUES (1692,984,79,3704,'Mignanego');
INSERT INTO LOCATION (ID,USER_ID,COORDINATE_ID,RADIUS_METERS,NAME) VALUES (1693,808,23,8182,'South Burlington');
INSERT INTO LOCATION (ID,USER_ID,COORDINATE_ID,RADIUS_METERS,NAME) VALUES (1694,11,30,3124,'Tuticorin');
INSERT INTO LOCATION (ID,USER_ID,COORDINATE_ID,RADIUS_METERS,NAME) VALUES (1695,232,24,1018,'South Portland');
INSERT INTO LOCATION (ID,USER_ID,COORDINATE_ID,RADIUS_METERS,NAME) VALUES (1696,668,44,4136,'Viesville');
INSERT INTO LOCATION (ID,USER_ID,COORDINATE_ID,RADIUS_METERS,NAME) VALUES (1697,733,17,8541,'Nashville');
INSERT INTO LOCATION (ID,USER_ID,COORDINATE_ID,RADIUS_METERS,NAME) VALUES (1698,971,71,5009,'Silifke');
INSERT INTO LOCATION (ID,USER_ID,COORDINATE_ID,RADIUS_METERS,NAME) VALUES (1699,940,27,3771,'Pulle');
INSERT INTO LOCATION (ID,USER_ID,COORDINATE_ID,RADIUS_METERS,NAME) VALUES (1700,250,5,5039,'San Pietro Avellana');
INSERT INTO LOCATION (ID,USER_ID,COORDINATE_ID,RADIUS_METERS,NAME) VALUES (1701,455,17,5463,'Vrnamo');
INSERT INTO LOCATION (ID,USER_ID,COORDINATE_ID,RADIUS_METERS,NAME) VALUES (1702,618,39,6565,'Fort Saskatchewan');
INSERT INTO LOCATION (ID,USER_ID,COORDINATE_ID,RADIUS_METERS,NAME) VALUES (1703,737,55,3523,'Deline');
INSERT INTO LOCATION (ID,USER_ID,COORDINATE_ID,RADIUS_METERS,NAME) VALUES (1704,297,13,9737,'Meduno');
INSERT INTO LOCATION (ID,USER_ID,COORDINATE_ID,RADIUS_METERS,NAME) VALUES (1705,638,13,3702,'Rignano Garganico');
INSERT INTO LOCATION (ID,USER_ID,COORDINATE_ID,RADIUS_METERS,NAME) VALUES (1706,490,6,6771,'Libramont-Chevigny');
INSERT INTO LOCATION (ID,USER_ID,COORDINATE_ID,RADIUS_METERS,NAME) VALUES (1707,289,99,2327,'Latera');
INSERT INTO LOCATION (ID,USER_ID,COORDINATE_ID,RADIUS_METERS,NAME) VALUES (1708,512,21,7186,'Langley');
INSERT INTO LOCATION (ID,USER_ID,COORDINATE_ID,RADIUS_METERS,NAME) VALUES (1709,957,37,4584,'Follina');
INSERT INTO LOCATION (ID,USER_ID,COORDINATE_ID,RADIUS_METERS,NAME) VALUES (1710,591,19,9382,'Introd');
INSERT INTO LOCATION (ID,USER_ID,COORDINATE_ID,RADIUS_METERS,NAME) VALUES (1711,572,11,9687,'Arica');
INSERT INTO LOCATION (ID,USER_ID,COORDINATE_ID,RADIUS_METERS,NAME) VALUES (1712,945,60,661,'Bay Roberts');
INSERT INTO LOCATION (ID,USER_ID,COORDINATE_ID,RADIUS_METERS,NAME) VALUES (1713,284,16,2111,'Bowling Green');
INSERT INTO LOCATION (ID,USER_ID,COORDINATE_ID,RADIUS_METERS,NAME) VALUES (1714,921,45,4932,'Turriff');
INSERT INTO LOCATION (ID,USER_ID,COORDINATE_ID,RADIUS_METERS,NAME) VALUES (1715,879,66,1032,'Campli');
INSERT INTO LOCATION (ID,USER_ID,COORDINATE_ID,RADIUS_METERS,NAME) VALUES (1716,506,6,5409,'Hantes-Wihries');
INSERT INTO LOCATION (ID,USER_ID,COORDINATE_ID,RADIUS_METERS,NAME) VALUES (1717,453,17,3634,'Marbella');
INSERT INTO LOCATION (ID,USER_ID,COORDINATE_ID,RADIUS_METERS,NAME) VALUES (1718,920,98,5287,'Serik');
INSERT INTO LOCATION (ID,USER_ID,COORDINATE_ID,RADIUS_METERS,NAME) VALUES (1719,918,88,2504,'Fallais');
INSERT INTO LOCATION (ID,USER_ID,COORDINATE_ID,RADIUS_METERS,NAME) VALUES (1720,324,87,8328,'Ruisbroek');
INSERT INTO LOCATION (ID,USER_ID,COORDINATE_ID,RADIUS_METERS,NAME) VALUES (1721,408,91,935,'Salihli');
INSERT INTO LOCATION (ID,USER_ID,COORDINATE_ID,RADIUS_METERS,NAME) VALUES (1722,57,79,335,'San Jose');
INSERT INTO LOCATION (ID,USER_ID,COORDINATE_ID,RADIUS_METERS,NAME) VALUES (1723,822,58,5927,'Norman Wells');
INSERT INTO LOCATION (ID,USER_ID,COORDINATE_ID,RADIUS_METERS,NAME) VALUES (1724,222,31,5330,'Rastatt');
INSERT INTO LOCATION (ID,USER_ID,COORDINATE_ID,RADIUS_METERS,NAME) VALUES (1725,748,32,9804,'Shrewsbury');
INSERT INTO LOCATION (ID,USER_ID,COORDINATE_ID,RADIUS_METERS,NAME) VALUES (1726,63,48,4601,'Mussy-la-Ville');
INSERT INTO LOCATION (ID,USER_ID,COORDINATE_ID,RADIUS_METERS,NAME) VALUES (1727,19,15,905,'Ruddervoorde');
INSERT INTO LOCATION (ID,USER_ID,COORDINATE_ID,RADIUS_METERS,NAME) VALUES (1728,103,30,7310,'Sosnowiec');
INSERT INTO LOCATION (ID,USER_ID,COORDINATE_ID,RADIUS_METERS,NAME) VALUES (1729,569,26,2479,'Ronciglione');
INSERT INTO LOCATION (ID,USER_ID,COORDINATE_ID,RADIUS_METERS,NAME) VALUES (1730,897,25,9190,'Chapadinha');
INSERT INTO LOCATION (ID,USER_ID,COORDINATE_ID,RADIUS_METERS,NAME) VALUES (1731,738,43,3059,'Warburg');
INSERT INTO LOCATION (ID,USER_ID,COORDINATE_ID,RADIUS_METERS,NAME) VALUES (1732,719,29,4772,'Jefferson City');
INSERT INTO LOCATION (ID,USER_ID,COORDINATE_ID,RADIUS_METERS,NAME) VALUES (1733,27,33,5620,'Milestone');
INSERT INTO LOCATION (ID,USER_ID,COORDINATE_ID,RADIUS_METERS,NAME) VALUES (1734,940,9,4667,'Naarden');
INSERT INTO LOCATION (ID,USER_ID,COORDINATE_ID,RADIUS_METERS,NAME) VALUES (1735,641,28,9491,'Geelong');
INSERT INTO LOCATION (ID,USER_ID,COORDINATE_ID,RADIUS_METERS,NAME) VALUES (1736,675,54,3524,'Desteldonk');
INSERT INTO LOCATION (ID,USER_ID,COORDINATE_ID,RADIUS_METERS,NAME) VALUES (1737,116,82,545,'Bonlez');
INSERT INTO LOCATION (ID,USER_ID,COORDINATE_ID,RADIUS_METERS,NAME) VALUES (1738,235,18,2754,'Tarragona');
INSERT INTO LOCATION (ID,USER_ID,COORDINATE_ID,RADIUS_METERS,NAME) VALUES (1739,138,81,88,'Sierra Gorda');
INSERT INTO LOCATION (ID,USER_ID,COORDINATE_ID,RADIUS_METERS,NAME) VALUES (1740,282,48,2527,'Torgnon');
INSERT INTO LOCATION (ID,USER_ID,COORDINATE_ID,RADIUS_METERS,NAME) VALUES (1741,980,23,8751,'Houtvenne');
INSERT INTO LOCATION (ID,USER_ID,COORDINATE_ID,RADIUS_METERS,NAME) VALUES (1742,382,51,7034,'Maip');
INSERT INTO LOCATION (ID,USER_ID,COORDINATE_ID,RADIUS_METERS,NAME) VALUES (1743,752,41,7529,'Merksplas');
INSERT INTO LOCATION (ID,USER_ID,COORDINATE_ID,RADIUS_METERS,NAME) VALUES (1744,941,37,6442,'Rocky Mountain House');
INSERT INTO LOCATION (ID,USER_ID,COORDINATE_ID,RADIUS_METERS,NAME) VALUES (1745,152,44,4637,'Los Sauces');
INSERT INTO LOCATION (ID,USER_ID,COORDINATE_ID,RADIUS_METERS,NAME) VALUES (1746,851,20,2748,'Putignano');
INSERT INTO LOCATION (ID,USER_ID,COORDINATE_ID,RADIUS_METERS,NAME) VALUES (1747,271,42,7512,'Cinco Esquinas');
INSERT INTO LOCATION (ID,USER_ID,COORDINATE_ID,RADIUS_METERS,NAME) VALUES (1748,698,78,5734,'Grand Rapids');
INSERT INTO LOCATION (ID,USER_ID,COORDINATE_ID,RADIUS_METERS,NAME) VALUES (1749,735,90,4757,'Baidyabati');
INSERT INTO LOCATION (ID,USER_ID,COORDINATE_ID,RADIUS_METERS,NAME) VALUES (1750,857,61,1493,'Smoky Lake');
INSERT INTO LOCATION (ID,USER_ID,COORDINATE_ID,RADIUS_METERS,NAME) VALUES (1751,371,41,6343,'LaSalle');
INSERT INTO LOCATION (ID,USER_ID,COORDINATE_ID,RADIUS_METERS,NAME) VALUES (1752,120,93,4407,'Leamington');
INSERT INTO LOCATION (ID,USER_ID,COORDINATE_ID,RADIUS_METERS,NAME) VALUES (1753,797,95,6452,'Reana del Rojale');
INSERT INTO LOCATION (ID,USER_ID,COORDINATE_ID,RADIUS_METERS,NAME) VALUES (1754,761,55,2949,'Hoyerswerda');
INSERT INTO LOCATION (ID,USER_ID,COORDINATE_ID,RADIUS_METERS,NAME) VALUES (1755,795,34,5159,'Hoshiarpur');
INSERT INTO LOCATION (ID,USER_ID,COORDINATE_ID,RADIUS_METERS,NAME) VALUES (1756,200,41,9695,'Kavaratti');
INSERT INTO LOCATION (ID,USER_ID,COORDINATE_ID,RADIUS_METERS,NAME) VALUES (1757,370,80,8606,'Toernich');
INSERT INTO LOCATION (ID,USER_ID,COORDINATE_ID,RADIUS_METERS,NAME) VALUES (1758,513,18,122,'Sivry-Rance');
INSERT INTO LOCATION (ID,USER_ID,COORDINATE_ID,RADIUS_METERS,NAME) VALUES (1759,718,80,7546,'Toltn');
INSERT INTO LOCATION (ID,USER_ID,COORDINATE_ID,RADIUS_METERS,NAME) VALUES (1760,197,40,7145,'Piotrkw Trybunalski');
INSERT INTO LOCATION (ID,USER_ID,COORDINATE_ID,RADIUS_METERS,NAME) VALUES (1761,361,96,2009,'Sainte-Flavie');
INSERT INTO LOCATION (ID,USER_ID,COORDINATE_ID,RADIUS_METERS,NAME) VALUES (1762,851,19,7192,'Calder');
INSERT INTO LOCATION (ID,USER_ID,COORDINATE_ID,RADIUS_METERS,NAME) VALUES (1763,919,28,9093,'Alcal de Henares');
INSERT INTO LOCATION (ID,USER_ID,COORDINATE_ID,RADIUS_METERS,NAME) VALUES (1764,784,34,6448,'El Bosque');
INSERT INTO LOCATION (ID,USER_ID,COORDINATE_ID,RADIUS_METERS,NAME) VALUES (1765,499,66,9742,'Mores');
INSERT INTO LOCATION (ID,USER_ID,COORDINATE_ID,RADIUS_METERS,NAME) VALUES (1766,688,33,2029,'Miami');
INSERT INTO LOCATION (ID,USER_ID,COORDINATE_ID,RADIUS_METERS,NAME) VALUES (1767,143,27,8993,'Newbury');
INSERT INTO LOCATION (ID,USER_ID,COORDINATE_ID,RADIUS_METERS,NAME) VALUES (1768,267,16,7483,'San Luca');
INSERT INTO LOCATION (ID,USER_ID,COORDINATE_ID,RADIUS_METERS,NAME) VALUES (1769,806,22,1626,'Spruce Grove');
INSERT INTO LOCATION (ID,USER_ID,COORDINATE_ID,RADIUS_METERS,NAME) VALUES (1770,844,26,3879,'Davenport');
INSERT INTO LOCATION (ID,USER_ID,COORDINATE_ID,RADIUS_METERS,NAME) VALUES (1771,755,56,7239,'Pocatello');
INSERT INTO LOCATION (ID,USER_ID,COORDINATE_ID,RADIUS_METERS,NAME) VALUES (1772,217,42,9339,'Taupo');
INSERT INTO LOCATION (ID,USER_ID,COORDINATE_ID,RADIUS_METERS,NAME) VALUES (1773,897,54,4429,'Straubing');
INSERT INTO LOCATION (ID,USER_ID,COORDINATE_ID,RADIUS_METERS,NAME) VALUES (1774,330,45,368,'Quilpu');
INSERT INTO LOCATION (ID,USER_ID,COORDINATE_ID,RADIUS_METERS,NAME) VALUES (1775,398,97,5790,'Castello Tesino');
INSERT INTO LOCATION (ID,USER_ID,COORDINATE_ID,RADIUS_METERS,NAME) VALUES (1776,201,59,1469,'Pelago');
INSERT INTO LOCATION (ID,USER_ID,COORDINATE_ID,RADIUS_METERS,NAME) VALUES (1777,286,86,4835,'Sijsele');
INSERT INTO LOCATION (ID,USER_ID,COORDINATE_ID,RADIUS_METERS,NAME) VALUES (1778,118,14,9934,'Grlitz');
INSERT INTO LOCATION (ID,USER_ID,COORDINATE_ID,RADIUS_METERS,NAME) VALUES (1779,558,87,3003,'Coihueco');
INSERT INTO LOCATION (ID,USER_ID,COORDINATE_ID,RADIUS_METERS,NAME) VALUES (1780,400,94,169,'Lummen');
INSERT INTO LOCATION (ID,USER_ID,COORDINATE_ID,RADIUS_METERS,NAME) VALUES (1781,887,21,8199,'Villers-Poterie');
INSERT INTO LOCATION (ID,USER_ID,COORDINATE_ID,RADIUS_METERS,NAME) VALUES (1782,363,80,3269,'Bnyan');
INSERT INTO LOCATION (ID,USER_ID,COORDINATE_ID,RADIUS_METERS,NAME) VALUES (1783,425,90,4587,'Zaanstad');
INSERT INTO LOCATION (ID,USER_ID,COORDINATE_ID,RADIUS_METERS,NAME) VALUES (1784,88,50,4534,'Carahue');
INSERT INTO LOCATION (ID,USER_ID,COORDINATE_ID,RADIUS_METERS,NAME) VALUES (1785,652,90,7382,'Brisbane');
INSERT INTO LOCATION (ID,USER_ID,COORDINATE_ID,RADIUS_METERS,NAME) VALUES (1786,578,73,4709,'Gksun');
INSERT INTO LOCATION (ID,USER_ID,COORDINATE_ID,RADIUS_METERS,NAME) VALUES (1787,226,74,1459,'Orilla');
INSERT INTO LOCATION (ID,USER_ID,COORDINATE_ID,RADIUS_METERS,NAME) VALUES (1788,834,5,7106,'Frederick');
INSERT INTO LOCATION (ID,USER_ID,COORDINATE_ID,RADIUS_METERS,NAME) VALUES (1789,334,27,355,'Parbhani');
INSERT INTO LOCATION (ID,USER_ID,COORDINATE_ID,RADIUS_METERS,NAME) VALUES (1790,947,100,7415,'Bhusawal');
INSERT INTO LOCATION (ID,USER_ID,COORDINATE_ID,RADIUS_METERS,NAME) VALUES (1791,383,6,1251,'Ovalle');
INSERT INTO LOCATION (ID,USER_ID,COORDINATE_ID,RADIUS_METERS,NAME) VALUES (1792,646,91,2245,'Zamo');
INSERT INTO LOCATION (ID,USER_ID,COORDINATE_ID,RADIUS_METERS,NAME) VALUES (1793,991,54,1299,'West Valley City');
INSERT INTO LOCATION (ID,USER_ID,COORDINATE_ID,RADIUS_METERS,NAME) VALUES (1794,444,49,9308,'Krishnanagar');
INSERT INTO LOCATION (ID,USER_ID,COORDINATE_ID,RADIUS_METERS,NAME) VALUES (1795,675,23,6955,'Heerlen');
INSERT INTO LOCATION (ID,USER_ID,COORDINATE_ID,RADIUS_METERS,NAME) VALUES (1796,866,44,5033,'Dolceacqua');
INSERT INTO LOCATION (ID,USER_ID,COORDINATE_ID,RADIUS_METERS,NAME) VALUES (1797,295,100,104,'Westende');
INSERT INTO LOCATION (ID,USER_ID,COORDINATE_ID,RADIUS_METERS,NAME) VALUES (1798,13,22,5555,'Bay Roberts');
INSERT INTO LOCATION (ID,USER_ID,COORDINATE_ID,RADIUS_METERS,NAME) VALUES (1799,139,14,5562,'Latera');
INSERT INTO LOCATION (ID,USER_ID,COORDINATE_ID,RADIUS_METERS,NAME) VALUES (1800,38,58,5439,'Chemnitz');
INSERT INTO LOCATION (ID,USER_ID,COORDINATE_ID,RADIUS_METERS,NAME) VALUES (1801,782,26,2612,'Kumbakonam');
INSERT INTO LOCATION (ID,USER_ID,COORDINATE_ID,RADIUS_METERS,NAME) VALUES (1802,86,54,4315,'Sutton');
INSERT INTO LOCATION (ID,USER_ID,COORDINATE_ID,RADIUS_METERS,NAME) VALUES (1803,748,70,9760,'Reyhanl');
INSERT INTO LOCATION (ID,USER_ID,COORDINATE_ID,RADIUS_METERS,NAME) VALUES (1804,655,31,223,'Springdale');
INSERT INTO LOCATION (ID,USER_ID,COORDINATE_ID,RADIUS_METERS,NAME) VALUES (1805,896,51,7653,'Otukpo');
INSERT INTO LOCATION (ID,USER_ID,COORDINATE_ID,RADIUS_METERS,NAME) VALUES (1806,129,91,3802,'Hoogeveen');
INSERT INTO LOCATION (ID,USER_ID,COORDINATE_ID,RADIUS_METERS,NAME) VALUES (1807,64,80,2942,'San Giacomo degli Schiavoni');
INSERT INTO LOCATION (ID,USER_ID,COORDINATE_ID,RADIUS_METERS,NAME) VALUES (1808,79,22,2230,'Rouvroy');
INSERT INTO LOCATION (ID,USER_ID,COORDINATE_ID,RADIUS_METERS,NAME) VALUES (1809,326,13,71,'La Estrella');
INSERT INTO LOCATION (ID,USER_ID,COORDINATE_ID,RADIUS_METERS,NAME) VALUES (1810,872,84,6912,'Tribogna');
INSERT INTO LOCATION (ID,USER_ID,COORDINATE_ID,RADIUS_METERS,NAME) VALUES (1811,587,90,5257,'Havr');
INSERT INTO LOCATION (ID,USER_ID,COORDINATE_ID,RADIUS_METERS,NAME) VALUES (1812,567,12,3892,'Tramonti di Sopra');
INSERT INTO LOCATION (ID,USER_ID,COORDINATE_ID,RADIUS_METERS,NAME) VALUES (1813,498,60,6519,'Pabianice');
INSERT INTO LOCATION (ID,USER_ID,COORDINATE_ID,RADIUS_METERS,NAME) VALUES (1814,976,71,8902,'Sluizen');
INSERT INTO LOCATION (ID,USER_ID,COORDINATE_ID,RADIUS_METERS,NAME) VALUES (1815,103,35,2635,'Impe');
INSERT INTO LOCATION (ID,USER_ID,COORDINATE_ID,RADIUS_METERS,NAME) VALUES (1816,464,13,4416,'Newark');
INSERT INTO LOCATION (ID,USER_ID,COORDINATE_ID,RADIUS_METERS,NAME) VALUES (1817,659,58,7502,'Beaconsfield');
INSERT INTO LOCATION (ID,USER_ID,COORDINATE_ID,RADIUS_METERS,NAME) VALUES (1818,199,72,9977,'Orta San Giulio');
INSERT INTO LOCATION (ID,USER_ID,COORDINATE_ID,RADIUS_METERS,NAME) VALUES (1819,876,6,8497,'Zwijndrecht');
INSERT INTO LOCATION (ID,USER_ID,COORDINATE_ID,RADIUS_METERS,NAME) VALUES (1820,857,28,9363,'Lauw');
INSERT INTO LOCATION (ID,USER_ID,COORDINATE_ID,RADIUS_METERS,NAME) VALUES (1821,467,32,5924,'Tramonti di Sopra');
INSERT INTO LOCATION (ID,USER_ID,COORDINATE_ID,RADIUS_METERS,NAME) VALUES (1822,191,12,4359,'Ravensburg');
INSERT INTO LOCATION (ID,USER_ID,COORDINATE_ID,RADIUS_METERS,NAME) VALUES (1823,579,21,8629,'Sydney');
INSERT INTO LOCATION (ID,USER_ID,COORDINATE_ID,RADIUS_METERS,NAME) VALUES (1824,564,28,1120,'Lambersart');
INSERT INTO LOCATION (ID,USER_ID,COORDINATE_ID,RADIUS_METERS,NAME) VALUES (1825,13,99,6001,'Copiap');
INSERT INTO LOCATION (ID,USER_ID,COORDINATE_ID,RADIUS_METERS,NAME) VALUES (1826,18,72,19,'New Plymouth');
INSERT INTO LOCATION (ID,USER_ID,COORDINATE_ID,RADIUS_METERS,NAME) VALUES (1827,344,50,1599,'Rivire-du-Loup');
INSERT INTO LOCATION (ID,USER_ID,COORDINATE_ID,RADIUS_METERS,NAME) VALUES (1828,862,10,2985,'Bielefeld');
INSERT INTO LOCATION (ID,USER_ID,COORDINATE_ID,RADIUS_METERS,NAME) VALUES (1829,253,35,2746,'Gespeg');
INSERT INTO LOCATION (ID,USER_ID,COORDINATE_ID,RADIUS_METERS,NAME) VALUES (1830,829,76,5856,'Alcobendas');
INSERT INTO LOCATION (ID,USER_ID,COORDINATE_ID,RADIUS_METERS,NAME) VALUES (1831,636,48,942,'Desteldonk');
INSERT INTO LOCATION (ID,USER_ID,COORDINATE_ID,RADIUS_METERS,NAME) VALUES (1832,14,46,8561,'Lambusart');
INSERT INTO LOCATION (ID,USER_ID,COORDINATE_ID,RADIUS_METERS,NAME) VALUES (1833,505,27,7171,'Stourbridge');
INSERT INTO LOCATION (ID,USER_ID,COORDINATE_ID,RADIUS_METERS,NAME) VALUES (1834,929,14,249,'Plainevaux');
INSERT INTO LOCATION (ID,USER_ID,COORDINATE_ID,RADIUS_METERS,NAME) VALUES (1835,189,14,3023,'Porto Alegre');
INSERT INTO LOCATION (ID,USER_ID,COORDINATE_ID,RADIUS_METERS,NAME) VALUES (1836,755,24,6172,'Champdani');
INSERT INTO LOCATION (ID,USER_ID,COORDINATE_ID,RADIUS_METERS,NAME) VALUES (1837,645,97,2765,'Baie-D''Urf');
INSERT INTO LOCATION (ID,USER_ID,COORDINATE_ID,RADIUS_METERS,NAME) VALUES (1838,831,59,828,'Uikhoven');
INSERT INTO LOCATION (ID,USER_ID,COORDINATE_ID,RADIUS_METERS,NAME) VALUES (1839,193,15,7235,'Rewa');
INSERT INTO LOCATION (ID,USER_ID,COORDINATE_ID,RADIUS_METERS,NAME) VALUES (1840,655,76,8992,'Dijon');
INSERT INTO LOCATION (ID,USER_ID,COORDINATE_ID,RADIUS_METERS,NAME) VALUES (1841,817,89,782,'Macklin');
INSERT INTO LOCATION (ID,USER_ID,COORDINATE_ID,RADIUS_METERS,NAME) VALUES (1842,653,61,2904,'Rouen');
INSERT INTO LOCATION (ID,USER_ID,COORDINATE_ID,RADIUS_METERS,NAME) VALUES (1843,774,97,1727,'Talence');
INSERT INTO LOCATION (ID,USER_ID,COORDINATE_ID,RADIUS_METERS,NAME) VALUES (1844,704,46,3785,'Annapolis Royal');
INSERT INTO LOCATION (ID,USER_ID,COORDINATE_ID,RADIUS_METERS,NAME) VALUES (1845,975,23,4281,'Oromocto');
INSERT INTO LOCATION (ID,USER_ID,COORDINATE_ID,RADIUS_METERS,NAME) VALUES (1846,859,30,5472,'Norcia');
INSERT INTO LOCATION (ID,USER_ID,COORDINATE_ID,RADIUS_METERS,NAME) VALUES (1847,895,14,5557,'Turriaco');
INSERT INTO LOCATION (ID,USER_ID,COORDINATE_ID,RADIUS_METERS,NAME) VALUES (1848,779,10,6926,'Harrisburg');
INSERT INTO LOCATION (ID,USER_ID,COORDINATE_ID,RADIUS_METERS,NAME) VALUES (1849,773,70,5045,'Avadi');
INSERT INTO LOCATION (ID,USER_ID,COORDINATE_ID,RADIUS_METERS,NAME) VALUES (1850,623,46,5506,'Chiguayante');
INSERT INTO LOCATION (ID,USER_ID,COORDINATE_ID,RADIUS_METERS,NAME) VALUES (1851,555,59,5411,'Ramskapelle');
INSERT INTO LOCATION (ID,USER_ID,COORDINATE_ID,RADIUS_METERS,NAME) VALUES (1852,235,70,5427,'Sesto al Reghena');
INSERT INTO LOCATION (ID,USER_ID,COORDINATE_ID,RADIUS_METERS,NAME) VALUES (1853,755,80,1981,'Villa Agnedo');
INSERT INTO LOCATION (ID,USER_ID,COORDINATE_ID,RADIUS_METERS,NAME) VALUES (1854,548,41,7430,'Cumberland County');
INSERT INTO LOCATION (ID,USER_ID,COORDINATE_ID,RADIUS_METERS,NAME) VALUES (1855,745,78,326,'Lloydminster');
INSERT INTO LOCATION (ID,USER_ID,COORDINATE_ID,RADIUS_METERS,NAME) VALUES (1856,608,69,2008,'Nuneaton');
INSERT INTO LOCATION (ID,USER_ID,COORDINATE_ID,RADIUS_METERS,NAME) VALUES (1857,873,39,1166,'Iqaluit');
INSERT INTO LOCATION (ID,USER_ID,COORDINATE_ID,RADIUS_METERS,NAME) VALUES (1858,274,22,7650,'Colonnella');
INSERT INTO LOCATION (ID,USER_ID,COORDINATE_ID,RADIUS_METERS,NAME) VALUES (1859,290,33,2488,'Torrejn de Ardoz');
INSERT INTO LOCATION (ID,USER_ID,COORDINATE_ID,RADIUS_METERS,NAME) VALUES (1860,168,55,2134,'Whitewater Region Township');
INSERT INTO LOCATION (ID,USER_ID,COORDINATE_ID,RADIUS_METERS,NAME) VALUES (1861,895,55,1234,'Caledon');
INSERT INTO LOCATION (ID,USER_ID,COORDINATE_ID,RADIUS_METERS,NAME) VALUES (1862,515,84,6733,'Avadi');
INSERT INTO LOCATION (ID,USER_ID,COORDINATE_ID,RADIUS_METERS,NAME) VALUES (1863,796,65,4153,'Albany');
INSERT INTO LOCATION (ID,USER_ID,COORDINATE_ID,RADIUS_METERS,NAME) VALUES (1864,924,85,3049,'Reims');
INSERT INTO LOCATION (ID,USER_ID,COORDINATE_ID,RADIUS_METERS,NAME) VALUES (1865,727,59,7678,'Rocca d''Arazzo');
INSERT INTO LOCATION (ID,USER_ID,COORDINATE_ID,RADIUS_METERS,NAME) VALUES (1866,240,80,9626,'Bad Ischl');
INSERT INTO LOCATION (ID,USER_ID,COORDINATE_ID,RADIUS_METERS,NAME) VALUES (1867,383,42,1133,'Borghetto di Borbera');
INSERT INTO LOCATION (ID,USER_ID,COORDINATE_ID,RADIUS_METERS,NAME) VALUES (1868,683,87,1526,'Sint-Jans-Molenbeek');
INSERT INTO LOCATION (ID,USER_ID,COORDINATE_ID,RADIUS_METERS,NAME) VALUES (1869,692,91,4499,'Bama');
INSERT INTO LOCATION (ID,USER_ID,COORDINATE_ID,RADIUS_METERS,NAME) VALUES (1870,286,25,4081,'Hinckley');
INSERT INTO LOCATION (ID,USER_ID,COORDINATE_ID,RADIUS_METERS,NAME) VALUES (1871,224,84,9526,'Thionville');
INSERT INTO LOCATION (ID,USER_ID,COORDINATE_ID,RADIUS_METERS,NAME) VALUES (1872,121,52,1419,'Laakirchen');
INSERT INTO LOCATION (ID,USER_ID,COORDINATE_ID,RADIUS_METERS,NAME) VALUES (1873,788,13,7143,'East Gwillimbury');
INSERT INTO LOCATION (ID,USER_ID,COORDINATE_ID,RADIUS_METERS,NAME) VALUES (1874,302,97,1841,'Montgomery');
INSERT INTO LOCATION (ID,USER_ID,COORDINATE_ID,RADIUS_METERS,NAME) VALUES (1875,847,31,6664,'Dalbeattie');
INSERT INTO LOCATION (ID,USER_ID,COORDINATE_ID,RADIUS_METERS,NAME) VALUES (1876,824,85,1270,'Cantalupo in Sabina');
INSERT INTO LOCATION (ID,USER_ID,COORDINATE_ID,RADIUS_METERS,NAME) VALUES (1877,501,39,4208,'Pollein');
INSERT INTO LOCATION (ID,USER_ID,COORDINATE_ID,RADIUS_METERS,NAME) VALUES (1878,458,13,4171,'Bozeman');
INSERT INTO LOCATION (ID,USER_ID,COORDINATE_ID,RADIUS_METERS,NAME) VALUES (1879,901,51,8883,'Frauenkirchen');
INSERT INTO LOCATION (ID,USER_ID,COORDINATE_ID,RADIUS_METERS,NAME) VALUES (1880,845,46,3693,'Ujjain');
INSERT INTO LOCATION (ID,USER_ID,COORDINATE_ID,RADIUS_METERS,NAME) VALUES (1881,71,13,1159,'Villa Latina');
INSERT INTO LOCATION (ID,USER_ID,COORDINATE_ID,RADIUS_METERS,NAME) VALUES (1882,564,46,8691,'Vetlanda');
INSERT INTO LOCATION (ID,USER_ID,COORDINATE_ID,RADIUS_METERS,NAME) VALUES (1883,123,18,7237,'Wolfsberg');
INSERT INTO LOCATION (ID,USER_ID,COORDINATE_ID,RADIUS_METERS,NAME) VALUES (1884,867,74,9403,'Haldia');
INSERT INTO LOCATION (ID,USER_ID,COORDINATE_ID,RADIUS_METERS,NAME) VALUES (1885,211,92,3723,'Colonnella');
INSERT INTO LOCATION (ID,USER_ID,COORDINATE_ID,RADIUS_METERS,NAME) VALUES (1886,110,52,5441,'Vinci');
INSERT INTO LOCATION (ID,USER_ID,COORDINATE_ID,RADIUS_METERS,NAME) VALUES (1887,179,59,2400,'l''Ecluse');
INSERT INTO LOCATION (ID,USER_ID,COORDINATE_ID,RADIUS_METERS,NAME) VALUES (1888,803,26,2197,'Santa Cruz');
INSERT INTO LOCATION (ID,USER_ID,COORDINATE_ID,RADIUS_METERS,NAME) VALUES (1889,603,16,2471,'Aschaffenburg');
INSERT INTO LOCATION (ID,USER_ID,COORDINATE_ID,RADIUS_METERS,NAME) VALUES (1890,183,95,8141,'Saint-Di-des-Vosges');
INSERT INTO LOCATION (ID,USER_ID,COORDINATE_ID,RADIUS_METERS,NAME) VALUES (1891,648,11,6096,'Ham-sur-Heure');
INSERT INTO LOCATION (ID,USER_ID,COORDINATE_ID,RADIUS_METERS,NAME) VALUES (1892,703,37,4804,'Ro Ibez');
INSERT INTO LOCATION (ID,USER_ID,COORDINATE_ID,RADIUS_METERS,NAME) VALUES (1893,310,29,3701,'Milano');
INSERT INTO LOCATION (ID,USER_ID,COORDINATE_ID,RADIUS_METERS,NAME) VALUES (1894,588,90,9011,'Westerlo');
INSERT INTO LOCATION (ID,USER_ID,COORDINATE_ID,RADIUS_METERS,NAME) VALUES (1895,497,59,6006,'Tramutola');
INSERT INTO LOCATION (ID,USER_ID,COORDINATE_ID,RADIUS_METERS,NAME) VALUES (1896,545,10,3032,'Kelowna');
INSERT INTO LOCATION (ID,USER_ID,COORDINATE_ID,RADIUS_METERS,NAME) VALUES (1897,467,38,1170,'Corral');
INSERT INTO LOCATION (ID,USER_ID,COORDINATE_ID,RADIUS_METERS,NAME) VALUES (1898,415,53,5102,'Kzlcahamam');
INSERT INTO LOCATION (ID,USER_ID,COORDINATE_ID,RADIUS_METERS,NAME) VALUES (1899,426,72,6918,'Shrewsbury');
INSERT INTO LOCATION (ID,USER_ID,COORDINATE_ID,RADIUS_METERS,NAME) VALUES (1900,906,86,157,'Coventry');
INSERT INTO LOCATION (ID,USER_ID,COORDINATE_ID,RADIUS_METERS,NAME) VALUES (1901,538,98,8549,'Bedollo');
INSERT INTO LOCATION (ID,USER_ID,COORDINATE_ID,RADIUS_METERS,NAME) VALUES (1902,404,37,2450,'Pao do Lumiar');
INSERT INTO LOCATION (ID,USER_ID,COORDINATE_ID,RADIUS_METERS,NAME) VALUES (1903,350,51,3758,'Sderhamn');
INSERT INTO LOCATION (ID,USER_ID,COORDINATE_ID,RADIUS_METERS,NAME) VALUES (1904,106,9,2374,'Chilln');
INSERT INTO LOCATION (ID,USER_ID,COORDINATE_ID,RADIUS_METERS,NAME) VALUES (1905,698,97,913,'Massenhoven');
INSERT INTO LOCATION (ID,USER_ID,COORDINATE_ID,RADIUS_METERS,NAME) VALUES (1906,34,46,7992,'Reno');
INSERT INTO LOCATION (ID,USER_ID,COORDINATE_ID,RADIUS_METERS,NAME) VALUES (1907,297,25,444,'Guardia Perticara');
INSERT INTO LOCATION (ID,USER_ID,COORDINATE_ID,RADIUS_METERS,NAME) VALUES (1908,589,49,5138,'Schwaz');
INSERT INTO LOCATION (ID,USER_ID,COORDINATE_ID,RADIUS_METERS,NAME) VALUES (1909,440,16,8267,'Latur');
INSERT INTO LOCATION (ID,USER_ID,COORDINATE_ID,RADIUS_METERS,NAME) VALUES (1910,909,19,1438,'Broechem');
INSERT INTO LOCATION (ID,USER_ID,COORDINATE_ID,RADIUS_METERS,NAME) VALUES (1911,865,35,6263,'Daiano');
INSERT INTO LOCATION (ID,USER_ID,COORDINATE_ID,RADIUS_METERS,NAME) VALUES (1912,329,77,4821,'Walhain-Saint-Paul');
INSERT INTO LOCATION (ID,USER_ID,COORDINATE_ID,RADIUS_METERS,NAME) VALUES (1913,16,7,6045,'Annapolis');
INSERT INTO LOCATION (ID,USER_ID,COORDINATE_ID,RADIUS_METERS,NAME) VALUES (1914,289,28,3322,'Gloucester');
INSERT INTO LOCATION (ID,USER_ID,COORDINATE_ID,RADIUS_METERS,NAME) VALUES (1915,115,91,5889,'Amroha');
INSERT INTO LOCATION (ID,USER_ID,COORDINATE_ID,RADIUS_METERS,NAME) VALUES (1916,890,37,5622,'Campbelltown');
INSERT INTO LOCATION (ID,USER_ID,COORDINATE_ID,RADIUS_METERS,NAME) VALUES (1917,372,90,2252,'Napier');
INSERT INTO LOCATION (ID,USER_ID,COORDINATE_ID,RADIUS_METERS,NAME) VALUES (1918,568,76,366,'Petit-Hallet');
INSERT INTO LOCATION (ID,USER_ID,COORDINATE_ID,RADIUS_METERS,NAME) VALUES (1919,979,44,8271,'Gjoa Haven');
INSERT INTO LOCATION (ID,USER_ID,COORDINATE_ID,RADIUS_METERS,NAME) VALUES (1920,473,72,8286,'Tamworth');
INSERT INTO LOCATION (ID,USER_ID,COORDINATE_ID,RADIUS_METERS,NAME) VALUES (1921,484,31,5320,'Osimo');
INSERT INTO LOCATION (ID,USER_ID,COORDINATE_ID,RADIUS_METERS,NAME) VALUES (1922,870,58,4026,'Pointe-aux-Trembles');
INSERT INTO LOCATION (ID,USER_ID,COORDINATE_ID,RADIUS_METERS,NAME) VALUES (1923,117,52,3125,'Bath');
INSERT INTO LOCATION (ID,USER_ID,COORDINATE_ID,RADIUS_METERS,NAME) VALUES (1924,82,85,5325,'Bastia Umbra');
INSERT INTO LOCATION (ID,USER_ID,COORDINATE_ID,RADIUS_METERS,NAME) VALUES (1925,864,27,6709,'Pincher Creek');
INSERT INTO LOCATION (ID,USER_ID,COORDINATE_ID,RADIUS_METERS,NAME) VALUES (1926,491,95,3715,'Villa Santo Stefano');
INSERT INTO LOCATION (ID,USER_ID,COORDINATE_ID,RADIUS_METERS,NAME) VALUES (1927,87,70,7728,'Kircudbright');
INSERT INTO LOCATION (ID,USER_ID,COORDINATE_ID,RADIUS_METERS,NAME) VALUES (1928,358,79,8082,'Weienfels');
INSERT INTO LOCATION (ID,USER_ID,COORDINATE_ID,RADIUS_METERS,NAME) VALUES (1929,871,64,6930,'Bonavista');
INSERT INTO LOCATION (ID,USER_ID,COORDINATE_ID,RADIUS_METERS,NAME) VALUES (1930,789,10,940,'Nuraminis');
INSERT INTO LOCATION (ID,USER_ID,COORDINATE_ID,RADIUS_METERS,NAME) VALUES (1931,188,53,4353,'Sart-Dames-Avelines');
INSERT INTO LOCATION (ID,USER_ID,COORDINATE_ID,RADIUS_METERS,NAME) VALUES (1932,908,6,5013,'Cache Creek');
INSERT INTO LOCATION (ID,USER_ID,COORDINATE_ID,RADIUS_METERS,NAME) VALUES (1933,463,86,3875,'Hattersheim am Main');
INSERT INTO LOCATION (ID,USER_ID,COORDINATE_ID,RADIUS_METERS,NAME) VALUES (1934,196,33,8565,'Cargovil');
INSERT INTO LOCATION (ID,USER_ID,COORDINATE_ID,RADIUS_METERS,NAME) VALUES (1935,62,79,5871,'Siliguri');
INSERT INTO LOCATION (ID,USER_ID,COORDINATE_ID,RADIUS_METERS,NAME) VALUES (1936,582,89,9365,'Neufeld an der Leitha');
INSERT INTO LOCATION (ID,USER_ID,COORDINATE_ID,RADIUS_METERS,NAME) VALUES (1937,766,60,4971,'Dhanbad');
INSERT INTO LOCATION (ID,USER_ID,COORDINATE_ID,RADIUS_METERS,NAME) VALUES (1938,717,74,65,'Ashoknagar-Kalyangarh');
INSERT INTO LOCATION (ID,USER_ID,COORDINATE_ID,RADIUS_METERS,NAME) VALUES (1939,511,3,6066,'Wolfville');
INSERT INTO LOCATION (ID,USER_ID,COORDINATE_ID,RADIUS_METERS,NAME) VALUES (1940,266,31,9868,'Pelluhue');
INSERT INTO LOCATION (ID,USER_ID,COORDINATE_ID,RADIUS_METERS,NAME) VALUES (1941,828,60,5724,'Teodoro Schmidt');
INSERT INTO LOCATION (ID,USER_ID,COORDINATE_ID,RADIUS_METERS,NAME) VALUES (1942,561,65,3710,'Berwick-upon-Tweed');
INSERT INTO LOCATION (ID,USER_ID,COORDINATE_ID,RADIUS_METERS,NAME) VALUES (1943,98,71,2832,'Loupoigne');
INSERT INTO LOCATION (ID,USER_ID,COORDINATE_ID,RADIUS_METERS,NAME) VALUES (1944,797,13,4737,'Invergordon');
INSERT INTO LOCATION (ID,USER_ID,COORDINATE_ID,RADIUS_METERS,NAME) VALUES (1945,205,71,5292,'Vichuqun');
INSERT INTO LOCATION (ID,USER_ID,COORDINATE_ID,RADIUS_METERS,NAME) VALUES (1946,67,28,6619,'Parndorf');
INSERT INTO LOCATION (ID,USER_ID,COORDINATE_ID,RADIUS_METERS,NAME) VALUES (1947,313,35,9519,'Poggiorsini');
INSERT INTO LOCATION (ID,USER_ID,COORDINATE_ID,RADIUS_METERS,NAME) VALUES (1948,114,18,3239,'Mayerthorpe');
INSERT INTO LOCATION (ID,USER_ID,COORDINATE_ID,RADIUS_METERS,NAME) VALUES (1949,684,6,1882,'Lier');
INSERT INTO LOCATION (ID,USER_ID,COORDINATE_ID,RADIUS_METERS,NAME) VALUES (1950,490,47,7090,'Coltauco');
INSERT INTO LOCATION (ID,USER_ID,COORDINATE_ID,RADIUS_METERS,NAME) VALUES (1951,526,35,4958,'Fort St. John');
INSERT INTO LOCATION (ID,USER_ID,COORDINATE_ID,RADIUS_METERS,NAME) VALUES (1952,502,94,3515,'Llanelli');
INSERT INTO LOCATION (ID,USER_ID,COORDINATE_ID,RADIUS_METERS,NAME) VALUES (1953,895,28,5414,'Ledeberg');
INSERT INTO LOCATION (ID,USER_ID,COORDINATE_ID,RADIUS_METERS,NAME) VALUES (1954,368,77,3169,'Balsas');
INSERT INTO LOCATION (ID,USER_ID,COORDINATE_ID,RADIUS_METERS,NAME) VALUES (1955,310,66,593,'Almera');
INSERT INTO LOCATION (ID,USER_ID,COORDINATE_ID,RADIUS_METERS,NAME) VALUES (1956,306,99,5058,'Glauchau');
INSERT INTO LOCATION (ID,USER_ID,COORDINATE_ID,RADIUS_METERS,NAME) VALUES (1957,701,34,8225,'Pike Creek');
INSERT INTO LOCATION (ID,USER_ID,COORDINATE_ID,RADIUS_METERS,NAME) VALUES (1958,460,45,5524,'Sars-la-Buissire');
INSERT INTO LOCATION (ID,USER_ID,COORDINATE_ID,RADIUS_METERS,NAME) VALUES (1959,247,67,1561,'Wommelgem');
INSERT INTO LOCATION (ID,USER_ID,COORDINATE_ID,RADIUS_METERS,NAME) VALUES (1960,633,99,8424,'Ussassai');
INSERT INTO LOCATION (ID,USER_ID,COORDINATE_ID,RADIUS_METERS,NAME) VALUES (1961,327,51,476,'Rouvroy');
INSERT INTO LOCATION (ID,USER_ID,COORDINATE_ID,RADIUS_METERS,NAME) VALUES (1962,791,6,1014,'Toernich');
INSERT INTO LOCATION (ID,USER_ID,COORDINATE_ID,RADIUS_METERS,NAME) VALUES (1963,31,81,2209,'Mold');
INSERT INTO LOCATION (ID,USER_ID,COORDINATE_ID,RADIUS_METERS,NAME) VALUES (1964,348,59,6990,'Tilly');
INSERT INTO LOCATION (ID,USER_ID,COORDINATE_ID,RADIUS_METERS,NAME) VALUES (1965,396,27,5951,'Schleswig');
INSERT INTO LOCATION (ID,USER_ID,COORDINATE_ID,RADIUS_METERS,NAME) VALUES (1966,716,91,153,'Galashiels');
INSERT INTO LOCATION (ID,USER_ID,COORDINATE_ID,RADIUS_METERS,NAME) VALUES (1967,333,52,6356,'Mercedes');
INSERT INTO LOCATION (ID,USER_ID,COORDINATE_ID,RADIUS_METERS,NAME) VALUES (1968,818,43,104,'Fort Simpson');
INSERT INTO LOCATION (ID,USER_ID,COORDINATE_ID,RADIUS_METERS,NAME) VALUES (1969,411,23,9914,'Hamoir');
INSERT INTO LOCATION (ID,USER_ID,COORDINATE_ID,RADIUS_METERS,NAME) VALUES (1970,863,46,5672,'Newark');
INSERT INTO LOCATION (ID,USER_ID,COORDINATE_ID,RADIUS_METERS,NAME) VALUES (1971,685,93,4478,'Deline');
INSERT INTO LOCATION (ID,USER_ID,COORDINATE_ID,RADIUS_METERS,NAME) VALUES (1972,428,6,4651,'Gaasbeek');
INSERT INTO LOCATION (ID,USER_ID,COORDINATE_ID,RADIUS_METERS,NAME) VALUES (1973,561,63,9748,'Armungia');
INSERT INTO LOCATION (ID,USER_ID,COORDINATE_ID,RADIUS_METERS,NAME) VALUES (1974,352,50,3235,'Haddington');
INSERT INTO LOCATION (ID,USER_ID,COORDINATE_ID,RADIUS_METERS,NAME) VALUES (1975,701,48,9588,'Villanovafranca');
INSERT INTO LOCATION (ID,USER_ID,COORDINATE_ID,RADIUS_METERS,NAME) VALUES (1976,861,23,4785,'Macduff');
INSERT INTO LOCATION (ID,USER_ID,COORDINATE_ID,RADIUS_METERS,NAME) VALUES (1977,123,84,3869,'Eckville');
INSERT INTO LOCATION (ID,USER_ID,COORDINATE_ID,RADIUS_METERS,NAME) VALUES (1978,281,23,1270,'Ludvika');
INSERT INTO LOCATION (ID,USER_ID,COORDINATE_ID,RADIUS_METERS,NAME) VALUES (1979,736,99,4017,'Graneros');
INSERT INTO LOCATION (ID,USER_ID,COORDINATE_ID,RADIUS_METERS,NAME) VALUES (1980,188,8,6514,'Ancud');
INSERT INTO LOCATION (ID,USER_ID,COORDINATE_ID,RADIUS_METERS,NAME) VALUES (1981,761,34,6952,'San Pedro de Atacama');
INSERT INTO LOCATION (ID,USER_ID,COORDINATE_ID,RADIUS_METERS,NAME) VALUES (1982,677,69,6767,'Futaleuf');
INSERT INTO LOCATION (ID,USER_ID,COORDINATE_ID,RADIUS_METERS,NAME) VALUES (1983,382,43,8862,'Eghezee');
INSERT INTO LOCATION (ID,USER_ID,COORDINATE_ID,RADIUS_METERS,NAME) VALUES (1984,243,22,9954,'Rod Milici');
INSERT INTO LOCATION (ID,USER_ID,COORDINATE_ID,RADIUS_METERS,NAME) VALUES (1985,256,20,5702,'Governador Valadares');
INSERT INTO LOCATION (ID,USER_ID,COORDINATE_ID,RADIUS_METERS,NAME) VALUES (1986,902,44,5670,'Strausberg');
INSERT INTO LOCATION (ID,USER_ID,COORDINATE_ID,RADIUS_METERS,NAME) VALUES (1987,302,85,7639,'San Pancrazio Salentino');
INSERT INTO LOCATION (ID,USER_ID,COORDINATE_ID,RADIUS_METERS,NAME) VALUES (1988,517,6,9352,'Rodengo/Rodeneck');
INSERT INTO LOCATION (ID,USER_ID,COORDINATE_ID,RADIUS_METERS,NAME) VALUES (1989,396,70,9669,'Bilaspur');
INSERT INTO LOCATION (ID,USER_ID,COORDINATE_ID,RADIUS_METERS,NAME) VALUES (1990,643,34,6384,'Llanelli');
INSERT INTO LOCATION (ID,USER_ID,COORDINATE_ID,RADIUS_METERS,NAME) VALUES (1991,511,56,2370,'Hillsboro');
INSERT INTO LOCATION (ID,USER_ID,COORDINATE_ID,RADIUS_METERS,NAME) VALUES (1992,988,28,6850,'Berwick');
INSERT INTO LOCATION (ID,USER_ID,COORDINATE_ID,RADIUS_METERS,NAME) VALUES (1993,798,65,3311,'Patalillo');
INSERT INTO LOCATION (ID,USER_ID,COORDINATE_ID,RADIUS_METERS,NAME) VALUES (1994,451,19,4488,'Norderstedt');
INSERT INTO LOCATION (ID,USER_ID,COORDINATE_ID,RADIUS_METERS,NAME) VALUES (1995,948,5,6014,'Kitimat');
INSERT INTO LOCATION (ID,USER_ID,COORDINATE_ID,RADIUS_METERS,NAME) VALUES (1996,64,27,8570,'Moorsel');
INSERT INTO LOCATION (ID,USER_ID,COORDINATE_ID,RADIUS_METERS,NAME) VALUES (1997,988,9,6714,'iqun');
INSERT INTO LOCATION (ID,USER_ID,COORDINATE_ID,RADIUS_METERS,NAME) VALUES (1998,605,61,2982,'Tby');
INSERT INTO LOCATION (ID,USER_ID,COORDINATE_ID,RADIUS_METERS,NAME) VALUES (1999,721,59,208,'Castiglione del Lago');
INSERT INTO LOCATION (ID,USER_ID,COORDINATE_ID,RADIUS_METERS,NAME) VALUES (2000,86,50,180,'Garbsen');
INSERT INTO LOCATION (ID,USER_ID,COORDINATE_ID,RADIUS_METERS,NAME) VALUES (2001,11,15,9,'Godhra');
INSERT INTO LOCATION (ID,USER_ID,COORDINATE_ID,RADIUS_METERS,NAME) VALUES (2002,546,96,6415,'Mandasor');

--==========================  Participant Data  =====================--

--==========================  ProfileLine Data  =====================--

INSERT INTO PROFILE_LINK (ID, USER_ID_1,USER_ID_2,CREATOR_ID,IS_GOOD,REASON) VALUES (5,478,567,955,0,'quis arcu vel quam dignissim pharetra. Nam ac nulla. In tincidunt');
INSERT INTO PROFILE_LINK (ID, USER_ID_1,USER_ID_2,CREATOR_ID,IS_GOOD,REASON) VALUES (6,496,641,608,0,'velit eu sem. Pellentesque ut ipsum ac mi eleifend');
INSERT INTO PROFILE_LINK (ID, USER_ID_1,USER_ID_2,CREATOR_ID,IS_GOOD,REASON) VALUES (7,666,319,797,0,'vulputate, lacus. Cras interdum. Nunc sollicitudin commodo ipsum. Suspendisse non leo. Vivamus nibh dolor, nonummy ac, feugiat non, lobortis quis,');
INSERT INTO PROFILE_LINK (ID, USER_ID_1,USER_ID_2,CREATOR_ID,IS_GOOD,REASON) VALUES (8,395,650,410,1,'arcu. Sed eu nibh vulputate mauris sagittis placerat. Cras');
INSERT INTO PROFILE_LINK (ID, USER_ID_1,USER_ID_2,CREATOR_ID,IS_GOOD,REASON) VALUES (9,372,576,437,0,'Duis gravida. Praesent eu nulla at sem molestie sodales. Mauris blandit');
INSERT INTO PROFILE_LINK (ID, USER_ID_1,USER_ID_2,CREATOR_ID,IS_GOOD,REASON) VALUES (10,319,644,13,0,'viverra. Donec tempus, lorem fringilla ornare placerat, orci lacus vestibulum lorem, sit amet ultricies sem magna nec quam.');
INSERT INTO PROFILE_LINK (ID, USER_ID_1,USER_ID_2,CREATOR_ID,IS_GOOD,REASON) VALUES (11,585,748,784,1,'lorem lorem, luctus ut, pellentesque eget, dictum placerat, augue.');
INSERT INTO PROFILE_LINK (ID, USER_ID_1,USER_ID_2,CREATOR_ID,IS_GOOD,REASON) VALUES (12,684,297,642,1,'facilisis. Suspendisse commodo tincidunt nibh. Phasellus nulla. Integer vulputate, risus a ultricies adipiscing, enim');
INSERT INTO PROFILE_LINK (ID, USER_ID_1,USER_ID_2,CREATOR_ID,IS_GOOD,REASON) VALUES (13,469,410,447,0,'amet metus. Aliquam erat volutpat. Nulla facilisis. Suspendisse commodo tincidunt nibh. Phasellus nulla. Integer vulputate, risus a');
INSERT INTO PROFILE_LINK (ID, USER_ID_1,USER_ID_2,CREATOR_ID,IS_GOOD,REASON) VALUES (14,644,332,917,0,'dictum eu, placerat eget, venenatis a, magna. Lorem ipsum dolor sit amet, consectetuer adipiscing elit. Etiam');
INSERT INTO PROFILE_LINK (ID, USER_ID_1,USER_ID_2,CREATOR_ID,IS_GOOD,REASON) VALUES (15,351,681,994,0,'a neque. Nullam ut nisi a odio semper');
INSERT INTO PROFILE_LINK (ID, USER_ID_1,USER_ID_2,CREATOR_ID,IS_GOOD,REASON) VALUES (16,377,584,658,1,'ac tellus. Suspendisse sed dolor. Fusce mi lorem, vehicula et, rutrum');
INSERT INTO PROFILE_LINK (ID, USER_ID_1,USER_ID_2,CREATOR_ID,IS_GOOD,REASON) VALUES (17,276,264,11,1,'Fusce aliquet magna a neque. Nullam ut nisi a odio semper');
INSERT INTO PROFILE_LINK (ID, USER_ID_1,USER_ID_2,CREATOR_ID,IS_GOOD,REASON) VALUES (18,342,313,216,0,'Nulla tempor augue ac ipsum. Phasellus vitae mauris sit amet lorem semper auctor. Mauris vel turpis. Aliquam adipiscing lobortis');
INSERT INTO PROFILE_LINK (ID, USER_ID_1,USER_ID_2,CREATOR_ID,IS_GOOD,REASON) VALUES (19,429,301,822,0,'Proin ultrices. Duis volutpat nunc sit amet metus. Aliquam erat volutpat. Nulla');
INSERT INTO PROFILE_LINK (ID, USER_ID_1,USER_ID_2,CREATOR_ID,IS_GOOD,REASON) VALUES (20,469,445,771,0,'lectus ante dictum mi, ac mattis velit justo nec ante. Maecenas mi felis, adipiscing fringilla, porttitor vulputate, posuere vulputate,');
INSERT INTO PROFILE_LINK (ID, USER_ID_1,USER_ID_2,CREATOR_ID,IS_GOOD,REASON) VALUES (21,573,332,592,0,'commodo auctor velit. Aliquam nisl. Nulla eu neque pellentesque massa lobortis ultrices. Vivamus rhoncus. Donec est.');
INSERT INTO PROFILE_LINK (ID, USER_ID_1,USER_ID_2,CREATOR_ID,IS_GOOD,REASON) VALUES (22,649,389,316,1,'Donec tempus, lorem fringilla ornare placerat, orci lacus vestibulum');
INSERT INTO PROFILE_LINK (ID, USER_ID_1,USER_ID_2,CREATOR_ID,IS_GOOD,REASON) VALUES (23,615,734,539,1,'dignissim tempor arcu. Vestibulum ut');
INSERT INTO PROFILE_LINK (ID, USER_ID_1,USER_ID_2,CREATOR_ID,IS_GOOD,REASON) VALUES (24,573,265,239,0,'arcu iaculis enim, sit amet ornare lectus justo eu arcu. Morbi sit amet massa. Quisque porttitor');
INSERT INTO PROFILE_LINK (ID, USER_ID_1,USER_ID_2,CREATOR_ID,IS_GOOD,REASON) VALUES (25,613,701,116,0,'Sed nunc est, mollis non, cursus non, egestas a, dui. Cras pellentesque.');
INSERT INTO PROFILE_LINK (ID, USER_ID_1,USER_ID_2,CREATOR_ID,IS_GOOD,REASON) VALUES (26,703,332,200,0,'Sed molestie. Sed id risus quis diam luctus lobortis. Class aptent taciti sociosqu ad litora torquent per conubia nostra, per');
INSERT INTO PROFILE_LINK (ID, USER_ID_1,USER_ID_2,CREATOR_ID,IS_GOOD,REASON) VALUES (27,485,655,876,1,'aliquam iaculis, lacus pede sagittis augue,');
INSERT INTO PROFILE_LINK (ID, USER_ID_1,USER_ID_2,CREATOR_ID,IS_GOOD,REASON) VALUES (28,565,265,569,0,'Fusce fermentum fermentum arcu. Vestibulum ante ipsum primis in faucibus orci luctus et ultrices posuere');
INSERT INTO PROFILE_LINK (ID, USER_ID_1,USER_ID_2,CREATOR_ID,IS_GOOD,REASON) VALUES (29,638,580,658,0,'erat. Etiam vestibulum massa rutrum magna. Cras convallis convallis dolor. Quisque tincidunt pede ac urna. Ut');
INSERT INTO PROFILE_LINK (ID, USER_ID_1,USER_ID_2,CREATOR_ID,IS_GOOD,REASON) VALUES (20,693,309,935,0,'magna. Ut tincidunt orci quis lectus. Nullam suscipit, est ac facilisis facilisis, magna tellus faucibus leo, in');
INSERT INTO PROFILE_LINK (ID, USER_ID_1,USER_ID_2,CREATOR_ID,IS_GOOD,REASON) VALUES (31,364,375,75,1,'ligula consectetuer rhoncus. Nullam velit dui, semper et, lacinia vitae, sodales at, velit. Pellentesque ultricies dignissim');
INSERT INTO PROFILE_LINK (ID, USER_ID_1,USER_ID_2,CREATOR_ID,IS_GOOD,REASON) VALUES (32,273,565,117,0,'hymenaeos. Mauris ut quam vel sapien imperdiet ornare. In faucibus. Morbi vehicula. Pellentesque tincidunt tempus risus. Donec egestas. Duis ac');
INSERT INTO PROFILE_LINK (ID, USER_ID_1,USER_ID_2,CREATOR_ID,IS_GOOD,REASON) VALUES (33,710,532,812,1,'lobortis quis, pede. Suspendisse dui. Fusce diam');
INSERT INTO PROFILE_LINK (ID, USER_ID_1,USER_ID_2,CREATOR_ID,IS_GOOD,REASON) VALUES (34,536,419,869,0,'erat eget ipsum. Suspendisse sagittis. Nullam vitae diam. Proin dolor. Nulla');
INSERT INTO PROFILE_LINK (ID, USER_ID_1,USER_ID_2,CREATOR_ID,IS_GOOD,REASON) VALUES (35,620,436,494,0,'sollicitudin a, malesuada id, erat. Etiam vestibulum massa rutrum magna. Cras convallis convallis dolor. Quisque tincidunt pede ac urna. Ut');
INSERT INTO PROFILE_LINK (ID, USER_ID_1,USER_ID_2,CREATOR_ID,IS_GOOD,REASON) VALUES (36,314,273,828,0,'fermentum risus, at fringilla purus mauris a nunc. In at pede. Cras vulputate velit eu sem. Pellentesque ut');
INSERT INTO PROFILE_LINK (ID, USER_ID_1,USER_ID_2,CREATOR_ID,IS_GOOD,REASON) VALUES (37,598,608,933,0,'nec quam. Curabitur vel lectus. Cum sociis natoque penatibus et magnis');
INSERT INTO PROFILE_LINK (ID, USER_ID_1,USER_ID_2,CREATOR_ID,IS_GOOD,REASON) VALUES (38,624,485,950,1,'tempor bibendum. Donec felis orci, adipiscing non, luctus sit amet,');
INSERT INTO PROFILE_LINK (ID, USER_ID_1,USER_ID_2,CREATOR_ID,IS_GOOD,REASON) VALUES (39,638,410,884,0,'luctus. Curabitur egestas nunc sed libero.');
INSERT INTO PROFILE_LINK (ID, USER_ID_1,USER_ID_2,CREATOR_ID,IS_GOOD,REASON) VALUES (40,314,498,591,0,'felis ullamcorper viverra. Maecenas iaculis aliquet diam. Sed diam lorem, auctor quis, tristique ac, eleifend vitae, erat. Vivamus nisi.');
INSERT INTO PROFILE_LINK (ID, USER_ID_1,USER_ID_2,CREATOR_ID,IS_GOOD,REASON) VALUES (41,564,444,952,1,'congue a, aliquet vel, vulputate eu, odio.');
INSERT INTO PROFILE_LINK (ID, USER_ID_1,USER_ID_2,CREATOR_ID,IS_GOOD,REASON) VALUES (42,299,653,53,1,'lectus pede et risus. Quisque');
INSERT INTO PROFILE_LINK (ID, USER_ID_1,USER_ID_2,CREATOR_ID,IS_GOOD,REASON) VALUES (43,556,324,896,1,'blandit viverra. Donec tempus, lorem fringilla ornare placerat, orci lacus vestibulum lorem, sit amet ultricies sem magna nec quam. Curabitur');
INSERT INTO PROFILE_LINK (ID, USER_ID_1,USER_ID_2,CREATOR_ID,IS_GOOD,REASON) VALUES (44,314,742,113,0,'tristique senectus et netus et malesuada fames ac turpis egestas. Aliquam');
INSERT INTO PROFILE_LINK (ID, USER_ID_1,USER_ID_2,CREATOR_ID,IS_GOOD,REASON) VALUES (45,320,314,144,0,'ante blandit viverra. Donec tempus,');
INSERT INTO PROFILE_LINK (ID, USER_ID_1,USER_ID_2,CREATOR_ID,IS_GOOD,REASON) VALUES (46,345,691,719,1,'pretium aliquet, metus urna convallis erat, eget tincidunt dui augue eu tellus. Phasellus elit pede, malesuada');
INSERT INTO PROFILE_LINK (ID, USER_ID_1,USER_ID_2,CREATOR_ID,IS_GOOD,REASON) VALUES (47,385,635,837,0,'Nunc commodo auctor velit. Aliquam nisl. Nulla eu neque pellentesque massa lobortis ultrices. Vivamus rhoncus. Donec est. Nunc ullamcorper,');
INSERT INTO PROFILE_LINK (ID, USER_ID_1,USER_ID_2,CREATOR_ID,IS_GOOD,REASON) VALUES (48,257,563,700,0,'dolor. Fusce mi lorem, vehicula et, rutrum eu, ultrices sit amet, risus. Donec nibh enim, gravida sit amet, dapibus id,');
INSERT INTO PROFILE_LINK (ID, USER_ID_1,USER_ID_2,CREATOR_ID,IS_GOOD,REASON) VALUES (49,727,352,898,0,'erat semper rutrum. Fusce dolor quam, elementum at, egestas a, scelerisque sed, sapien.');
INSERT INTO PROFILE_LINK (ID, USER_ID_1,USER_ID_2,CREATOR_ID,IS_GOOD,REASON) VALUES (50,277,601,608,1,'sodales elit erat vitae risus. Duis a mi fringilla mi lacinia mattis. Integer eu');
INSERT INTO PROFILE_LINK (ID, USER_ID_1,USER_ID_2,CREATOR_ID,IS_GOOD,REASON) VALUES (51,737,393,201,1,'eros nec tellus. Nunc lectus pede, ultrices');
INSERT INTO PROFILE_LINK (ID, USER_ID_1,USER_ID_2,CREATOR_ID,IS_GOOD,REASON) VALUES (52,695,403,809,1,'mauris ipsum porta elit, a feugiat tellus lorem eu metus. In lorem. Donec elementum, lorem ut aliquam iaculis, lacus pede');
INSERT INTO PROFILE_LINK (ID, USER_ID_1,USER_ID_2,CREATOR_ID,IS_GOOD,REASON) VALUES (53,443,629,664,1,'Proin ultrices. Duis volutpat nunc sit amet metus. Aliquam erat volutpat. Nulla facilisis. Suspendisse commodo');
INSERT INTO PROFILE_LINK (ID, USER_ID_1,USER_ID_2,CREATOR_ID,IS_GOOD,REASON) VALUES (54,304,289,630,1,'volutpat. Nulla dignissim. Maecenas ornare egestas ligula. Nullam feugiat placerat velit.');

--==========================  Rating Data  =====================--

--==========================  TABLES  =====================--
